Timestamp,ADC_KIRI,ADC_KANAN
0.0,2066,2059
0.003906504329708966,2058,2053
0.007813008659417931,2077,2076
0.011719512989126896,2092,2086
0.015626017318835863,2092,2094
0.01953252164854483,2116,2101
0.023439025978253793,2110,2101
0.02734553030796276,2102,2096
0.031252034637671726,2113,2118
0.03515853896738069,2106,2108
0.03906504329708966,2103,2097
0.042971547626798626,2108,2103
0.046878051956507585,2132,2122
0.05078455628621655,2129,2130
0.05469106061592552,2122,2119
0.058597564945634485,2139,2122
0.06250406927534345,2151,2151
0.06641057360505241,2130,2123
0.07031707793476139,2125,2122
0.07422358226447034,2129,2126
0.07813008659417932,2113,2113
0.08203659092388828,2126,2123
0.08594309525359725,2117,2112
0.08984959958330621,2086,2078
0.09375610391301517,2102,2095
0.09766260824272414,2120,2105
0.1015691125724331,2124,2108
0.10547561690214208,2133,2139
0.10938212123185104,2138,2128
0.11328862556156001,2164,2154
0.11719512989126897,2163,2154
0.12110163422097794,2148,2140
0.1250081385506869,2114,2113
0.12891464288039586,2123,2113
0.13282114721010482,2128,2117
0.1367276515398138,2124,2122
0.14063415586952277,2120,2117
0.14454066019923173,2123,2116
0.1484471645289407,2113,2107
0.15235366885864968,2144,2134
0.15626017318835864,2151,2140
0.1601666775180676,2126,2115
0.16407318184777656,2136,2140
0.16797968617748552,2140,2122
0.1718861905071945,2131,2122
0.17579269483690346,2123,2111
0.17969919916661242,2118,2105
0.18360570349632138,2129,2115
0.18751220782603034,2106,2108
0.19141871215573933,2109,2102
0.1953252164854483,2113,2104
0.19923172081515725,2138,2135
0.2031382251448662,2141,2126
0.2070447294745752,2154,2145
0.21095123380428416,2162,2150
0.21485773813399311,2158,2150
0.21876424246370207,2113,2117
0.22267074679341103,2120,2119
0.22657725112312002,2091,2074
0.23048375545282898,2083,2085
0.23439025978253794,2093,2084
0.2382967641122469,2067,2056
0.2422032684419559,2059,2064
0.24610977277166485,2051,2060
0.2500162771013738,2018,2016
0.25392278143108277,2052,2055
0.2578292857607917,2065,2060
0.2617357900905007,2044,2046
0.26564229442020965,2017,2023
0.26954879874991866,2005,1995
0.2734553030796276,1995,2001
0.2773618074093366,1995,1994
0.28126831173904554,1953,1959
0.2851748160687545,1935,1941
0.28908132039846346,1943,1954
0.2929878247281724,1957,1964
0.2968943290578814,1943,1948
0.30080083338759034,1972,1978
0.30470733771729935,1991,1999
0.3086138420470083,1977,1981
0.3125203463767173,1945,1940
0.31642685070642623,1982,1988
0.3203333550361352,1968,1970
0.32423985936584415,1957,1971
0.3281463636955531,1979,1988
0.33205286802526207,1958,1969
0.33595937235497103,1936,1943
0.33986587668468005,1965,1971
0.343772381014389,1952,1957
0.34767888534409797,1965,1971
0.3515853896738069,1977,1986
0.3554918940035159,1990,1997
0.35939839833322484,1971,1981
0.3633049026629338,1979,1977
0.36721140699264276,1965,1967
0.3711179113223517,1978,1990
0.3750244156520607,1940,1938
0.3789309199817697,1946,1948
0.38283742431147866,1935,1942
0.3867439286411876,1954,1967
0.3906504329708966,1956,1957
0.39455693730060554,1953,1964
0.3984634416303145,1972,1989
0.40236994596002346,1982,1998
0.4062764502897324,1990,1991
0.4101829546194414,1981,1991
0.4140894589491504,1978,1984
0.41799596327885935,1967,1970
0.4219024676085683,1985,1979
0.42580897193827727,1945,1965
0.42971547626798623,1954,1956
0.4336219805976952,1946,1967
0.43752848492740415,1954,1955
0.4414349892571131,1972,1988
0.44534149358682207,1962,1971
0.4492479979165311,1948,1956
0.45315450224624004,1964,1977
0.457061006575949,1987,1988
0.46096751090565796,1972,1977
0.4648740152353669,1975,1983
0.4687805195650759,1997,1995
0.47268702389478484,1980,1983
0.4765935282244938,1974,1992
0.48050003255420276,1996,2010
0.4844065368839118,1968,1977
0.48831304121362074,2016,2019
0.4922195455433297,2015,2021
0.49612604987303865,2013,2014
0.5000325542027476,2051,2045
0.5039390585324566,2070,2070
0.5078455628621655,2092,2091
0.5117520671918745,2091,2098
0.5156585715215835,2108,2099
0.5195650758512924,2119,2114
0.5234715801810014,2132,2121
0.5273780845107103,2113,2104
0.5312845888404193,2105,2098
0.5351910931701283,2114,2111
0.5390975974998373,2090,2078
0.5430041018295463,2131,2116
0.5469106061592552,2122,2111
0.5508171104889642,2120,2107
0.5547236148186732,2163,2158
0.5586301191483821,2156,2152
0.5625366234780911,2144,2134
0.5664431278078,2143,2128
0.570349632137509,2132,2120
0.574256136467218,2109,2104
0.5781626407969269,2120,2117
0.5820691451266359,2093,2077
0.5859756494563448,2111,2109
0.5898821537860538,2099,2093
0.5937886581157628,2115,2107
0.5976951624454717,2133,2116
0.6016016667751807,2101,2092
0.6055081711048896,2113,2100
0.6094146754345987,2157,2155
0.6133211797643077,2147,2136
0.6172276840940166,2150,2127
0.6211341884237256,2148,2129
0.6250406927534345,2152,2135
0.6289471970831435,2120,2109
0.6328537014128525,2121,2106
0.6367602057425614,2113,2116
0.6406667100722704,2123,2128
0.6445732144019793,2118,2119
0.6484797187316883,2114,2110
0.6523862230613973,2125,2098
0.6562927273911062,2132,2117
0.6601992317208152,2145,2146
0.6641057360505241,2130,2117
0.6680122403802331,2135,2127
0.6719187447099421,2141,2124
0.675825249039651,2126,2118
0.6797317533693601,2107,2106
0.683638257699069,2103,2098
0.687544762028778,2109,2109
0.691451266358487,2117,2107
0.6953577706881959,2122,2105
0.6992642750179049,2133,2130
0.7031707793476139,2133,2116
0.7070772836773228,2152,2138
0.7109837880070318,2147,2139
0.7148902923367407,2147,2133
0.7187967966664497,2130,2118
0.7227033009961586,2093,2079
0.7266098053258676,2105,2098
0.7305163096555766,2094,2099
0.7344228139852855,2071,2070
0.7383293183149945,2046,2043
0.7422358226447034,2045,2040
0.7461423269744124,2026,2029
0.7500488313041214,2077,2070
0.7539553356338304,2039,2040
0.7578618399635394,2045,2039
0.7617683442932484,2006,2011
0.7656748486229573,2013,2018
0.7695813529526663,2005,2015
0.7734878572823752,1968,1971
0.7773943616120842,1973,1972
0.7813008659417932,1964,1979
0.7852073702715021,1952,1961
0.7891138746012111,1948,1954
0.79302037893092,1966,1978
0.796926883260629,1957,1973
0.800833387590338,1956,1966
0.8047398919200469,1990,1989
0.8086463962497559,1986,1997
0.8125529005794648,1996,1996
0.8164594049091738,1989,1986
0.8203659092388828,1977,1990
0.8242724135685918,1958,1986
0.8281789178983008,1976,1986
0.8320854222280097,1933,1930
0.8359919265577187,1943,1960
0.8398984308874277,1917,1928
0.8438049352171366,1949,1952
0.8477114395468456,1951,1963
0.8516179438765545,1968,1985
0.8555244482062635,1980,1980
0.8594309525359725,1976,1986
0.8633374568656814,1976,1989
0.8672439611953904,1974,1984
0.8711504655250993,1949,1957
0.8750569698548083,1964,1968
0.8789634741845173,1935,1930
0.8828699785142262,1971,1976
0.8867764828439352,1972,1990
0.8906829871736441,1948,1960
0.8945894915033532,1932,1938
0.8984959958330622,1978,1992
0.9024025001627711,1968,1977
0.9063090044924801,1994,1994
0.910215508822189,2006,2012
0.914122013151898,1984,1996
0.918028517481607,1965,1966
0.9219350218113159,1991,1985
0.9258415261410249,1963,1975
0.9297480304707338,1961,1974
0.9336545348004428,1954,1980
0.9375610391301518,1955,1962
0.9414675434598607,1940,1951
0.9453740477895697,1961,1972
0.9492805521192786,1987,1986
0.9531870564489876,1977,1985
0.9570935607786966,1981,1990
0.9610000651084055,1971,1972
0.9649065694381146,1982,1991
0.9688130737678236,1996,1996
0.9727195780975325,2000,2013
0.9766260824272415,1971,1965
0.9805325867569504,2008,2013
0.9844390910866594,1987,1995
0.9883455954163683,2006,2019
0.9922520997460773,1990,2009
0.9961586040757863,2021,2030
1.0000651084054952,2054,2055
1.0039716127352043,2072,2069
1.0078781170649131,2090,2086
1.0117846213946222,2085,2084
1.015691125724331,2099,2092
1.0195976300540401,2113,2113
1.023504134383749,2084,2078
1.027410638713458,2112,2115
1.031317143043167,2108,2099
1.035223647372876,2104,2090
1.0391301517025848,2091,2087
1.043036656032294,2109,2098
1.0469431603620027,2117,2114
1.0508496646917118,2132,2130
1.0547561690214207,2151,2140
1.0586626733511297,2157,2136
1.0625691776808386,2142,2137
1.0664756820105477,2123,2126
1.0703821863402565,2148,2134
1.0742886906699656,2114,2112
1.0781951949996746,2119,2096
1.0821016993293835,2095,2090
1.0860082036590926,2121,2121
1.0899147079888014,2125,2107
1.0938212123185105,2119,2113
1.0977277166482193,2112,2116
1.1016342209779284,2142,2136
1.1055407253076373,2159,2150
1.1094472296373463,2146,2136
1.1133537339670552,2160,2141
1.1172602382967642,2162,2150
1.121166742626473,2127,2125
1.1250732469561822,2112,2099
1.128979751285891,2124,2114
1.1328862556156,2132,2126
1.136792759945309,2102,2094
1.140699264275018,2103,2091
1.144605768604727,2098,2087
1.148512272934436,2114,2099
1.152418777264145,2143,2130
1.1563252815938538,2155,2138
1.160231785923563,2134,2127
1.1641382902532718,2140,2135
1.1680447945829808,2136,2138
1.1719512989126897,2106,2094
1.1758578032423987,2124,2123
1.1797643075721076,2099,2091
1.1836708119018167,2098,2093
1.1875773162315255,2091,2085
1.1914838205612346,2124,2124
1.1953903248909434,2096,2086
1.1992968292206525,2127,2118
1.2032033335503614,2145,2137
1.2071098378800704,2145,2141
1.2110163422097793,2135,2120
1.2149228465394883,2126,2111
1.2188293508691974,2130,2130
1.2227358551989063,2108,2091
1.2266423595286153,2121,2108
1.2305488638583242,2109,2092
1.2344553681880333,2076,2060
1.238361872517742,2061,2063
1.2422683768474512,2045,2041
1.24617488117716,2067,2065
1.250081385506869,2069,2079
1.253987889836578,2033,2039
1.257894394166287,2043,2039
1.2618008984959959,2040,2038
1.265707402825705,2026,2024
1.2696139071554138,2001,2009
1.2735204114851228,1984,1993
1.2774269158148317,1985,1991
1.2813334201445408,1973,1982
1.2852399244742496,1954,1962
1.2891464288039587,1967,1973
1.2930529331336678,1959,1973
1.2969594374633766,1953,1966
1.3008659417930857,1953,1961
1.3047724461227945,1981,1980
1.3086789504525036,1974,1970
1.3125854547822124,1971,1978
1.3164919591119215,1984,1992
1.3203984634416304,1982,1990
1.3243049677713394,1959,1970
1.3282114721010483,1950,1962
1.3321179764307574,1940,1954
1.3360244807604662,1945,1960
1.3399309850901753,1939,1957
1.3438374894198841,1950,1961
1.3477439937495932,1975,1990
1.351650498079302,1982,1972
1.3555570024090111,2000,2006
1.3594635067387202,1991,1994
1.363370011068429,1988,1991
1.367276515398138,1972,1987
1.371183019727847,1983,1990
1.375089524057556,1943,1949
1.3789960283872649,1943,1958
1.382902532716974,1957,1961
1.3868090370466828,1951,1956
1.3907155413763919,1939,1953
1.3946220457061007,1945,1952
1.3985285500358098,1978,1992
1.4024350543655186,1996,2003
1.4063415586952277,1989,1984
1.4102480630249365,1965,1960
1.4141545673546456,1997,2003
1.4180610716843545,1983,2001
1.4219675760140635,1975,1985
1.4258740803437724,1982,1985
1.4297805846734815,1982,1972
1.4336870890031905,1967,1968
1.4375935933328994,1933,1945
1.4415000976626084,1937,1945
1.4454066019923173,1964,1975
1.4493131063220264,1941,1951
1.4532196106517352,1957,1964
1.4571261149814443,1981,1989
1.4610326193111531,2008,2013
1.4649391236408622,2003,2002
1.468845627970571,2003,2013
1.4727521323002801,1976,1985
1.476658636629989,1998,2002
1.480565140959698,1998,2006
1.484471645289407,1977,1989
1.488378149619116,1981,1989
1.4922846539488248,2021,2030
1.4961911582785339,2013,2007
1.5000976626082427,2058,2054
1.5040041669379518,2076,2073
1.5079106712676609,2103,2095
1.5118171755973697,2083,2081
1.5157236799270788,2118,2112
1.5196301842567876,2085,2086
1.5235366885864967,2114,2114
1.5274431929162056,2128,2127
1.5313496972459146,2096,2095
1.5352562015756235,2110,2100
1.5391627059053326,2100,2094
1.5430692102350414,2115,2109
1.5469757145647505,2104,2088
1.5508822188944593,2108,2099
1.5547887232241684,2155,2149
1.5586952275538772,2155,2138
1.5626017318835863,2150,2142
1.5665082362132952,2142,2142
1.5704147405430042,2145,2135
1.5743212448727133,2131,2119
1.5782277492024221,2103,2102
1.5821342535321312,2106,2104
1.58604075786184,2104,2101
1.5899472621915491,2091,2095
1.593853766521258,2107,2101
1.597760270850967,2121,2111
1.601666775180676,2134,2140
1.605573279510385,2128,2119
1.6094797838400938,2143,2141
1.613386288169803,2144,2139
1.6172927924995117,2140,2135
1.6211992968292208,2119,2105
1.6251058011589297,2107,2108
1.6290123054886387,2130,2117
1.6329188098183476,2115,2108
1.6368253141480567,2090,2086
1.6407318184777655,2110,2121
1.6446383228074746,2100,2096
1.6485448271371836,2121,2110
1.6524513314668925,2119,2105
1.6563578357966016,2148,2142
1.6602643401263104,2139,2141
1.6641708444560195,2147,2140
1.6680773487857283,2124,2123
1.6719838531154374,2122,2112
1.6758903574451463,2100,2087
1.6797968617748553,2107,2103
1.6837033661045642,2094,2098
1.6876098704342732,2109,2107
1.691516374763982,2106,2110
1.6954228790936912,2139,2140
1.6993293834234,2122,2114
1.703235887753109,2166,2160
1.707142392082818,2141,2129
1.711048896412527,2133,2133
1.714955400742236,2149,2141
1.718861905071945,2148,2147
1.722768409401654,2103,2103
1.7266749137313628,2109,2102
1.730581418061072,2089,2085
1.7344879223907808,2081,2073
1.7383944267204898,2057,2047
1.7423009310501987,2037,2045
1.7462074353799077,2052,2057
1.7501139397096166,2048,2044
1.7540204440393257,2065,2063
1.7579269483690345,2045,2047
1.7618334526987436,2025,2020
1.7657399570284524,2005,1998
1.7696464613581615,1986,1994
1.7735529656878704,1993,1997
1.7774594700175794,1971,1975
1.7813659743472883,1964,1976
1.7852724786769973,1982,1990
1.7891789830067064,1949,1958
1.7930854873364153,1952,1953
1.7969919916661243,1951,1960
1.8008984959958332,1952,1964
1.8048050003255423,1970,1976
1.808711504655251,1980,1992
1.8126180089849602,1998,2000
1.816524513314669,1982,1994
1.820431017644378,1968,1979
1.824337521974087,1966,1982
1.828244026303796,1949,1959
1.8321505306335049,1962,1971
1.836057034963214,1946,1946
1.8399635392929228,1957,1959
1.8438700436226318,1981,1982
1.8477765479523407,1971,1979
1.8516830522820498,1978,1992
1.8555895566117586,1971,1976
1.8594960609414677,1978,1996
1.8634025652711768,1984,1981
1.8673090696008856,1964,1970
1.8712155739305947,1986,1998
1.8751220782603035,1986,1988
1.8790285825900126,1940,1954
1.8829350869197214,1944,1949
1.8868415912494305,1957,1978
1.8907480955791394,1954,1962
1.8946545999088484,1939,1962
1.8985611042385573,1976,1991
1.9024676085682664,1965,1963
1.9063741128979752,1982,1983
1.9102806172276843,1990,1979
1.9141871215573931,1984,1992
1.9180936258871022,1958,1968
1.922000130216811,1957,1959
1.9259066345465201,1965,1963
1.9298131388762292,1958,1972
1.933719643205938,1953,1954
1.937626147535647,1949,1962
1.941532651865356,1960,1974
1.945439156195065,1939,1954
1.9493456605247739,1967,1971
1.953252164854483,1976,1989
1.9571586691841918,1987,1991
1.9610651735139009,1971,1994
1.9649716778436097,1984,1990
1.9688781821733188,1993,2008
1.9727846865030276,1980,1980
1.9766911908327367,1988,1992
1.9805976951624455,2004,2007
1.9845041994921546,1990,1994
1.9884107038218635,1989,1996
1.9923172081515725,2013,2020
1.9962237124812814,2020,2023
2.0001302168109905,2064,2055
2.0040367211406993,2057,2057
2.0079432254704086,2086,2084
2.0118497298001174,2095,2091
2.0157562341298263,2105,2094
2.019662738459535,2096,2085
2.0235692427892444,2103,2095
2.0274757471189533,2113,2113
2.031382251448662,2104,2082
2.035288755778371,2117,2113
2.0391952601080803,2123,2122
2.043101764437789,2095,2094
2.047008268767498,2138,2131
2.050914773097207,2121,2110
2.054821277426916,2149,2136
2.058727781756625,2138,2131
2.062634286086334,2139,2131
2.0665407904160427,2114,2101
2.070447294745752,2130,2120
2.074353799075461,2112,2094
2.0782603034051697,2121,2128
2.082166807734879,2120,2114
2.086073312064588,2095,2093
2.0899798163942966,2106,2101
2.0938863207240055,2098,2102
2.097792825053715,2131,2120
2.1016993293834236,2130,2118
2.1056058337131325,2137,2121
2.1095123380428413,2174,2165
2.1134188423725506,2141,2136
2.1173253467022595,2158,2149
2.1212318510319683,2130,2123
2.125138355361677,2137,2131
2.1290448596913865,2153,2143
2.1329513640210953,2128,2118
2.136857868350804,2119,2108
2.140764372680513,2095,2089
2.1446708770102223,2115,2107
2.148577381339931,2109,2111
2.15248388566964,2136,2125
2.1563903899993493,2139,2130
2.160296894329058,2138,2130
2.164203398658767,2121,2108
2.168109902988476,2120,2119
2.172016407318185,2101,2105
2.175922911647894,2133,2127
2.179829415977603,2123,2123
2.1837359203073117,2125,2111
2.187642424637021,2111,2104
2.19154892896673,2111,2096
2.1954554332964387,2129,2118
2.1993619376261475,2134,2118
2.203268441955857,2162,2146
2.2071749462855657,2144,2129
2.2110814506152745,2147,2131
2.214987954944984,2153,2139
2.2188944592746926,2123,2111
2.2228009636044015,2111,2102
2.2267074679341103,2108,2092
2.2306139722638196,2107,2103
2.2345204765935285,2073,2074
2.2384269809232373,2044,2051
2.242333485252946,2033,2034
2.2462399895826555,2055,2059
2.2501464939123643,2046,2053
2.254052998242073,2069,2078
2.257959502571782,2042,2040
2.2618660069014913,2037,2042
2.2657725112312,2030,2041
2.269679015560909,1985,2001
2.273585519890618,1996,1993
2.277492024220327,1978,1984
2.281398528550036,1971,1977
2.285305032879745,1956,1964
2.289211537209454,1949,1960
2.293118041539163,1933,1946
2.297024545868872,1953,1954
2.3009310501985807,1974,1968
2.30483755452829,1995,1988
2.308744058857999,1994,1997
2.3126505631877077,1979,1990
2.3165570675174165,1994,1998
2.320463571847126,1978,1991
2.3243700761768347,1993,1992
2.3282765805065435,1950,1961
2.3321830848362524,1955,1959
2.3360895891659617,1961,1968
2.3399960934956705,1953,1963
2.3439025978253794,1960,1973
2.347809102155088,1948,1953
2.3517156064847975,1974,1985
2.3556221108145063,1977,1978
2.359528615144215,1983,1991
2.3634351194739245,1968,1982
2.3673416238036333,1977,1979
2.371248128133342,1957,1975
2.375154632463051,1965,1974
2.3790611367927603,1972,1983
2.382967641122469,1944,1965
2.386874145452178,1933,1933
2.390780649781887,1939,1950
2.394687154111596,1934,1945
2.398593658441305,1960,1964
2.402500162771014,1999,1998
2.4064066671007227,1962,1974
2.410313171430432,1985,2002
2.414219675760141,2002,2000
2.4181261800898497,2000,1995
2.4220326844195585,1983,1986
2.425939188749268,1965,1963
2.4298456930789767,1948,1963
2.4337521974086855,1965,1967
2.437658701738395,1972,1985
2.4415652060681037,1938,1944
2.4454717103978125,1933,1951
2.4493782147275214,1983,1992
2.4532847190572307,1990,1989
2.4571912233869395,1965,1974
2.4610977277166484,1990,2000
2.465004232046357,1993,1985
2.4689107363760665,1978,1994
2.4728172407057754,1983,2000
2.476723745035484,1991,1998
2.480630249365193,1980,1979
2.4845367536949023,1985,1996
2.488443258024611,2002,2011
2.49234976235432,2012,2018
2.496256266684029,2034,2034
2.500162771013738,2055,2056
2.504069275343447,2083,2097
2.507975779673156,2076,2072
2.511882284002865,2105,2090
2.515788788332574,2120,2122
2.519695292662283,2109,2103
2.5236017969919917,2111,2108
2.527508301321701,2104,2095
2.53141480565141,2128,2108
2.5353213099811187,2092,2090
2.5392278143108276,2103,2092
2.543134318640537,2107,2097
2.5470408229702457,2117,2098
2.5509473272999545,2131,2126
2.5548538316296634,2153,2133
2.5587603359593727,2150,2145
2.5626668402890815,2138,2130
2.5665733446187904,2142,2127
2.5704798489484992,2133,2123
2.5743863532782085,2127,2122
2.5782928576079174,2107,2096
2.5821993619376262,2108,2102
2.5861058662673355,2105,2104
2.5900123705970444,2112,2109
2.593918874926753,2122,2113
2.597825379256462,2113,2101
2.6017318835861714,2134,2129
2.60563838791588,2138,2132
2.609544892245589,2171,2171
2.613451396575298,2153,2144
2.617357900905007,2166,2154
2.621264405234716,2167,2157
2.625170909564425,2122,2118
2.6290774138941337,2128,2126
2.632983918223843,2112,2101
2.636890422553552,2129,2115
2.6407969268832607,2112,2105
2.64470343121297,2105,2098
2.648609935542679,2134,2123
2.6525164398723877,2129,2117
2.6564229442020966,2144,2148
2.660329448531806,2142,2135
2.6642359528615147,2132,2130
2.6681424571912236,2143,2138
2.6720489615209324,2125,2109
2.6759554658506417,2126,2111
2.6798619701803505,2113,2101
2.6837684745100594,2088,2086
2.6876749788397682,2108,2106
2.6915814831694775,2108,2094
2.6954879874991864,2136,2126
2.6993944918288952,2146,2142
2.703300996158604,2141,2128
2.7072075004883134,2137,2120
2.7111140048180222,2144,2134
2.715020509147731,2145,2135
2.7189270134774404,2132,2110
2.722833517807149,2123,2111
2.726740022136858,2095,2096
2.730646526466567,2103,2096
2.734553030796276,2051,2041
2.738459535125985,2061,2059
2.742366039455694,2022,2015
2.7462725437854028,2072,2071
2.750179048115112,2071,2071
2.754085552444821,2058,2056
2.7579920567745297,2054,2063
2.7618985611042386,2032,2028
2.765805065433948,2009,2014
2.7697115697636567,2008,2007
2.7736180740933656,1985,1986
2.7775245784230744,1966,1980
2.7814310827527837,1955,1958
2.7853375870824926,1952,1959
2.7892440914122014,1968,1973
2.7931505957419107,1947,1951
2.7970571000716196,1969,1979
2.8009636044013284,1958,1969
2.8048701087310373,1949,1960
2.8087766130607466,1977,1980
2.8126831173904554,1975,1994
2.8165896217201642,1992,1997
2.820496126049873,1980,1989
2.8244026303795824,1981,1980
2.8283091347092912,1960,1967
2.832215639039,1987,1990
2.836122143368709,1938,1954
2.8400286476984182,1976,1979
2.843935152028127,1957,1962
2.847841656357836,1957,1959
2.8517481606875448,1959,1956
2.855654665017254,1992,1998
2.859561169346963,2001,2003
2.8634676736766718,1967,1967
2.867374178006381,1971,1977
2.87128068233609,1966,1979
2.8751871866657988,1959,1960
2.8790936909955076,1948,1951
2.883000195325217,1978,1981
2.8869066996549257,1939,1952
2.8908132039846346,1939,1954
2.8947197083143434,1950,1962
2.8986262126440527,1930,1938
2.9025327169737616,1966,1974
2.9064392213034704,1975,1986
2.9103457256331793,1996,2000
2.9142522299628886,1992,2005
2.9181587342925974,1992,2003
2.9220652386223063,1957,1973
2.925971742952015,1978,1992
2.9298782472817244,1953,1958
2.9337847516114333,1947,1965
2.937691255941142,1942,1947
2.9415977602708514,1945,1954
2.9455042646005603,1952,1961
2.949410768930269,1957,1971
2.953317273259978,1957,1974
2.9572237775896872,1991,1998
2.961130281919396,1975,1979
2.965036786249105,2001,2002
2.968943290578814,1983,1997
2.972849794908523,1978,1990
2.976756299238232,1991,1991
2.9806628035679408,2008,2014
2.9845693078976496,1995,2009
2.988475812227359,2011,2010
2.9923823165570678,2002,2008
2.9962888208867766,2014,2017
3.0001953252164855,2049,2047
3.0041018295461948,2060,2059
3.0080083338759036,2087,2083
3.0119148382056125,2089,2083
3.0158213425353217,2090,2089
3.0197278468650306,2119,2098
3.0236343511947394,2123,2101
3.0275408555244483,2113,2099
3.0314473598541576,2101,2098
3.0353538641838664,2118,2104
3.0392603685135753,2085,2079
3.043166872843284,2111,2101
3.0470733771729934,2122,2108
3.0509798815027023,2119,2120
3.054886385832411,2133,2126
3.05879289016212,2153,2153
3.0626993944918293,2149,2134
3.066605898821538,2118,2112
3.070512403151247,2106,2104
3.0744189074809563,2093,2091
3.078325411810665,2119,2107
3.082231916140374,2104,2094
3.086138420470083,2088,2080
3.090044924799792,2109,2099
3.093951429129501,2108,2108
3.09785793345921,2124,2113
3.1017644377889186,2150,2138
3.105670942118628,2138,2128
3.109577446448337,2155,2139
3.1134839507780456,2143,2135
3.1173904551077545,2132,2131
3.1212969594374638,2136,2136
3.1252034637671726,2135,2129
3.1291099680968815,2134,2117
3.1330164724265903,2116,2106
3.1369229767562996,2121,2113
3.1408294810860085,2107,2099
3.1447359854157173,2127,2118
3.1486424897454266,2115,2099
3.1525489940751354,2136,2130
3.1564554984048443,2140,2139
3.160362002734553,2126,2118
3.1642685070642624,2144,2131
3.1681750113939713,2152,2145
3.17208151572368,2114,2104
3.175988020053389,2138,2122
3.1798945243830983,2117,2102
3.183801028712807,2114,2116
3.187707533042516,2107,2107
3.191614037372225,2116,2107
3.195520541701934,2093,2092
3.199427046031643,2121,2114
3.203333550361352,2147,2136
3.2072400546910607,2141,2142
3.21114655902077,2140,2139
3.215053063350479,2142,2139
3.2189595676801877,2108,2107
3.222866072009897,2115,2113
3.226772576339606,2123,2114
3.2306790806693146,2098,2091
3.2345855849990235,2068,2065
3.238492089328733,2048,2055
3.2423985936584416,2041,2040
3.2463050979881505,2035,2028
3.2502116023178593,2062,2059
3.2541181066475686,2044,2046
3.2580246109772775,2043,2036
3.2619311153069863,2069,2056
3.265837619636695,2001,1991
3.2697441239664045,2015,2006
3.2736506282961133,1995,2001
3.277557132625822,1968,1977
3.281463636955531,1996,2006
3.2853701412852403,1934,1947
3.289276645614949,1953,1953
3.293183149944658,1947,1960
3.2970896542743673,1950,1950
3.300996158604076,1966,1966
3.304902662933785,1981,1992
3.308809167263494,1973,1995
3.312715671593203,1974,1979
3.316622175922912,1974,1978
3.320528680252621,1980,1984
3.3244351845823297,1947,1958
3.328341688912039,1967,1968
3.332248193241748,1962,1966
3.3361546975714567,1957,1972
3.3400612019011655,1924,1940
3.343967706230875,1945,1950
3.3478742105605837,1964,1979
3.3517807148902925,1965,1973
3.3556872192200013,1976,1981
3.3595937235497106,1990,1989
3.3635002278794195,1959,1970
3.3674067322091283,1981,1982
3.3713132365388376,1966,1979
3.3752197408685465,1959,1954
3.3791262451982553,1941,1961
3.383032749527964,1920,1917
3.3869392538576735,1949,1958
3.3908457581873823,1940,1956
3.394752262517091,1948,1941
3.3986587668468,1943,1944
3.4025652711765093,1977,1983
3.406471775506218,1970,1995
3.410378279835927,1972,1981
3.414284784165636,1997,1996
3.418191288495345,1974,1975
3.422097792825054,1976,1981
3.426004297154763,1980,1995
3.429910801484472,1960,1969
3.433817305814181,1960,1977
3.43772381014389,1967,1973
3.4416303144735987,1964,1975
3.445536818803308,1941,1944
3.449443323133017,1963,1967
3.4533498274627257,1989,1996
3.4572563317924345,2010,2013
3.461162836122144,1996,2006
3.4650693404518527,1989,1996
3.4689758447815615,1991,1991
3.4728823491112704,1961,1980
3.4767888534409797,1983,2002
3.4806953577706885,1985,1997
3.4846018621003974,2002,2011
3.488508366430106,1989,1989
3.4924148707598155,2012,2025
3.4963213750895243,2044,2038
3.500227879419233,2061,2057
3.5041343837489425,2075,2065
3.5080408880786513,2087,2085
3.51194739240836,2108,2102
3.515853896738069,2082,2072
3.5197604010677783,2108,2111
3.523666905397487,2119,2105
3.527573409727196,2101,2082
3.531479914056905,2102,2104
3.535386418386614,2104,2104
3.539292922716323,2102,2094
3.543199427046032,2125,2111
3.5471059313757407,2129,2130
3.55101243570545,2115,2112
3.554918940035159,2145,2125
3.5588254443648677,2163,2154
3.5627319486945765,2134,2126
3.566638453024286,2130,2125
3.5705449573539947,2101,2092
3.5744514616837035,2122,2119
3.578357966013413,2114,2112
3.5822644703431217,2132,2121
3.5861709746728305,2106,2099
3.5900774790025394,2102,2096
3.5939839833322487,2102,2094
3.5978904876619575,2117,2118
3.6017969919916664,2128,2121
3.605703496321375,2146,2140
3.6096100006510845,2143,2149
3.6135165049807934,2167,2160
3.617423009310502,2140,2134
3.621329513640211,2138,2135
3.6252360179699203,2122,2105
3.629142522299629,2117,2108
3.633049026629338,2113,2100
3.636955530959047,2093,2093
3.640862035288756,2106,2082
3.644768539618465,2128,2115
3.648675043948174,2119,2105
3.652581548277883,2140,2127
3.656488052607592,2129,2136
3.660394556937301,2119,2109
3.6643010612670097,2137,2131
3.668207565596719,2121,2113
3.672114069926428,2126,2122
3.6760205742561367,2126,2114
3.6799270785858456,2106,2105
3.683833582915555,2122,2097
3.6877400872452637,2102,2106
3.6916465915749725,2096,2087
3.6955530959046814,2120,2106
3.6994596002343907,2128,2124
3.7033661045640995,2131,2122
3.7072726088938084,2152,2142
3.7111791132235172,2140,2131
3.7150856175532265,2165,2145
3.7189921218829354,2146,2140
3.7228986262126442,2125,2116
3.7268051305423535,2112,2107
3.7307116348720624,2098,2094
3.734618139201771,2055,2056
3.73852464353148,2068,2057
3.7424311478611894,2054,2053
3.746337652190898,2019,2009
3.750244156520607,2050,2039
3.754150660850316,2051,2058
3.758057165180025,2066,2068
3.761963669509734,2045,2037
3.765870173839443,2049,2051
3.7697766781691517,2005,2008
3.773683182498861,1982,1987
3.77758968682857,1975,1980
3.7814961911582787,1957,1977
3.7854026954879876,1962,1971
3.789309199817697,1959,1974
3.7932157041474057,1940,1952
3.7971222084771146,1974,1990
3.801028712806824,1988,1986
3.8049352171365327,1979,1989
3.8088417214662416,2008,2006
3.8127482257959504,1996,1998
3.8166547301256597,1981,1990
3.8205612344553685,1978,1989
3.8244677387850774,1971,1975
3.8283742431147862,1957,1970
3.8322807474444955,1959,1963
3.8361872517742044,1961,1963
3.8400937561039132,1952,1968
3.844000260433622,1931,1933
3.8479067647633314,1967,1981
3.8518132690930402,1973,1993
3.855719773422749,1976,1988
3.8596262777524584,1980,1982
3.863532782082167,1979,1982
3.867439286411876,1973,1978
3.871345790741585,1978,1989
3.875252295071294,1977,1984
3.879158799401003,1944,1951
3.883065303730712,1961,1977
3.8869718080604208,1970,1975
3.89087831239013,1942,1935
3.894784816719839,1932,1951
3.8986913210495477,1973,1977
3.9025978253792566,1968,1970
3.906504329708966,1984,1988
3.9104108340386747,1996,2000
3.9143173383683836,1963,1972
3.9182238426980924,1977,1977
3.9221303470278017,1987,1984
3.9260368513575106,1959,1965
3.9299433556872194,1963,1970
3.9338498600169287,1965,1974
3.9377563643466376,1951,1955
3.9416628686763464,1965,1975
3.9455693730060553,1949,1963
3.9494758773357646,1963,1964
3.9533823816654734,1991,1999
3.9572888859951822,1962,1970
3.961195390324891,1979,1989
3.9651018946546004,1984,1996
3.9690083989843092,1963,1961
3.972914903314018,1984,1976
3.976821407643727,1961,1965
3.9807279119734362,1991,1999
3.984634416303145,1986,1992
3.988540920632854,2006,2007
3.9924474249625628,1998,2006
3.996353929292272,2020,2019
4.000260433621981,2022,2023
4.00416693795169,2094,2100
4.008073442281399,2077,2072
4.011979946611108,2100,2097
4.015886450940817,2109,2108
4.019792955270526,2104,2108
4.023699459600235,2110,2108
4.027605963929943,2099,2097
4.031512468259653,2105,2115
4.035418972589362,2102,2093
4.03932547691907,2118,2112
4.04323198124878,2112,2100
4.047138485578489,2116,2109
4.051044989908197,2129,2122
4.054951494237907,2175,2169
4.058857998567615,2147,2141
4.062764502897324,2145,2126
4.066671007227034,2155,2144
4.070577511556742,2143,2129
4.074484015886451,2126,2112
4.0783905202161606,2109,2099
4.082297024545869,2091,2083
4.086203528875578,2121,2112
4.0901100332052875,2083,2071
4.094016537534996,2117,2112
4.097923041864705,2121,2111
4.101829546194414,2109,2101
4.105736050524123,2143,2147
4.109642554853832,2132,2130
4.113549059183541,2141,2137
4.11745556351325,2118,2111
4.121362067842959,2131,2122
4.125268572172668,2147,2141
4.129175076502377,2143,2144
4.133081580832085,2107,2103
4.136988085161795,2123,2122
4.140894589491504,2105,2092
4.144801093821212,2119,2112
4.148707598150922,2116,2109
4.152614102480631,2137,2129
4.156520606810339,2121,2117
4.160427111140049,2161,2144
4.164333615469758,2134,2128
4.168240119799466,2151,2141
4.172146624129176,2125,2118
4.176053128458884,2131,2124
4.179959632788593,2139,2130
4.183866137118303,2110,2097
4.187772641448011,2115,2106
4.19167914577772,2110,2104
4.19558565010743,2136,2122
4.199492154437138,2142,2128
4.203398658766847,2152,2137
4.207305163096556,2132,2131
4.211211667426265,2142,2130
4.215118171755974,2114,2111
4.219024676085683,2127,2128
4.222931180415392,2122,2112
4.226837684745101,2106,2094
4.23074418907481,2069,2075
4.234650693404519,2104,2100
4.238557197734228,2043,2039
4.242463702063937,2049,2051
4.246370206393646,2041,2034
4.250276710723354,2045,2059
4.254183215053064,2046,2049
4.258089719382773,2051,2047
4.261996223712481,2031,2021
4.265902728042191,2029,2016
4.2698092323719,2022,2030
4.273715736701608,1992,2002
4.277622241031318,1972,1984
4.281528745361026,1977,1994
4.285435249690735,1963,1965
4.289341754020445,1925,1929
4.293248258350153,1946,1953
4.297154762679862,1939,1954
4.301061267009572,1949,1960
4.30496777133928,1979,1994
4.308874275668989,1986,1979
4.312780779998699,2014,2012
4.316687284328407,1993,2000
4.320593788658116,1991,1994
4.324500292987825,1976,1987
4.328406797317534,1959,1967
4.332313301647243,1944,1953
4.336219805976952,1960,1963
4.340126310306661,1944,1950
4.34403281463637,1942,1960
4.347939318966079,1978,1982
4.351845823295788,1984,1990
4.355752327625496,1995,1996
4.359658831955206,1991,1992
4.363565336284915,1991,1982
4.367471840614623,1979,1983
4.371378344944333,1931,1950
4.375284849274042,1956,1965
4.37919135360375,1964,1975
4.38309785793346,1937,1952
4.387004362263169,1937,1955
4.390910866592877,1964,1957
4.394817370922587,1970,1982
4.398723875252295,1957,1969
4.402630379582004,1975,1977
4.406536883911714,1978,1989
4.410443388241422,1996,2007
4.414349892571131,2005,2013
4.418256396900841,1961,1965
4.422162901230549,1996,2004
4.426069405560258,1954,1959
4.429975909889968,1949,1963
4.433882414219676,1954,1961
4.437788918549385,1993,1995
4.441695422879094,1937,1948
4.445601927208803,1984,1992
4.449508431538512,1983,1993
4.453414935868221,1954,1973
4.45732144019793,1988,2010
4.461227944527639,1980,1985
4.465134448857348,2013,2012
4.469040953187057,1974,1993
4.472947457516765,1984,2000
4.476853961846475,1973,1985
4.480760466176184,2001,2008
4.484666970505892,1999,2000
4.488573474835602,2022,2025
4.492479979165311,2000,2003
4.496386483495019,2014,2028
4.500292987824729,2037,2038
4.504199492154438,2067,2067
4.508105996484146,2104,2093
4.512012500813856,2111,2099
4.515919005143564,2104,2094
4.519825509473273,2096,2090
4.523732013802983,2113,2090
4.527638518132691,2087,2095
4.5315450224624,2091,2086
4.53545152679211,2127,2116
4.539358031121818,2121,2111
4.543264535451527,2112,2108
4.547171039781236,2112,2103
4.551077544110945,2151,2134
4.554984048440654,2137,2136
4.558890552770363,2171,2163
4.562797057100072,2168,2166
4.566703561429781,2129,2116
4.57061006575949,2135,2132
4.574516570089199,2134,2125
4.578423074418908,2142,2128
4.582329578748617,2098,2089
4.586236083078326,2109,2105
4.590142587408034,2104,2098
4.594049091737744,2115,2098
4.597955596067453,2131,2119
4.601862100397161,2147,2140
4.605768604726871,2171,2156
4.60967510905658,2137,2126
4.613581613386288,2171,2164
4.617488117715998,2143,2132
4.621394622045706,2136,2129
4.625301126375415,2124,2119
4.629207630705125,2131,2119
4.633114135034833,2108,2106
4.637020639364542,2104,2098
4.640927143694252,2105,2102
4.64483364802396,2110,2095
4.648740152353669,2117,2114
4.652646656683379,2130,2128
4.656553161013087,2117,2114
4.660459665342796,2139,2140
4.664366169672505,2118,2110
4.668272674002214,2134,2128
4.672179178331923,2129,2131
4.676085682661632,2109,2106
4.679992186991341,2112,2100
4.68389869132105,2126,2104
4.687805195650759,2099,2095
4.691711699980468,2076,2066
4.695618204310176,2134,2128
4.699524708639886,2125,2121
4.703431212969595,2143,2126
4.707337717299303,2153,2143
4.711244221629013,2156,2143
4.715150725958722,2125,2126
4.71905723028843,2110,2102
4.72296373461814,2108,2109
4.726870238947849,2099,2099
4.730776743277557,2061,2060
4.734683247607267,2072,2055
4.738589751936975,2046,2043
4.742496256266684,2057,2064
4.746402760596394,2041,2043
4.750309264926102,2048,2060
4.754215769255811,2039,2046
4.758122273585521,2041,2029
4.762028777915229,2027,2034
4.765935282244938,2023,2034
4.769841786574647,1997,1995
4.773748290904356,1978,1982
4.777654795234065,1966,1980
4.781561299563774,1940,1958
4.785467803893483,1945,1962
4.789374308223192,1942,1950
4.793280812552901,1975,1981
4.79718731688261,1956,1964
4.801093821212319,1979,1991
4.805000325542028,1962,1978
4.808906829871737,1994,2002
4.812813334201445,1984,1995
4.816719838531155,1965,1969
4.820626342860864,1982,1979
4.824532847190572,1985,1997
4.828439351520282,1978,1987
4.832345855849991,1955,1946
4.836252360179699,1971,1977
4.840158864509409,1929,1945
4.844065368839117,1951,1959
4.847971873168826,1956,1959
4.851878377498536,1981,1972
4.855784881828244,1971,1972
4.859691386157953,1981,1994
4.863597890487663,1997,2003
4.867504394817371,1968,1983
4.87141089914708,1983,1984
4.87531740347679,1957,1956
4.879223907806498,1962,1980
4.883130412136207,1927,1941
4.887036916465916,1969,1976
4.890943420795625,1957,1976
4.894849925125334,1930,1936
4.898756429455043,1974,1985
4.902662933784752,1986,2005
4.906569438114461,1988,2008
4.91047594244417,2019,2018
4.914382446773879,1975,1970
4.918288951103587,1965,1973
4.922195455433297,1989,1992
4.926101959763006,1948,1956
4.930008464092714,1970,1979
4.933914968422424,1953,1967
4.937821472752133,1966,1972
4.941727977081841,1964,1973
4.945634481411551,1968,1977
4.94954098574126,1958,1965
4.953447490070968,1963,1972
4.957353994400678,1990,1997
4.961260498730386,1984,1984
4.965167003060095,1972,1992
4.969073507389805,1990,2000
4.972980011719513,1979,1986
4.976886516049222,1952,1961
4.980793020378932,1989,1995
4.98469952470864,1996,2004
4.988606029038349,1987,1997
4.992512533368058,1989,1995
4.996419037697767,2011,2021
5.000325542027476,2037,2039
5.004232046357185,2090,2086
5.008138550686894,2083,2080
5.012045055016603,2085,2076
5.015951559346312,2113,2121
5.019858063676021,2106,2110
5.02376456800573,2101,2097
5.027671072335439,2126,2112
5.031577576665148,2156,2155
5.0354840809948564,2092,2091
5.039390585324566,2103,2103
5.043297089654275,2090,2091
5.047203593983983,2129,2131
5.051110098313693,2149,2149
5.055016602643402,2153,2136
5.05892310697311,2117,2111
5.06282961130282,2136,2118
5.066736115632528,2143,2135
5.070642619962237,2135,2130
5.074549124291947,2103,2090
5.078455628621655,2122,2109
5.082362132951364,2086,2072
5.086268637281074,2118,2107
5.090175141610782,2102,2095
5.094081645940491,2092,2087
5.097988150270201,2121,2109
5.101894654599909,2125,2123
5.105801158929618,2128,2114
5.109707663259327,2148,2135
5.113614167589036,2145,2134
5.117520671918745,2143,2136
5.121427176248454,2118,2106
5.125333680578163,2128,2117
5.129240184907872,2125,2107
5.133146689237581,2100,2088
5.13705319356729,2121,2111
5.1409596978969985,2107,2101
5.144866202226708,2105,2102
5.148772706556417,2128,2123
5.1526792108861255,2149,2135
5.156585715215835,2142,2133
5.160492219545544,2126,2121
5.1643987238752525,2152,2131
5.168305228204962,2150,2144
5.172211732534671,2130,2118
5.176118236864379,2117,2120
5.180024741194089,2114,2100
5.183931245523797,2121,2111
5.187837749853506,2099,2088
5.191744254183216,2117,2108
5.195650758512924,2100,2100
5.199557262842633,2119,2112
5.203463767172343,2139,2128
5.207370271502051,2147,2145
5.21127677583176,2130,2121
5.21518328016147,2123,2115
5.219089784491178,2125,2110
5.222996288820887,2105,2101
5.226902793150596,2085,2077
5.230809297480305,2105,2091
5.234715801810014,2081,2080
5.238622306139723,2074,2065
5.242528810469432,2047,2059
5.246435314799141,2040,2036
5.25034181912885,2054,2050
5.254248323458559,2062,2063
5.2581548277882675,2051,2045
5.262061332117977,2019,2026
5.265967836447686,2028,2031
5.2698743407773945,2003,2018
5.273780845107104,1974,1981
5.277687349436813,1973,1980
5.2815938537665215,1948,1949
5.285500358096231,1980,1992
5.28940686242594,1939,1954
5.2933133667556485,1972,1972
5.297219871085358,1962,1973
5.301126375415066,1974,1974
5.305032879744775,1987,1992
5.308939384074485,2001,2006
5.312845888404193,1983,1991
5.316752392733902,1969,1981
5.320658897063612,1968,1966
5.32456540139332,1973,1980
5.328471905723029,1964,1960
5.332378410052738,1968,1980
5.336284914382447,1956,1970
5.340191418712156,1969,1977
5.344097923041865,1941,1961
5.348004427371574,1979,1982
5.351910931701283,1966,1976
5.355817436030992,1981,1992
5.359723940360701,1980,1980
5.36363044469041,1988,1994
5.367536949020119,1976,1986
5.371443453349828,1962,1971
5.3753499576795365,1961,1961
5.379256462009246,1942,1948
5.383162966338955,1931,1937
5.3870694706686635,1936,1950
5.390975974998373,1943,1954
5.394882479328082,1965,1989
5.3987889836577905,1972,1989
5.4026954879875,1999,1997
5.406601992317208,1988,1999
5.4105084966469175,2003,2003
5.414415000976627,1993,1990
5.418321505306335,1984,1995
5.4222280096360445,1968,1976
5.426134513965754,1968,1984
5.430041018295462,1956,1960
5.4339475226251714,1971,1975
5.437854026954881,1930,1943
5.441760531284589,1950,1960
5.445667035614298,1968,1971
5.449573539944007,1946,1969
5.453480044273716,1981,2002
5.457386548603425,1952,1954
5.461293052933134,1995,2003
5.465199557262843,1986,1996
5.469106061592552,1977,1991
5.473012565922261,1995,2008
5.47691907025197,1980,1990
5.4808255745816785,1957,1967
5.484732078911388,1986,1991
5.488638583241097,1993,1989
5.4925450875708055,2020,2016
5.496451591900515,2026,2025
5.500358096230224,2050,2057
5.5042646005599325,2086,2087
5.508171104889642,2075,2081
5.512077609219351,2088,2082
5.5159841135490595,2098,2095
5.519890617878769,2112,2113
5.523797122208477,2108,2105
5.5277036265381865,2091,2086
5.531610130867896,2112,2109
5.535516635197604,2097,2089
5.5394231395273135,2114,2115
5.543329643857023,2113,2109
5.547236148186731,2121,2120
5.5511426525164405,2127,2126
5.555049156846149,2156,2140
5.558955661175858,2172,2159
5.5628621655055674,2161,2159
5.566768669835276,2156,2146
5.570675174164985,2134,2127
5.574581678494694,2132,2124
5.578488182824403,2125,2115
5.582394687154112,2124,2122
5.586301191483821,2106,2105
5.59020769581353,2085,2072
5.594114200143239,2103,2096
5.5980207044729475,2133,2125
5.601927208802657,2134,2132
5.605833713132366,2148,2138
5.6097402174620745,2162,2150
5.613646721791784,2131,2127
5.617553226121493,2145,2130
5.6214597304512015,2158,2152
5.625366234780911,2123,2125
5.629272739110619,2117,2114
5.6331792434403285,2121,2119
5.637085747770038,2117,2120
5.640992252099746,2112,2105
5.6448987564294555,2128,2122
5.648805260759165,2123,2118
5.652711765088873,2139,2117
5.6566182694185825,2146,2136
5.660524773748292,2126,2117
5.664431278078,2117,2115
5.6683377824077095,2154,2136
5.672244286737418,2129,2117
5.676150791067127,2105,2092
5.6800572953968365,2118,2124
5.683963799726545,2127,2119
5.687870304056254,2130,2122
5.6917768083859634,2090,2085
5.695683312715672,2111,2120
5.699589817045381,2122,2119
5.7034963213750896,2129,2118
5.707402825704799,2165,2147
5.711309330034508,2135,2129
5.7152158343642165,2131,2123
5.719122338693926,2120,2118
5.723028843023635,2116,2100
5.7269353473533435,2079,2068
5.730841851683053,2101,2094
5.734748356012762,2074,2066
5.7386548603424705,2073,2074
5.74256136467218,2049,2042
5.746467869001888,2028,2033
5.7503743733315975,2051,2050
5.754280877661307,2050,2035
5.758187381991015,2052,2061
5.7620938863207245,2039,2042
5.766000390650434,2013,2023
5.769906894980142,1994,2011
5.7738133993098515,1967,1978
5.77771990363956,1964,1963
5.781626407969269,1966,1973
5.7855329122989785,1938,1944
5.789439416628687,1940,1945
5.793345920958396,1971,1981
5.7972524252881055,1966,1972
5.801158929617814,1968,1981
5.805065433947523,1974,1980
5.8089719382772325,1999,2008
5.812878442606941,1963,1972
5.81678494693665,1966,1972
5.820691451266359,1958,1964
5.824597955596068,1968,1981
5.828504459925777,1964,1967
5.8324109642554856,1970,1978
5.836317468585195,1955,1974
5.840223972914904,1943,1967
5.8441304772446125,1949,1958
5.848036981574322,1961,1961
5.85194348590403,1984,1996
5.8558499902337395,1976,1991
5.859756494563449,2001,2000
5.863662998893157,1981,1982
5.8675695032228665,1970,1986
5.871476007552576,1943,1955
5.875382511882284,1939,1951
5.8792890162119935,1943,1952
5.883195520541703,1944,1967
5.887102024871411,1944,1940
5.8910085292011205,1947,1958
5.894915033530829,1968,1971
5.898821537860538,1973,1979
5.9027280421902475,1986,2000
5.906634546519956,1979,1986
5.910541050849665,1981,1986
5.9144475551793745,1971,1982
5.918354059509083,1972,1978
5.922260563838792,1964,1975
5.926167068168501,1981,1988
5.93007357249821,1968,1971
5.933980076827919,1969,1977
5.937886581157628,1957,1970
5.941793085487337,1936,1950
5.945699589817046,1932,1948
5.949606094146755,1977,1977
5.953512598476464,1970,1972
5.957419102806173,1998,2004
5.9613256071358816,1993,2004
5.965232111465591,1998,1999
5.969138615795299,1983,1984
5.9730451201250085,1975,1982
5.976951624454718,1983,1991
5.980858128784426,1991,1995
5.9847646331141355,1988,1994
5.988671137443845,1971,1970
5.992577641773553,2003,1995
5.9964841461032625,2018,2021
6.000390650432971,2048,2055
6.00429715476268,2070,2071
6.0082036590923895,2076,2079
6.012110163422098,2107,2097
6.016016667751807,2114,2104
6.0199231720815165,2110,2105
6.023829676411225,2102,2093
6.027736180740934,2108,2102
6.0316426850706435,2114,2112
6.035549189400352,2121,2118
6.039455693730061,2098,2091
6.04336219805977,2114,2093
6.047268702389479,2107,2109
6.051175206719188,2151,2142
6.055081711048897,2173,2146
6.058988215378606,2137,2134
6.062894719708315,2126,2102
6.066801224038024,2148,2141
6.070707728367733,2123,2105
6.074614232697442,2108,2103
6.078520737027151,2126,2118
6.08242724135686,2108,2102
6.086333745686568,2115,2109
6.090240250016278,2126,2119
6.094146754345987,2116,2118
6.098053258675695,2160,2154
6.1019597630054045,2111,2115
6.105866267335114,2112,2108
6.109772771664822,2170,2154
6.1136792759945315,2142,2122
6.11758578032424,2163,2154
6.121492284653949,2130,2126
6.1253987889836585,2110,2108
6.129305293313367,2122,2127
6.133211797643076,2115,2107
6.1371183019727855,2113,2115
6.141024806302494,2126,2111
6.144931310632203,2119,2113
6.1488378149619125,2144,2136
6.152744319291621,2137,2128
6.15665082362133,2139,2129
6.160557327951039,2129,2121
6.164463832280748,2120,2115
6.168370336610457,2138,2131
6.172276840940166,2119,2109
6.176183345269875,2133,2113
6.180089849599584,2120,2116
6.183996353929293,2103,2099
6.187902858259002,2110,2100
6.19180936258871,2122,2108
6.19571586691842,2109,2110
6.199622371248129,2130,2122
6.203528875577837,2128,2130
6.207435379907547,2142,2129
6.211341884237256,2161,2152
6.215248388566964,2126,2119
6.219154892896674,2103,2095
6.223061397226383,2132,2121
6.226967901556091,2088,2082
6.2308744058858005,2090,2071
6.234780910215509,2047,2036
6.238687414545218,2094,2090
6.2425939188749275,2060,2067
6.246500423204636,2027,2023
6.250406927534345,2038,2031
6.2543134318640545,2029,2030
6.258219936193763,2034,2035
6.262126440523472,2030,2025
6.266032944853181,2000,2001
6.26993944918289,2001,2005
6.273845953512599,1971,1967
6.277752457842308,1965,1972
6.281658962172017,1948,1971
6.285565466501726,1952,1969
6.289471970831435,1966,1968
6.293378475161144,1952,1960
6.297284979490853,1959,1966
6.301191483820562,1964,1971
6.305097988150271,1985,1982
6.309004492479979,1970,1976
6.312910996809689,1971,1955
6.316817501139398,1987,2003
6.320724005469106,1993,2000
6.324630509798816,1973,1980
6.328537014128525,1974,1982
6.332443518458233,1944,1951
6.336350022787943,1969,1985
6.340256527117651,1957,1975
6.34416303144736,1955,1968
6.34806953577707,1965,1978
6.351976040106778,1987,1992
6.355882544436487,1974,1990
6.3597890487661966,1971,1982
6.363695553095905,1987,1985
6.367602057425614,1976,1978
6.3715085617553235,1959,1962
6.375415066085032,1961,1955
6.379321570414741,1956,1962
6.38322807474445,1943,1947
6.387134579074159,1955,1953
6.391041083403868,1953,1966
6.394947587733577,1953,1976
6.398854092063286,1974,1980
6.402760596392995,1973,1979
6.406667100722704,1984,1977
6.410573605052413,2016,2008
6.414480109382121,2003,2011
6.418386613711831,1981,1981
6.42229311804154,1962,1960
6.426199622371248,1969,1983
6.430106126700958,1971,1973
6.434012631030667,1961,1971
6.437919135360375,1951,1960
6.441825639690085,1944,1953
6.445732144019794,1958,1964
6.449638648349502,1937,1951
6.453545152679212,1989,1998
6.45745165700892,1966,1974
6.461358161338629,1985,1992
6.465264665668339,1974,1979
6.469171169998047,1985,1980
6.473077674327756,1999,1997
6.476984178657466,1984,1988
6.480890682987174,1976,1987
6.484797187316883,2002,2006
6.488703691646592,1973,1984
6.492610195976301,2006,2010
6.49651670030601,2032,2037
6.500423204635719,2049,2060
6.504329708965428,2066,2069
6.508236213295137,2098,2091
6.512142717624846,2110,2114
6.516049221954555,2116,2105
6.519955726284264,2113,2099
6.523862230613973,2102,2107
6.527768734943682,2106,2095
6.53167523927339,2114,2100
6.5355817436031,2131,2123
6.539488247932809,2078,2074
6.543394752262517,2128,2118
6.547301256592227,2118,2117
6.551207760921936,2124,2115
6.555114265251644,2157,2143
6.559020769581354,2136,2124
6.562927273911062,2130,2119
6.566833778240771,2109,2105
6.570740282570481,2128,2115
6.574646786900189,2114,2104
6.578553291229898,2108,2105
6.582459795559608,2107,2108
6.586366299889316,2119,2113
6.590272804219025,2093,2081
6.594179308548735,2108,2102
6.598085812878443,2118,2117
6.601992317208152,2139,2127
6.605898821537861,2150,2151
6.60980532586757,2146,2138
6.613711830197279,2156,2138
6.617618334526988,2140,2141
6.621524838856697,2150,2131
6.625431343186406,2121,2119
6.629337847516115,2112,2104
6.633244351845824,2121,2118
6.637150856175532,2128,2118
6.641057360505242,2103,2100
6.644963864834951,2103,2096
6.648870369164659,2115,2112
6.652776873494369,2144,2139
6.656683377824078,2141,2121
6.660589882153786,2158,2148
6.664496386483496,2128,2116
6.668402890813205,2145,2136
6.672309395142913,2141,2137
6.676215899472623,2122,2119
6.680122403802331,2098,2102
6.68402890813204,2124,2117
6.68793541246175,2099,2102
6.691841916791458,2096,2103
6.695748421121167,2113,2106
6.699654925450877,2096,2082
6.703561429780585,2133,2122
6.707467934110294,2136,2136
6.711374438440003,2145,2124
6.715280942769712,2143,2135
6.719187447099421,2124,2100
6.72309395142913,2106,2107
6.727000455758839,2094,2100
6.730906960088548,2082,2082
6.734813464418257,2041,2045
6.738719968747966,2069,2073
6.742626473077675,2044,2041
6.746532977407384,2052,2048
6.750439481737093,2048,2041
6.754345986066801,2051,2050
6.758252490396511,2045,2044
6.76215899472622,2033,2047
6.766065499055928,2021,2023
6.769972003385638,2016,2011
6.773878507715347,2002,2008
6.777785012045055,1990,2007
6.781691516374765,1960,1973
6.785598020704473,1944,1947
6.789504525034182,1943,1952
6.793411029363892,1961,1976
6.7973175336936,1959,1958
6.801224038023309,1957,1966
6.805130542353019,1990,2011
6.809037046682727,1974,1978
6.812943551012436,2016,2016
6.816850055342146,2004,2013
6.820756559671854,1998,1998
6.824663064001563,1972,1983
6.828569568331272,1965,1975
6.832476072660981,1959,1963
6.83638257699069,1946,1955
6.840289081320399,1933,1946
6.844195585650108,1942,1965
6.848102089979817,1943,1945
6.852008594309526,1967,1971
6.855915098639235,1982,1993
6.859821602968944,1987,1985
6.863728107298653,1968,1977
6.867634611628362,1976,2001
6.87154111595807,1955,1953
6.87544762028778,1966,1974
6.879354124617489,1958,1965
6.883260628947197,1945,1953
6.887167133276907,1950,1949
6.891073637606616,1944,1952
6.894980141936324,1944,1947
6.898886646266034,1958,1981
6.902793150595742,1960,1966
6.906699654925451,1990,1995
6.910606159255161,2001,2004
6.914512663584869,1990,1995
6.918419167914578,1965,1965
6.922325672244288,1972,1985
6.926232176573996,1980,1992
6.930138680903705,1974,1971
6.934045185233415,1945,1956
6.937951689563123,1951,1957
6.941858193892832,1935,1945
6.945764698222541,1961,1960
6.94967120255225,1960,1968
6.953577706881959,1970,1983
6.957484211211668,1986,1995
6.961390715541377,1996,1996
6.965297219871086,2005,2001
6.969203724200795,1989,1992
6.973110228530504,1959,1967
6.977016732860212,1991,1986
6.980923237189922,1966,1974
6.984829741519631,1991,1991
6.988736245849339,1993,1992
6.992642750179049,2028,2025
6.996549254508758,2025,2030
7.000455758838466,2062,2060
7.004362263168176,2068,2066
7.008268767497885,2094,2095
7.012175271827593,2098,2099
7.016081776157303,2117,2118
7.019988280487011,2109,2104
7.02389478481672,2107,2102
7.02780128914643,2125,2111
7.031707793476138,2106,2093
7.035614297805847,2115,2111
7.039520802135557,2124,2120
7.043427306465265,2093,2087
7.047333810794974,2106,2090
7.051240315124683,2127,2127
7.055146819454392,2164,2160
7.059053323784101,2138,2133
7.06295982811381,2143,2131
7.066866332443519,2153,2150
7.070772836773228,2137,2128
7.074679341102937,2111,2111
7.078585845432646,2126,2108
7.082492349762355,2113,2107
7.086398854092064,2102,2098
7.090305358421773,2120,2116
7.094211862751481,2137,2133
7.098118367081191,2106,2096
7.1020248714109,2109,2093
7.105931375740608,2120,2106
7.109837880070318,2155,2144
7.113744384400027,2148,2137
7.117650888729735,2157,2149
7.121557393059445,2150,2131
7.125463897389153,2113,2111
7.129370401718862,2126,2120
7.133276906048572,2112,2103
7.13718341037828,2118,2109
7.141089914707989,2108,2097
7.144996419037699,2120,2115
7.148902923367407,2136,2133
7.152809427697116,2139,2136
7.156715932026826,2135,2121
7.160622436356534,2136,2132
7.164528940686243,2149,2139
7.168435445015952,2108,2102
7.172341949345661,2125,2114
7.17624845367537,2124,2121
7.180154958005079,2139,2130
7.184061462334788,2123,2114
7.187967966664497,2097,2086
7.191874470994206,2109,2106
7.195780975323915,2109,2098
7.199687479653623,2141,2140
7.203593983983333,2125,2124
7.207500488313042,2128,2119
7.21140699264275,2154,2139
7.21531349697246,2148,2143
7.219220001302169,2151,2138
7.223126505631877,2123,2115
7.227033009961587,2102,2099
7.230939514291296,2069,2054
7.234846018621004,2067,2058
7.238752522950714,2055,2057
7.242659027280422,2031,2029
7.246565531610131,2047,2049
7.250472035939841,2041,2048
7.254378540269549,2088,2107
7.258285044599258,2034,2040
7.262191548928968,2026,2029
7.266098053258676,2002,2007
7.270004557588385,2009,2017
7.273911061918094,1958,1958
7.277817566247803,1992,1990
7.281724070577512,1966,1976
7.285630574907221,1958,1968
7.28953707923693,1962,1970
7.293443583566639,1952,1973
7.297350087896348,1975,1987
7.301256592226057,1971,1969
7.305163096555766,1988,2000
7.309069600885475,1983,1981
7.312976105215184,1996,2014
7.3168826095448924,1999,2004
7.320789113874602,1977,1978
7.324695618204311,1981,1988
7.328602122534019,1978,1978
7.332508626863729,1955,1969
7.336415131193438,1939,1950
7.340321635523146,1940,1951
7.344228139852856,1950,1958
7.348134644182564,1966,1965
7.352041148512273,1973,1992
7.355947652841983,1978,1988
7.359854157171691,1986,1988
7.3637606615014,1983,1994
7.36766716583111,1969,1976
7.371573670160818,1971,1987
7.375480174490527,1962,1968
7.379386678820237,1965,1962
7.383293183149945,1948,1950
7.387199687479654,1954,1953
7.391106191809363,1950,1961
7.395012696139072,1942,1947
7.398919200468781,1950,1961
7.40282570479849,1968,1980
7.406732209128199,1997,1995
7.410638713457908,1995,2003
7.414545217787617,2007,2010
7.418451722117326,1987,1995
7.4223582264470345,1971,1973
7.426264730776744,1973,1975
7.430171235106453,1962,1966
7.4340777394361615,1957,1966
7.437984243765871,1958,1959
7.44189074809558,1965,1965
7.4457972524252884,1952,1947
7.449703756754998,1954,1951
7.453610261084707,1970,1973
7.457516765414415,1975,1984
7.461423269744125,1992,2003
7.465329774073833,1958,1966
7.469236278403542,1971,1970
7.473142782733252,2012,2024
7.47704928706296,1988,1997
7.480955791392669,1977,1992
7.484862295722379,1997,2009
7.488768800052087,1971,1975
7.492675304381796,1998,2006
7.496581808711505,2009,2007
7.500488313041214,2049,2062
7.504394817370923,2061,2065
7.508301321700632,2086,2085
7.512207826030341,2107,2103
7.51611433036005,2121,2111
7.520020834689759,2105,2103
7.523927339019468,2110,2097
7.527833843349177,2105,2097
7.531740347678886,2097,2096
7.535646852008595,2104,2098
7.5395533563383035,2108,2103
7.543459860668013,2110,2108
7.547366364997722,2128,2124
7.5512728693274305,2133,2117
7.55517937365714,2148,2143
7.559085877986849,2157,2144
7.5629923823165575,2121,2106
7.566898886646267,2129,2118
7.570805390975975,2128,2112
7.5747118953056845,2116,2109
7.578618399635394,2114,2113
7.582524903965102,2106,2092
7.586431408294811,2104,2098
7.590337912624521,2095,2089
7.594244416954229,2105,2100
7.598150921283938,2128,2109
7.602057425613648,2135,2122
7.605963929943356,2153,2136
7.609870434273065,2166,2160
7.613776938602774,2165,2160
7.617683442932483,2149,2131
7.621589947262192,2122,2116
7.625496451591901,2116,2110
7.62940295592161,2121,2104
7.633309460251319,2113,2106
7.637215964581028,2134,2128
7.641122468910737,2123,2122
7.645028973240446,2114,2112
7.648935477570155,2122,2115
7.652841981899864,2140,2129
7.6567484862295725,2130,2131
7.660654990559282,2129,2126
7.664561494888991,2129,2131
7.6684679992186995,2155,2145
7.672374503548409,2127,2114
7.676281007878118,2121,2119
7.6801875122078265,2121,2109
7.684094016537536,2119,2117
7.688000520867244,2105,2093
7.6919070251969535,2094,2087
7.695813529526663,2120,2112
7.699720033856371,2131,2127
7.7036265381860805,2127,2115
7.70753304251579,2122,2120
7.711439546845498,2144,2130
7.715346051175207,2177,2156
7.719252555504917,2105,2099
7.723159059834625,2108,2097
7.727065564164334,2097,2092
7.730972068494043,2090,2086
7.734878572823752,2085,2084
7.738785077153461,2048,2050
7.74269158148317,2052,2053
7.746598085812879,2042,2039
7.750504590142588,2051,2041
7.754411094472297,2032,2035
7.758317598802006,2051,2052
7.7622241031317145,2015,2019
7.766130607461424,2019,2017
7.770037111791133,2015,2011
7.7739436161208415,1989,2003
7.777850120450551,1981,1979
7.78175662478026,1968,1976
7.7856631291099685,1962,1974
7.789569633439678,1956,1960
7.793476137769387,1937,1954
7.7973826420990955,1932,1944
7.801289146428805,1980,1992
7.805195650758513,1991,1992
7.8091021550882225,2004,2013
7.813008659417932,1979,1977
7.81691516374764,1981,1983
7.8208216680773495,1998,1999
7.824728172407059,1961,1965
7.828634676736767,1948,1948
7.8325411810664765,1956,1978
7.836447685396185,1967,1984
7.840354189725894,1945,1962
7.8442606940556034,1962,1967
7.848167198385312,1975,1991
7.852073702715021,1956,1963
7.85598020704473,1989,2000
7.859886711374439,1994,1993
7.863793215704148,1978,1983
7.867699720033857,1958,1974
7.871606224363566,1949,1964
7.875512728693275,1948,1959
7.8794192330229835,1955,1963
7.883325737352693,1982,1987
7.887232241682402,1930,1946
7.8911387460121105,1933,1945
7.89504525034182,1956,1964
7.898951754671529,1985,1989
7.9028582590012375,1964,1978
7.906764763330947,2003,2013
7.910671267660655,1991,1990
7.9145777719903645,1982,1974
7.918484276320074,2007,2010
7.922390780649782,1978,1984
7.9262972849794915,1979,2002
7.930203789309201,1959,1952
7.934110293638909,1947,1949
7.9380167979686185,1965,1979
7.941923302298328,1956,1958
7.945829806628036,1939,1949
7.9497363109577455,1939,1951
7.953642815287454,1969,1978
7.957549319617163,1987,2005
7.9614558239468725,1991,2002
7.965362328276581,1990,1992
7.96926883260629,1976,1984
7.9731753369359994,1984,1982
7.977081841265708,1986,2005
7.980988345595417,1994,1996
7.9848948499251255,2002,2017
7.988801354254835,1986,1977
7.992707858584544,1985,1985
7.9966143629142525,2021,2021
8.000520867243962,2067,2059
8.004427371573671,2082,2086
8.00833387590338,2108,2095
8.012240380233088,2096,2096
8.016146884562797,2103,2094
8.020053388892507,2120,2115
8.023959893222216,2110,2100
8.027866397551925,2125,2110
8.031772901881634,2095,2088
8.035679406211342,2104,2104
8.039585910541051,2098,2086
8.04349241487076,2100,2095
8.04739891920047,2110,2101
8.051305423530179,2147,2140
8.055211927859887,2147,2142
8.059118432189596,2145,2130
8.063024936519305,2145,2135
8.066931440849014,2117,2105
8.070837945178724,2137,2115
8.074744449508433,2105,2104
8.07865095383814,2119,2109
8.08255745816785,2120,2117
8.08646396249756,2103,2091
8.090370466827268,2119,2107
8.094276971156978,2119,2113
8.098183475486685,2114,2127
8.102089979816395,2140,2135
8.105996484146104,2152,2137
8.109902988475813,2152,2155
8.113809492805522,2148,2132
8.11771599713523,2158,2143
8.12162250146494,2149,2131
8.125529005794649,2146,2140
8.129435510124358,2139,2131
8.133342014454067,2142,2135
8.137248518783776,2124,2110
8.141155023113484,2105,2104
8.145061527443193,2118,2115
8.148968031772903,2127,2111
8.152874536102612,2146,2140
8.156781040432321,2154,2144
8.160687544762029,2127,2122
8.164594049091738,2155,2139
8.168500553421447,2150,2138
8.172407057751157,2130,2114
8.176313562080866,2099,2087
8.180220066410575,2109,2109
8.184126570740283,2122,2127
8.188033075069992,2120,2111
8.191939579399701,2104,2090
8.19584608372941,2120,2107
8.19975258805912,2135,2122
8.203659092388827,2146,2131
8.207565596718537,2143,2120
8.211472101048246,2137,2142
8.215378605377955,2126,2113
8.219285109707664,2136,2139
8.223191614037374,2115,2110
8.227098118367081,2087,2082
8.23100462269679,2078,2065
8.2349111270265,2072,2080
8.23881763135621,2064,2063
8.242724135685918,2055,2059
8.246630640015626,2041,2040
8.250537144345335,2054,2050
8.254443648675045,2032,2045
8.258350153004754,2042,2042
8.262256657334463,2044,2064
8.26616316166417,2000,1999
8.27006966599388,2018,2030
8.27397617032359,1990,1995
8.277882674653299,1966,1963
8.281789178983008,1973,1978
8.285695683312717,1951,1955
8.289602187642425,1944,1944
8.293508691972134,1939,1937
8.297415196301843,1954,1964
8.301321700631553,1971,1968
8.305228204961262,1970,1977
8.30913470929097,1982,1987
8.313041213620679,1999,1997
8.316947717950388,1993,2005
8.320854222280097,1964,1972
8.324760726609806,1953,1954
8.328667230939516,1928,1948
8.332573735269223,1949,1952
8.336480239598933,1968,1982
8.340386743928642,1972,1977
8.344293248258351,1952,1963
8.34819975258806,1964,1967
8.352106256917768,1977,1980
8.356012761247477,1968,1987
8.359919265577187,1964,1967
8.363825769906896,1972,1962
8.367732274236605,1980,1980
8.371638778566314,1955,1971
8.375545282896022,1971,1976
8.379451787225731,1927,1938
8.38335829155544,1927,1941
8.38726479588515,1949,1973
8.39117130021486,1915,1925
8.395077804544567,1965,1982
8.398984308874276,1949,1962
8.402890813203985,1980,1988
8.406797317533695,2011,2009
8.410703821863404,1991,1995
8.414610326193111,1986,1991
8.41851683052282,1994,2010
8.42242333485253,1990,1997
8.42632983918224,1972,1970
8.430236343511949,1975,1978
8.434142847841658,1960,1968
8.438049352171365,1962,1967
8.441955856501075,1960,1961
8.445862360830784,1978,1984
8.449768865160493,1979,1977
8.453675369490202,1976,1975
8.45758187381991,1981,1999
8.46148837814962,1995,1996
8.465394882479329,1979,1978
8.469301386809038,1979,1985
8.473207891138747,1994,1994
8.477114395468456,1992,1987
8.481020899798164,1979,1983
8.484927404127873,1977,1982
8.488833908457583,1972,1990
8.492740412787292,2020,2016
8.496646917117001,2033,2035
8.500553421446709,2061,2057
8.504459925776418,2070,2069
8.508366430106127,2092,2094
8.512272934435837,2106,2102
8.516179438765546,2116,2102
8.520085943095255,2105,2093
8.523992447424963,2107,2084
8.527898951754672,2095,2091
8.531805456084381,2103,2107
8.53571196041409,2091,2091
8.5396184647438,2121,2123
8.543524969073507,2112,2104
8.547431473403217,2115,2100
8.551337977732926,2140,2124
8.555244482062635,2163,2145
8.559150986392345,2159,2141
8.563057490722052,2150,2139
8.566963995051761,2122,2109
8.57087049938147,2157,2150
8.57477700371118,2142,2128
8.57868350804089,2134,2137
8.582590012370598,2116,2113
8.586496516700306,2100,2092
8.590403021030015,2104,2097
8.594309525359725,2092,2081
8.598216029689434,2132,2117
8.602122534019143,2157,2144
8.60602903834885,2128,2111
8.60993554267856,2149,2123
8.61384204700827,2162,2152
8.617748551337979,2136,2120
8.621655055667688,2144,2137
8.625561559997397,2142,2133
8.629468064327105,2130,2132
8.633374568656814,2119,2117
8.637281072986523,2107,2085
8.641187577316233,2107,2098
8.645094081645942,2108,2102
8.64900058597565,2127,2117
8.652907090305359,2136,2138
8.656813594635068,2180,2168
8.660720098964777,2139,2136
8.664626603294487,2127,2117
8.668533107624196,2114,2096
8.672439611953903,2128,2117
8.676346116283613,2132,2115
8.680252620613322,2120,2112
8.684159124943031,2099,2104
8.68806562927274,2083,2067
8.691972133602448,2097,2096
8.695878637932157,2136,2120
8.699785142261867,2123,2124
8.703691646591576,2143,2132
8.707598150921285,2136,2126
8.711504655250993,2131,2115
8.715411159580702,2130,2127
8.719317663910411,2130,2114
8.72322416824012,2111,2098
8.72713067256983,2103,2105
8.73103717689954,2093,2087
8.734943681229247,2069,2062
8.738850185558956,2079,2084
8.742756689888665,2041,2029
8.746663194218375,2054,2055
8.750569698548084,2056,2060
8.754476202877791,2025,2023
8.7583827072075,2044,2040
8.76228921153721,2014,2020
8.76619571586692,2031,2031
8.770102220196629,1983,2001
8.774008724526338,1978,1987
8.777915228856045,1978,1994
8.781821733185755,1968,1982
8.785728237515464,1967,1971
8.789634741845173,1938,1937
8.793541246174883,1948,1958
8.79744775050459,1968,1978
8.8013542548343,1969,1967
8.805260759164009,1989,1988
8.809167263493718,1983,1990
8.813073767823427,2005,2010
8.816980272153137,2001,2012
8.820886776482844,1987,2001
8.824793280812553,1995,1995
8.828699785142263,1956,1965
8.832606289471972,1963,1980
8.836512793801681,1966,1980
8.840419298131389,1944,1962
8.844325802461098,1955,1956
8.848232306790807,1966,1966
8.852138811120517,1968,1967
8.856045315450226,1994,1984
8.859951819779935,1949,1960
8.863858324109643,1987,1991
8.867764828439352,1962,1960
8.871671332769061,1956,1965
8.87557783709877,1965,1966
8.87948434142848,1977,1991
8.883390845758187,1944,1953
8.887297350087897,1946,1961
8.891203854417606,1942,1956
8.895110358747315,1970,1980
8.899016863077025,1969,1981
8.902923367406732,1964,1960
8.906829871736441,1979,1992
8.91073637606615,1994,1990
8.91464288039586,1994,1997
8.91854938472557,1959,1965
8.922455889055279,1973,1972
8.926362393384986,1944,1952
8.930268897714695,1964,1971
8.934175402044405,1953,1959
8.938081906374114,1912,1923
8.941988410703823,1943,1951
8.94589491503353,1960,1968
8.94980141936324,1955,1968
8.95370792369295,1985,1993
8.957614428022659,2009,2017
8.961520932352368,1985,1984
8.965427436682077,1977,1983
8.969333941011785,1990,1998
8.973240445341494,1978,1988
8.977146949671203,2008,2008
8.981053454000913,1994,1981
8.984959958330622,1998,1999
8.98886646266033,2000,2004
8.992772966990039,2006,2012
8.996679471319748,2042,2046
9.000585975649457,2037,2038
9.004492479979167,2072,2071
9.008398984308876,2095,2095
9.012305488638583,2091,2093
9.016211992968293,2100,2082
9.020118497298002,2123,2108
9.024025001627711,2122,2116
9.02793150595742,2105,2092
9.031838010287128,2096,2092
9.035744514616837,2108,2099
9.039651018946547,2109,2109
9.043557523276256,2092,2080
9.047464027605965,2124,2120
9.051370531935673,2132,2119
9.055277036265382,2155,2141
9.059183540595091,2145,2131
9.0630900449248,2143,2132
9.06699654925451,2150,2129
9.07090305358422,2130,2124
9.074809557913927,2110,2103
9.078716062243636,2113,2107
9.082622566573345,2108,2104
9.086529070903055,2129,2121
9.090435575232764,2103,2091
9.094342079562471,2117,2110
9.09824858389218,2123,2118
9.10215508822189,2125,2130
9.1060615925516,2143,2125
9.109968096881309,2156,2150
9.113874601211018,2150,2138
9.117781105540725,2147,2140
9.121687609870435,2139,2129
9.125594114200144,2134,2138
9.129500618529853,2117,2105
9.133407122859563,2102,2086
9.13731362718927,2110,2106
9.14122013151898,2105,2104
9.145126635848689,2113,2109
9.149033140178398,2144,2123
9.152939644508107,2125,2126
9.156846148837817,2139,2127
9.160752653167524,2164,2152
9.164659157497233,2133,2114
9.168565661826943,2139,2128
9.172472166156652,2142,2138
9.176378670486361,2127,2108
9.180285174816069,2124,2120
9.184191679145778,2119,2111
9.188098183475487,2088,2092
9.192004687805197,2105,2092
9.195911192134906,2134,2131
9.199817696464613,2125,2105
9.203724200794323,2157,2143
9.207630705124032,2154,2143
9.211537209453741,2146,2133
9.21544371378345,2113,2105
9.21935021811316,2112,2102
9.223256722442867,2119,2117
9.227163226772577,2093,2092
9.231069731102286,2091,2078
9.234976235431995,2095,2086
9.238882739761705,2068,2065
9.242789244091412,2067,2066
9.246695748421121,2038,2037
9.25060225275083,2041,2037
9.25450875708054,2038,2045
9.25841526141025,2050,2050
9.262321765739959,1999,1998
9.266228270069666,2017,2022
9.270134774399375,1996,2011
9.274041278729085,1998,2001
9.277947783058794,1984,1999
9.281854287388503,1972,1977
9.28576079171821,1940,1943
9.28966729604792,1931,1948
9.29357380037763,1933,1954
9.297480304707339,1978,1984
9.301386809037048,1966,1977
9.305293313366757,1971,1979
9.309199817696465,1998,2003
9.313106322026174,1985,1997
9.317012826355883,1986,1988
9.320919330685593,1963,1968
9.324825835015302,1979,2007
9.32873233934501,1957,1967
9.332638843674719,1957,1960
9.336545348004428,1949,1968
9.340451852334137,1963,1968
9.344358356663847,1957,1963
9.348264860993554,1939,1952
9.352171365323263,1970,1993
9.356077869652973,1976,1978
9.359984373982682,1990,2001
9.363890878312391,1993,1992
9.3677973826421,1976,1981
9.371703886971808,1942,1955
9.375610391301517,1988,2005
9.379516895631227,1931,1943
9.383423399960936,1927,1929
9.387329904290645,1929,1933
9.391236408620353,1952,1959
9.395142912950062,1931,1933
9.399049417279771,1951,1956
9.40295592160948,1985,1991
9.40686242593919,1987,1998
9.4107689302689,1997,2005
9.414675434598607,1995,2003
9.418581938928316,1976,1978
9.422488443258025,1971,1972
9.426394947587735,1972,1972
9.430301451917444,1970,1979
9.434207956247151,1967,1974
9.43811446057686,1967,1982
9.44202096490657,1931,1943
9.44592746923628,1948,1960
9.449833973565989,1961,1975
9.453740477895698,1960,1978
9.457646982225405,1976,1989
9.461553486555115,1992,1999
9.465459990884824,1980,1993
9.469366495214533,1955,1965
9.473272999544243,2002,2008
9.47717950387395,2005,2014
9.48108600820366,1985,1997
9.484992512533369,1989,1992
9.488899016863078,1988,1995
9.492805521192787,2035,2034
9.496712025522495,2020,2027
9.500618529852204,2048,2044
9.504525034181913,2083,2087
9.508431538511623,2093,2095
9.512338042841332,2116,2107
9.516244547171041,2104,2103
9.520151051500749,2121,2108
9.524057555830458,2111,2104
9.527964060160167,2088,2086
9.531870564489877,2098,2090
9.535777068819586,2117,2110
9.539683573149293,2124,2114
9.543590077479003,2106,2100
9.547496581808712,2127,2114
9.551403086138421,2118,2110
9.55530959046813,2142,2131
9.55921609479784,2127,2125
9.563122599127547,2150,2138
9.567029103457257,2142,2127
9.570935607786966,2146,2132
9.574842112116675,2120,2107
9.578748616446385,2112,2100
9.582655120776092,2108,2102
9.586561625105801,2128,2116
9.59046812943551,2112,2093
9.59437463376522,2137,2132
9.59828113809493,2109,2111
9.602187642424639,2144,2117
9.606094146754346,2136,2128
9.610000651084055,2153,2129
9.613907155413765,2145,2136
9.617813659743474,2130,2129
9.621720164073183,2154,2143
9.62562666840289,2128,2125
9.6295331727326,2121,2114
9.63343967706231,2129,2110
9.637346181392019,2121,2116
9.641252685721728,2121,2115
9.645159190051437,2113,2103
9.649065694381145,2105,2095
9.652972198710854,2151,2146
9.656878703040563,2152,2144
9.660785207370273,2135,2125
9.664691711699982,2156,2136
9.66859821602969,2137,2142
9.672504720359399,2121,2114
9.676411224689108,2131,2124
9.680317729018817,2104,2099
9.684224233348527,2105,2104
9.688130737678234,2115,2108
9.692037242007943,2113,2108
9.695943746337653,2121,2102
9.699850250667362,2151,2130
9.703756754997071,2125,2108
9.70766325932678,2140,2126
9.711569763656488,2150,2142
9.715476267986197,2133,2131
9.719382772315907,2109,2112
9.723289276645616,2116,2111
9.727195780975325,2115,2107
9.731102285305033,2083,2066
9.735008789634742,2081,2086
9.738915293964451,2073,2068
9.74282179829416,2058,2055
9.74672830262387,2037,2046
9.75063480695358,2043,2050
9.754541311283287,2041,2036
9.758447815612996,2035,2034
9.762354319942705,2009,2016
9.766260824272415,2023,2025
9.770167328602124,1986,1998
9.774073832931832,1983,1987
9.77798033726154,1985,1994
9.78188684159125,1973,1989
9.78579334592096,1934,1945
9.789699850250669,1929,1937
9.793606354580378,1965,1976
9.797512858910085,1957,1960
9.801419363239795,1959,1968
9.805325867569504,1989,1999
9.809232371899213,1975,1978
9.813138876228923,1999,2000
9.81704538055863,2001,1993
9.82095188488834,1956,1969
9.824858389218049,1976,1990
9.828764893547758,1948,1954
9.832671397877467,1948,1955
9.836577902207175,1946,1953
9.840484406536884,1960,1966
9.844390910866593,1947,1947
9.848297415196303,1964,1975
9.852203919526012,1962,1967
9.856110423855721,1972,1980
9.860016928185429,1961,1957
9.863923432515138,1992,1996
9.867829936844847,1973,1978
9.871736441174557,1972,1970
9.875642945504266,1954,1969
9.879549449833974,1951,1953
9.883455954163683,1939,1950
9.887362458493392,1933,1944
9.891268962823101,1919,1935
9.89517546715281,1950,1957
9.89908197148252,1981,1989
9.902988475812228,1986,1994
9.906894980141937,1979,1986
9.910801484471646,2010,2011
9.914707988801355,1999,1996
9.918614493131065,1996,2001
9.922520997460772,1970,1982
9.926427501790482,1969,1986
9.93033400612019,1989,1987
9.9342405104499,1965,1986
9.93814701477961,1949,1971
9.942053519109319,1954,1962
9.945960023439026,1949,1963
9.949866527768735,1962,1980
9.953773032098445,1974,1982
9.957679536428154,2001,2005
9.961586040757863,1989,1988
9.96549254508757,1974,1978
9.96939904941728,1988,1988
9.97330555374699,1993,2004
9.977212058076699,1975,1985
9.981118562406408,1979,1979
9.985025066736116,1993,1996
9.988931571065825,1987,1999
9.992838075395534,2003,2011
9.996744579725243,2031,2040
10.000651084054953,2044,2042
10.004557588384662,2080,2088
10.00846409271437,2104,2099
10.012370597044079,2090,2081
10.016277101373788,2101,2091
10.020183605703497,2114,2103
10.024090110033207,2113,2109
10.027996614362914,2111,2099
10.031903118692624,2118,2114
10.035809623022333,2101,2100
10.039716127352042,2128,2117
10.043622631681751,2149,2136
10.04752913601146,2109,2106
10.051435640341168,2143,2132
10.055342144670878,2154,2144
10.059248649000587,2134,2120
10.063155153330296,2153,2134
10.067061657660005,2123,2128
10.070968161989713,2111,2124
10.074874666319422,2119,2110
10.078781170649131,2107,2098
10.08268767497884,2116,2121
10.08659417930855,2098,2087
10.09050068363826,2118,2113
10.094407187967967,2082,2070
10.098313692297676,2106,2103
10.102220196627385,2120,2123
10.106126700957095,2124,2111
10.110033205286804,2152,2142
10.113939709616512,2144,2131
10.11784621394622,2148,2136
10.12175271827593,2123,2119
10.12565922260564,2148,2141
10.129565726935349,2133,2118
10.133472231265056,2104,2103
10.137378735594766,2104,2102
10.141285239924475,2143,2127
10.145191744254184,2109,2100
10.149098248583893,2119,2114
10.153004752913603,2134,2118
10.15691125724331,2127,2122
10.16081776157302,2138,2137
10.164724265902729,2123,2118
10.168630770232438,2118,2102
10.172537274562147,2146,2130
10.176443778891855,2117,2115
10.180350283221564,2120,2109
10.184256787551274,2110,2112
10.188163291880983,2112,2119
10.192069796210692,2096,2091
10.195976300540401,2128,2124
10.199882804870109,2142,2127
10.203789309199818,2139,2138
10.207695813529527,2148,2141
10.211602317859237,2139,2128
10.215508822188946,2149,2138
10.219415326518654,2123,2110
10.223321830848363,2118,2108
10.227228335178072,2101,2096
10.231134839507781,2079,2069
10.23504134383749,2062,2057
10.2389478481672,2053,2059
10.242854352496908,2041,2042
10.246760856826617,2041,2055
10.250667361156326,2054,2046
10.254573865486035,2039,2039
10.258480369815745,2027,2032
10.262386874145452,2053,2054
10.266293378475162,2000,2002
10.27019988280487,1999,2005
10.27410638713458,1984,1996
10.27801289146429,1980,1994
10.281919395793997,1944,1963
10.285825900123706,1955,1962
10.289732404453416,1951,1966
10.293638908783125,1968,1978
10.297545413112834,1951,1962
10.301451917442543,1973,1977
10.305358421772251,1998,2003
10.30926492610196,1977,1996
10.31317143043167,1983,1993
10.317077934761379,1998,2005
10.320984439091088,1958,1970
10.324890943420796,1952,1967
10.328797447750505,1943,1948
10.332703952080214,1962,1972
10.336610456409923,1943,1954
10.340516960739633,1953,1969
10.344423465069342,1951,1963
10.34832996939905,1952,1963
10.352236473728759,1982,1985
10.356142978058468,1997,2004
10.360049482388177,1984,1987
10.363955986717887,1967,1972
10.367862491047594,1959,1971
10.371768995377304,1955,1964
10.375675499707013,1962,1965
10.379582004036722,1945,1951
10.383488508366431,1945,1955
10.38739501269614,1935,1943
10.391301517025848,1943,1955
10.395208021355558,1937,1958
10.399114525685267,1961,1968
10.403021030014976,1989,1996
10.406927534344685,2012,2034
10.410834038674393,1986,1985
10.414740543004102,2000,2008
10.418647047333812,1963,1965
10.42255355166352,1973,1978
10.42646005599323,1980,1984
10.43036656032294,1942,1947
10.434273064652647,1947,1960
10.438179568982356,1950,1959
10.442086073312066,1950,1962
10.445992577641775,1958,1965
10.449899081971484,1948,1959
10.453805586301192,1977,1989
10.457712090630901,1975,1977
10.46161859496061,1966,1971
10.46552509929032,1991,1998
10.469431603620029,1966,1970
10.473338107949736,1985,1999
10.477244612279446,2017,2019
10.481151116609155,1982,1995
10.485057620938864,1990,1990
10.488964125268573,1992,2004
10.492870629598283,2004,2005
10.49677713392799,2007,2009
10.5006836382577,2031,2037
10.504590142587409,2075,2077
10.508496646917118,2091,2080
10.512403151246827,2104,2105
10.516309655576535,2123,2124
10.520216159906244,2111,2101
10.524122664235954,2101,2107
10.528029168565663,2112,2104
10.531935672895372,2107,2093
10.535842177225081,2112,2093
10.539748681554789,2148,2139
10.543655185884498,2105,2095
10.547561690214208,2118,2102
10.551468194543917,2128,2114
10.555374698873626,2124,2130
10.559281203203334,2165,2155
10.563187707533043,2157,2144
10.567094211862752,2123,2107
10.571000716192462,2110,2094
10.57490722052217,2116,2107
10.57881372485188,2135,2134
10.582720229181588,2097,2100
10.586626733511297,2104,2102
10.590533237841006,2101,2100
10.594439742170715,2108,2109
10.598346246500425,2112,2103
10.602252750830132,2134,2130
10.606159255159842,2151,2135
10.61006575948955,2135,2131
10.61397226381926,2159,2139
10.61787876814897,2135,2128
10.621785272478677,2124,2114
10.625691776808386,2148,2136
10.629598281138096,2130,2123
10.633504785467805,2108,2094
10.637411289797514,2113,2100
10.641317794127223,2117,2110
10.645224298456931,2105,2099
10.64913080278664,2108,2093
10.65303730711635,2131,2126
10.656943811446059,2149,2136
10.660850315775768,2131,2120
10.664756820105476,2137,2121
10.668663324435185,2121,2119
10.672569828764894,2149,2142
10.676476333094604,2106,2092
10.680382837424313,2128,2124
10.684289341754022,2111,2106
10.68819584608373,2104,2094
10.692102350413439,2120,2110
10.696008854743148,2117,2104
10.699915359072858,2168,2158
10.703821863402567,2113,2107
10.707728367732274,2143,2135
10.711634872061984,2130,2132
10.715541376391693,2157,2146
10.719447880721402,2137,2125
10.723354385051111,2087,2088
10.72726088938082,2127,2120
10.731167393710528,2101,2101
10.735073898040238,2074,2059
10.738980402369947,2037,2030
10.742886906699656,2035,2031
10.746793411029365,2036,2035
10.750699915359073,2047,2054
10.754606419688782,2043,2042
10.758512924018492,2043,2036
10.7624194283482,2022,2029
10.76632593267791,2044,2039
10.770232437007618,2020,2026
10.774138941337327,1975,1970
10.778045445667036,1994,2007
10.781951949996746,1955,1966
10.785858454326455,1950,1969
10.789764958656164,1937,1946
10.793671462985872,1951,1955
10.797577967315581,1974,1986
10.80148447164529,1956,1961
10.805390975975,1973,1978
10.809297480304709,1994,2001
10.813203984634416,1985,1985
10.817110488964126,1987,1991
10.821016993293835,1970,1970
10.824923497623544,1974,1991
10.828830001953254,1953,1969
10.832736506282963,1982,1990
10.83664301061267,1954,1958
10.84054951494238,1941,1953
10.844456019272089,1949,1963
10.848362523601798,1969,1985
10.852269027931507,1982,1977
10.856175532261215,1983,1991
10.860082036590924,1975,1982
10.863988540920634,1990,1997
10.867895045250343,1942,1961
10.871801549580052,1978,1986
10.875708053909761,1940,1944
10.879614558239469,1964,1979
10.883521062569178,1954,1958
10.887427566898888,1951,1958
10.891334071228597,1946,1961
10.895240575558306,1947,1961
10.899147079888014,1960,1972
10.903053584217723,2002,2014
10.906960088547432,1979,1999
10.910866592877142,2000,2004
10.91477309720685,2003,2011
10.918679601536558,1982,1998
10.922586105866268,1977,1988
10.926492610195977,1972,1979
10.930399114525686,1971,1976
10.934305618855396,1950,1958
10.938212123185105,1947,1953
10.942118627514812,1956,1976
10.946025131844522,1950,1967
10.949931636174231,1981,1994
10.95383814050394,1978,1989
10.95774464483365,1983,1993
10.961651149163357,2004,2010
10.965557653493066,1962,1975
10.969464157822776,1977,1989
10.973370662152485,1987,1994
10.977277166482194,1974,1981
10.981183670811903,1993,1992
10.985090175141611,1991,1998
10.98899667947132,1989,2007
10.99290318380103,2014,2010
10.996809688130739,2041,2046
11.000716192460448,2057,2057
11.004622696790156,2085,2075
11.008529201119865,2085,2083
11.012435705449574,2112,2110
11.016342209779284,2096,2090
11.020248714108993,2099,2098
11.024155218438702,2106,2098
11.02806172276841,2118,2126
11.031968227098119,2107,2107
11.035874731427828,2104,2095
11.039781235757538,2104,2102
11.043687740087247,2129,2115
11.047594244416954,2135,2121
11.051500748746664,2142,2136
11.055407253076373,2161,2149
11.059313757406082,2125,2125
11.063220261735792,2141,2132
11.067126766065499,2157,2140
11.071033270395208,2128,2118
11.074939774724918,2141,2126
11.078846279054627,2102,2094
11.082752783384336,2116,2106
11.086659287714046,2092,2085
11.090565792043753,2114,2107
11.094472296373462,2109,2075
11.098378800703172,2127,2112
11.102285305032881,2133,2131
11.10619180936259,2164,2149
11.110098313692298,2151,2140
11.114004818022007,2164,2154
11.117911322351716,2132,2134
11.121817826681426,2136,2124
11.125724331011135,2123,2113
11.129630835340844,2136,2123
11.133537339670552,2098,2093
11.137443844000261,2129,2122
11.14135034832997,2106,2100
11.14525685265968,2099,2090
11.149163356989389,2125,2107
11.153069861319096,2126,2124
11.156976365648806,2144,2128
11.160882869978515,2142,2128
11.164789374308224,2145,2142
11.168695878637934,2140,2125
11.172602382967643,2118,2102
11.17650888729735,2109,2103
11.18041539162706,2126,2123
11.184321895956769,2101,2102
11.188228400286478,2117,2111
11.192134904616188,2098,2092
11.196041408945895,2126,2130
11.199947913275604,2140,2133
11.203854417605314,2180,2167
11.207760921935023,2148,2139
11.211667426264732,2134,2129
11.215573930594442,2146,2128
11.219480434924149,2113,2097
11.223386939253858,2117,2106
11.227293443583568,2091,2084
11.231199947913277,2096,2089
11.235106452242986,2062,2067
11.239012956572694,2050,2051
11.242919460902403,2043,2039
11.246825965232112,2025,2024
11.250732469561822,2053,2041
11.254638973891531,2031,2033
11.258545478221238,2020,2023
11.262451982550948,2038,2046
11.266358486880657,2005,2009
11.270264991210366,1981,1999
11.274171495540076,1971,1973
11.278077999869785,1958,1960
11.281984504199492,1967,1974
11.285891008529202,1956,1968
11.289797512858911,1947,1962
11.29370401718862,1945,1949
11.29761052151833,1959,1967
11.301517025848037,1980,1992
11.305423530177746,1974,1969
11.309330034507456,1975,1993
11.313236538837165,1985,1999
11.317143043166874,1965,1970
11.321049547496584,1993,2001
11.324956051826291,1958,1953
11.328862556156,1949,1974
11.33276906048571,1953,1972
11.336675564815419,1964,1982
11.340582069145128,1943,1956
11.344488573474836,1954,1968
11.348395077804545,1942,1950
11.352301582134254,1969,1980
11.356208086463964,1991,1999
11.360114590793673,1991,2006
11.364021095123382,1984,1976
11.36792759945309,1983,1986
11.371834103782799,1948,1961
11.375740608112508,1962,1977
11.379647112442218,1935,1952
11.383553616771927,1942,1950
11.387460121101634,1939,1952
11.391366625431344,1964,1972
11.395273129761053,1950,1963
11.399179634090762,1952,1963
11.403086138420472,1969,1977
11.406992642750179,1987,1988
11.410899147079888,1974,1984
11.414805651409598,1980,1993
11.418712155739307,1983,2003
11.422618660069016,1989,1997
11.426525164398726,1958,1959
11.430431668728433,1957,1970
11.434338173058142,1947,1971
11.438244677387852,1949,1954
11.442151181717561,1969,1971
11.44605768604727,1937,1958
11.449964190376978,1948,1961
11.453870694706687,1968,1979
11.457777199036396,1998,1992
11.461683703366106,1983,1996
11.465590207695815,1988,1990
11.469496712025524,1979,1990
11.473403216355232,1958,1961
11.477309720684941,1984,1997
11.48121622501465,1973,1979
11.48512272934436,2009,2021
11.489029233674069,1998,2014
11.492935738003776,2015,2025
11.496842242333486,2032,2029
11.500748746663195,2078,2066
11.504655250992904,2066,2059
11.508561755322614,2100,2083
11.512468259652323,2096,2098
11.51637476398203,2099,2098
11.52028126831174,2126,2110
11.524187772641449,2108,2105
11.528094276971158,2129,2128
11.532000781300868,2117,2116
11.535907285630575,2117,2105
11.539813789960284,2132,2129
11.543720294289994,2106,2101
11.547626798619703,2128,2131
11.551533302949412,2119,2112
11.55543980727912,2148,2144
11.559346311608829,2163,2146
11.563252815938538,2155,2151
11.567159320268248,2141,2123
11.571065824597957,2134,2126
11.574972328927666,2127,2119
11.578878833257374,2110,2098
11.582785337587083,2116,2096
11.586691841916792,2102,2098
11.590598346246502,2106,2086
11.594504850576211,2102,2099
11.598411354905918,2126,2114
11.602317859235628,2136,2126
11.606224363565337,2153,2135
11.610130867895046,2148,2130
11.614037372224756,2140,2137
11.617943876554465,2142,2133
11.621850380884172,2141,2124
11.625756885213882,2143,2137
11.629663389543591,2134,2119
11.6335698938733,2125,2121
11.63747639820301,2095,2091
11.641382902532717,2103,2093
11.645289406862426,2093,2091
11.649195911192136,2137,2123
11.653102415521845,2139,2135
11.657008919851554,2150,2137
11.660915424181264,2140,2137
11.664821928510971,2142,2129
11.66872843284068,2136,2120
11.67263493717039,2123,2112
11.676541441500099,2105,2091
11.680447945829808,2111,2112
11.684354450159516,2106,2095
11.688260954489225,2103,2093
11.692167458818934,2097,2094
11.696073963148644,2121,2104
11.699980467478353,2123,2106
11.70388697180806,2153,2141
11.70779347613777,2137,2130
11.711699980467479,2157,2140
11.715606484797188,2139,2130
11.719512989126898,2123,2114
11.723419493456607,2116,2110
11.727325997786314,2115,2110
11.731232502116024,2094,2090
11.735139006445733,2070,2065
11.739045510775442,2054,2054
11.742952015105152,2057,2053
11.74685851943486,2058,2051
11.750765023764568,2059,2060
11.754671528094278,2057,2044
11.758578032423987,2024,2022
11.762484536753696,2006,2018
11.766391041083406,2027,2024
11.770297545413113,2014,2015
11.774204049742822,1996,2008
11.778110554072532,1962,1973
11.782017058402241,1957,1969
11.78592356273195,1950,1959
11.789830067061658,1945,1948
11.793736571391367,1933,1946
11.797643075721076,1968,1974
11.801549580050786,1972,1975
11.805456084380495,1987,1984
11.809362588710204,1992,1987
11.813269093039912,1987,1997
11.817175597369621,1995,1998
11.82108210169933,1985,1984
11.82498860602904,1951,1955
11.828895110358749,1970,1972
11.832801614688456,1969,1981
11.836708119018166,1961,1966
11.840614623347875,1957,1969
11.844521127677584,1941,1960
11.848427632007294,1962,1968
11.852334136337001,1945,1948
11.85624064066671,1981,1986
11.86014714499642,1991,1995
11.864053649326129,1983,1990
11.867960153655838,1980,1992
11.871866657985548,1953,1959
11.875773162315255,1953,1969
11.879679666644964,1942,1950
11.883586170974674,1961,1969
11.887492675304383,1932,1948
11.891399179634092,1953,1964
11.8953056839638,1952,1948
11.89921218829351,1951,1959
11.903118692623218,1979,1990
11.907025196952928,1982,1988
11.910931701282637,1994,2004
11.914838205612346,2000,2009
11.918744709942054,1998,2001
11.922651214271763,1957,1963
11.926557718601472,1957,1970
11.930464222931182,1965,1978
11.934370727260891,1959,1966
11.938277231590599,1924,1944
11.942183735920308,1948,1972
11.946090240250017,1941,1959
11.949996744579726,1953,1959
11.953903248909436,1980,1988
11.957809753239145,2011,2025
11.961716257568852,1984,1981
11.965622761898562,2001,1997
11.969529266228271,1974,1983
11.97343577055798,1989,1986
11.97734227488769,1994,2007
11.981248779217397,1982,1996
11.985155283547106,1969,1987
11.989061787876816,1994,2002
11.992968292206525,2000,2005
11.996874796536234,2020,2039
12.000781300865942,2041,2031
12.004687805195651,2072,2069
12.00859430952536,2098,2087
12.01250081385507,2106,2094
12.016407318184779,2099,2080
12.020313822514488,2103,2090
12.024220326844196,2117,2110
12.028126831173905,2115,2102
12.032033335503614,2123,2101
12.035939839833324,2095,2090
12.039846344163033,2120,2112
12.04375284849274,2104,2098
12.04765935282245,2125,2111
12.051565857152159,2158,2152
12.055472361481868,2157,2152
12.059378865811578,2142,2150
12.063285370141287,2143,2136
12.067191874470995,2121,2109
12.071098378800704,2142,2137
12.075004883130413,2103,2095
12.078911387460122,2106,2107
12.082817891789832,2125,2126
12.08672439611954,2113,2110
12.090630900449248,2113,2104
12.094537404778958,2098,2086
12.098443909108667,2135,2119
12.102350413438376,2143,2125
12.106256917768086,2165,2136
12.110163422097793,2179,2170
12.114069926427502,2154,2147
12.117976430757212,2138,2128
12.121882935086921,2120,2126
12.12578943941663,2118,2103
12.129695943746338,2138,2120
12.133602448076047,2119,2121
12.137508952405756,2129,2131
12.141415456735466,2082,2076
12.145321961065175,2108,2101
12.149228465394884,2131,2120
12.153134969724592,2127,2119
12.157041474054301,2149,2129
12.16094797838401,2141,2132
12.16485448271372,2157,2134
12.168760987043429,2120,2112
12.172667491373137,2109,2108
12.176573995702846,2106,2098
12.180480500032555,2109,2096
12.184387004362264,2127,2131
12.188293508691974,2111,2103
12.192200013021681,2124,2112
12.19610651735139,2118,2118
12.2000130216811,2106,2096
12.203919526010809,2123,2122
12.207826030340518,2146,2135
12.211732534670228,2152,2141
12.215639038999935,2154,2142
12.219545543329644,2114,2101
12.223452047659354,2117,2113
12.227358551989063,2102,2093
12.231265056318772,2086,2085
12.23517156064848,2080,2077
12.23907806497819,2052,2049
12.242984569307898,2034,2038
12.246891073637608,2049,2051
12.250797577967317,2036,2036
12.254704082297026,2038,2033
12.258610586626734,2052,2055
12.262517090956443,2036,2034
12.266423595286152,2009,2013
12.270330099615862,2004,2015
12.274236603945571,1977,1990
12.278143108275279,1974,1978
12.282049612604988,1945,1963
12.285956116934697,1935,1956
12.289862621264406,1953,1960
12.293769125594116,1956,1970
12.297675629923825,1947,1955
12.301582134253533,1957,1968
12.305488638583242,1984,1988
12.309395142912951,1975,1985
12.31330164724266,1978,1978
12.31720815157237,2016,2009
12.321114655902077,1981,1984
12.325021160231787,1947,1959
12.328927664561496,1966,1970
12.332834168891205,1968,1966
12.336740673220914,1935,1933
12.340647177550622,1923,1947
12.344553681880331,1960,1965
12.34846018621004,1944,1958
12.35236669053975,1989,2003
12.356273194869459,1995,2006
12.360179699199168,2003,2009
12.364086203528876,1977,1973
12.367992707858585,1991,1990
12.371899212188294,1954,1954
12.375805716518004,1958,1963
12.379712220847713,1967,1986
12.38361872517742,1950,1953
12.38752522950713,1968,1965
12.39143173383684,1979,1992
12.395338238166548,1956,1961
12.399244742496258,1942,1949
12.403151246825967,1997,1990
12.407057751155675,1984,1998
12.410964255485384,1993,1994
12.414870759815093,1983,1992
12.418777264144802,1973,1982
12.422683768474512,1980,1980
12.42659027280422,1989,2000
12.430496777133929,1988,2003
12.434403281463638,1969,1967
12.438309785793347,1963,1974
12.442216290123056,1930,1943
12.446122794452766,1960,1970
12.450029298782473,1961,1973
12.453935803112183,1995,2002
12.457842307441892,1979,1975
12.461748811771601,2014,2015
12.46565531610131,1989,1988
12.469561820431018,1988,2001
12.473468324760727,1991,1997
12.477374829090436,1984,1992
12.481281333420146,1980,1988
12.485187837749855,1971,1969
12.489094342079563,2006,2010
12.493000846409272,2014,2018
12.496907350738981,2008,2013
12.50081385506869,2056,2051
12.5047203593984,2075,2072
12.508626863728109,2101,2106
12.512533368057817,2113,2117
12.516439872387526,2105,2095
12.520346376717235,2130,2115
12.524252881046944,2093,2089
12.528159385376654,2108,2110
12.532065889706361,2121,2113
12.53597239403607,2122,2105
12.53987889836578,2097,2087
12.54378540269549,2104,2099
12.547691907025198,2147,2141
12.551598411354908,2142,2121
12.555504915684615,2130,2116
12.559411420014325,2147,2129
12.563317924344034,2127,2115
12.567224428673743,2137,2121
12.571130933003452,2168,2153
12.57503743733316,2122,2116
12.57894394166287,2125,2120
12.582850445992579,2110,2103
12.586756950322288,2099,2109
12.590663454651997,2118,2111
12.594569958981706,2103,2091
12.598476463311414,2116,2109
12.602382967641123,2127,2122
12.606289471970832,2152,2144
12.610195976300542,2176,2164
12.614102480630251,2137,2126
12.618008984959959,2167,2154
12.621915489289668,2112,2107
12.625821993619377,2150,2143
12.629728497949086,2136,2127
12.633635002278796,2100,2104
12.637541506608503,2125,2109
12.641448010938213,2132,2120
12.645354515267922,2119,2110
12.649261019597631,2152,2140
12.65316752392734,2142,2127
12.65707402825705,2124,2131
12.660980532586757,2135,2128
12.664887036916467,2147,2135
12.668793541246176,2134,2136
12.672700045575885,2128,2116
12.676606549905594,2106,2098
12.680513054235302,2101,2093
12.684419558565011,2116,2112
12.68832606289472,2098,2085
12.69223256722443,2135,2126
12.69613907155414,2121,2110
12.700045575883848,2121,2111
12.703952080213556,2143,2136
12.707858584543265,2150,2135
12.711765088872975,2130,2123
12.715671593202684,2135,2126
12.719578097532393,2117,2102
12.7234846018621,2113,2105
12.72739110619181,2115,2117
12.73129761052152,2103,2097
12.735204114851228,2068,2061
12.739110619180938,2057,2057
12.743017123510647,2050,2047
12.746923627840355,2035,2045
12.750830132170064,2083,2077
12.754736636499773,2049,2033
12.758643140829482,2039,2041
12.762549645159192,2012,2015
12.7664561494889,2017,2019
12.770362653818609,2009,2003
12.774269158148318,1994,1993
12.778175662478027,1984,1994
12.782082166807736,1936,1946
12.785988671137444,1938,1948
12.789895175467153,1955,1952
12.793801679796863,1951,1953
12.797708184126572,1957,1971
12.801614688456281,1975,1968
12.80552119278599,1986,1997
12.809427697115698,1983,1979
12.813334201445407,1988,1979
12.817240705775117,1983,1982
12.821147210104826,1965,1978
12.825053714434535,1964,1961
12.828960218764243,1961,1962
12.832866723093952,1954,1965
12.836773227423661,1962,1968
12.84067973175337,1949,1954
12.84458623608308,1955,1960
12.848492740412789,1934,1950
12.852399244742497,1967,1970
12.856305749072206,1982,1986
12.860212253401915,1991,2004
12.864118757731624,1991,1995
12.868025262061334,1978,1988
12.871931766391041,1967,1973
12.87583827072075,1968,1968
12.87974477505046,1959,1966
12.88365127938017,1947,1949
12.887557783709878,1953,1965
12.891464288039588,1960,1970
12.895370792369295,1960,1972
12.899277296699005,1980,1978
12.903183801028714,1991,1997
12.907090305358423,2004,2006
12.910996809688132,1976,1993
12.91490331401784,1985,1987
12.91880981834755,2011,2019
12.922716322677259,1987,2004
12.926622827006968,1961,1967
12.930529331336677,1970,1971
12.934435835666386,1956,1967
12.938342339996094,1974,1983
12.942248844325803,1950,1951
12.946155348655513,1953,1965
12.950061852985222,1986,1991
12.953968357314931,1956,1974
12.957874861644639,1988,1995
12.961781365974348,2005,2013
12.965687870304057,1977,1989
12.969594374633767,1990,1991
12.973500878963476,1987,1995
12.977407383293183,1984,2002
12.981313887622893,1975,1989
12.985220391952602,1969,1986
12.989126896282311,1998,2001
12.99303340061202,2008,2012
12.99693990494173,2044,2042
13.000846409271437,2062,2056
13.004752913601147,2075,2068
13.008659417930856,2090,2083
13.012565922260565,2111,2099
13.016472426590274,2098,2077
13.020378930919982,2094,2086
13.024285435249691,2144,2139
13.0281919395794,2115,2111
13.03209844390911,2097,2093
13.03600494823882,2099,2097
13.039911452568528,2111,2109
13.043817956898236,2093,2091
13.047724461227945,2132,2124
13.051630965557655,2154,2139
13.055537469887364,2146,2141
13.059443974217073,2154,2145
13.06335047854678,2124,2123
13.06725698287649,2141,2133
13.0711634872062,2128,2113
13.075069991535909,2118,2096
13.078976495865618,2102,2104
13.082883000195327,2114,2102
13.086789504525035,2097,2092
13.090696008854744,2102,2099
13.094602513184453,2119,2118
13.098509017514163,2146,2133
13.102415521843872,2131,2127
13.10632202617358,2133,2130
13.110228530503289,2158,2144
13.114135034832998,2151,2143
13.118041539162707,2143,2135
13.121948043492417,2155,2145
13.125854547822124,2134,2117
13.129761052151833,2107,2095
13.133667556481543,2111,2107
13.137574060811252,2136,2123
13.141480565140961,2104,2099
13.14538706947067,2117,2108
13.149293573800378,2101,2100
13.153200078130087,2130,2128
13.157106582459797,2118,2091
13.161013086789506,2152,2146
13.164919591119215,2140,2133
13.168826095448923,2115,2112
13.172732599778632,2111,2101
13.176639104108341,2105,2097
13.18054560843805,2142,2138
13.18445211276776,2103,2094
13.18835861709747,2123,2125
13.192265121427177,2093,2087
13.196171625756886,2119,2110
13.200078130086595,2123,2096
13.203984634416305,2150,2147
13.207891138746014,2138,2142
13.211797643075721,2137,2131
13.21570414740543,2133,2128
13.21961065173514,2146,2127
13.22351715606485,2114,2111
13.227423660394559,2118,2110
13.231330164724268,2082,2082
13.235236669053975,2070,2062
13.239143173383685,2045,2054
13.243049677713394,2042,2032
13.246956182043103,2066,2064
13.250862686372813,2040,2035
13.25476919070252,2025,2023
13.25867569503223,2030,2041
13.262582199361939,2031,2033
13.266488703691648,2033,2038
13.270395208021357,2000,1996
13.274301712351065,1962,1971
13.278208216680774,1971,1970
13.282114721010483,1949,1952
13.286021225340193,1972,1986
13.289927729669902,1938,1950
13.293834233999611,1956,1973
13.297740738329319,1970,1981
13.301647242659028,1985,1993
13.305553746988737,1961,1963
13.309460251318447,1986,2001
13.313366755648156,2004,2015
13.317273259977863,1948,1955
13.321179764307573,1964,1972
13.325086268637282,1985,1990
13.328992772966991,1974,1982
13.3328992772967,1956,1963
13.33680578162641,1979,1983
13.340712285956117,1946,1953
13.344618790285827,1958,1973
13.348525294615536,1970,1978
13.352431798945245,1997,1999
13.356338303274955,1993,2004
13.360244807604662,1990,1991
13.364151311934371,1986,1999
13.36805781626408,1970,1972
13.37196432059379,1982,1988
13.3758708249235,1952,1955
13.379777329253209,1935,1948
13.383683833582916,1928,1939
13.387590337912625,1921,1934
13.391496842242335,1957,1971
13.395403346572044,1951,1959
13.399309850901753,1963,1972
13.40321635523146,1969,1970
13.40712285956117,2003,2012
13.41102936389088,2002,2007
13.414935868220589,2001,2004
13.418842372550298,1995,2005
13.422748876880005,1979,1985
13.426655381209715,1958,1968
13.430561885539424,1968,1973
13.434468389869133,1973,1983
13.438374894198843,1939,1939
13.442281398528552,1964,1970
13.44618790285826,1957,1968
13.450094407187969,1986,1985
13.454000911517678,1984,1992
13.457907415847387,1964,1972
13.461813920177097,1975,1991
13.465720424506804,1984,1992
13.469626928836513,1969,1980
13.473533433166223,1975,1986
13.477439937495932,1995,1997
13.481346441825641,1975,1979
13.48525294615535,1997,1992
13.489159450485058,1989,2002
13.493065954814767,2008,2007
13.496972459144477,2031,2034
13.500878963474186,2024,2024
13.504785467803895,2086,2075
13.508691972133603,2094,2086
13.512598476463312,2121,2110
13.516504980793021,2084,2077
13.52041148512273,2102,2101
13.52431798945244,2106,2101
13.52822449378215,2135,2128
13.532130998111857,2118,2107
13.536037502441566,2089,2083
13.539944006771275,2123,2109
13.543850511100985,2092,2086
13.547757015430694,2131,2122
13.551663519760401,2127,2122
13.55557002409011,2132,2121
13.55947652841982,2141,2136
13.56338303274953,2165,2158
13.567289537079239,2142,2140
13.571196041408946,2139,2141
13.575102545738655,2124,2122
13.579009050068365,2104,2091
13.582915554398074,2119,2111
13.586822058727783,2108,2095
13.590728563057493,2104,2111
13.5946350673872,2110,2094
13.59854157171691,2112,2096
13.602448076046619,2149,2133
13.606354580376328,2147,2138
13.610261084706037,2142,2128
13.614167589035745,2132,2121
13.618074093365454,2146,2133
13.621980597695163,2127,2119
13.625887102024873,2136,2123
13.629793606354582,2124,2114
13.633700110684291,2111,2104
13.637606615013999,2106,2106
13.641513119343708,2124,2109
13.645419623673417,2124,2109
13.649326128003127,2121,2117
13.653232632332836,2151,2149
13.657139136662543,2152,2143
13.661045640992253,2141,2134
13.664952145321962,2135,2120
13.668858649651671,2133,2131
13.67276515398138,2120,2109
13.67667165831109,2118,2111
13.680578162640797,2114,2114
13.684484666970507,2120,2105
13.688391171300216,2105,2099
13.692297675629925,2120,2118
13.696204179959635,2112,2107
13.700110684289342,2141,2132
13.704017188619051,2151,2137
13.70792369294876,2140,2133
13.71183019727847,2128,2119
13.71573670160818,2147,2132
13.719643205937889,2125,2123
13.723549710267596,2118,2115
13.727456214597305,2103,2101
13.731362718927015,2104,2088
13.735269223256724,2103,2101
13.739175727586433,2069,2065
13.74308223191614,2042,2034
13.74698873624585,2046,2035
13.75089524057556,2045,2052
13.754801744905269,2040,2040
13.758708249234978,2056,2056
13.762614753564685,2047,2043
13.766521257894395,2022,2029
13.770427762224104,2008,2017
13.774334266553813,1978,1986
13.778240770883523,1977,1973
13.782147275213232,1960,1966
13.78605377954294,1934,1956
13.789960283872649,1943,1949
13.793866788202358,1938,1946
13.797773292532067,1938,1942
13.801679796861777,1989,1988
13.805586301191484,1984,1982
13.809492805521193,1958,1961
13.813399309850903,1980,1988
13.817305814180612,1974,1977
13.821212318510321,1990,1985
13.82511882284003,1967,1966
13.829025327169738,1955,1963
13.832931831499447,1956,1963
13.836838335829157,1957,1962
13.840744840158866,1953,1973
13.844651344488575,1957,1959
13.848557848818283,1999,2009
13.852464353147992,1972,1970
13.856370857477701,1998,1996
13.86027736180741,1983,1975
13.86418386613712,1998,2015
13.86809037046683,1968,1982
13.871996874796537,1967,1987
13.875903379126246,1956,1962
13.879809883455955,1964,1972
13.883716387785665,1934,1948
13.887622892115374,1922,1934
13.891529396445081,1929,1937
13.89543590077479,1937,1941
13.8993424051045,1968,1974
13.90324890943421,1971,1984
13.907155413763919,1972,1979
13.911061918093626,1972,1980
13.914968422423335,1984,1998
13.918874926753045,2005,2008
13.922781431082754,1965,1971
13.926687935412463,1978,1981
13.930594439742173,1935,1948
13.93450094407188,1937,1943
13.93840744840159,1945,1949
13.942313952731299,1949,1958
13.946220457061008,1960,1966
13.950126961390717,1971,1979
13.954033465720425,1977,1982
13.957939970050134,1996,2010
13.961846474379843,1971,1982
13.965752978709553,1980,1985
13.969659483039262,1974,1980
13.973565987368971,1982,1983
13.977472491698679,1995,1994
13.981378996028388,1987,1986
13.985285500358097,2011,2016
13.989192004687807,1984,1987
13.993098509017516,2003,2014
13.997005013347223,2035,2040
14.000911517676933,2055,2050
14.004818022006642,2081,2092
14.008724526336351,2094,2093
14.01263103066606,2116,2115
14.01653753499577,2106,2098
14.020444039325477,2115,2109
14.024350543655187,2128,2112
14.028257047984896,2113,2106
14.032163552314605,2128,2129
14.036070056644315,2106,2099
14.039976560974022,2098,2082
14.043883065303731,2105,2100
14.04778956963344,2107,2102
14.05169607396315,2122,2117
14.05560257829286,2158,2151
14.059509082622567,2160,2152
14.063415586952276,2149,2138
14.067322091281985,2142,2135
14.071228595611695,2139,2135
14.075135099941404,2128,2118
14.079041604271113,2100,2103
14.08294810860082,2108,2094
14.08685461293053,2104,2092
14.09076111726024,2083,2073
14.094667621589949,2089,2082
14.098574125919658,2121,2113
14.102480630249365,2159,2153
14.106387134579075,2162,2147
14.110293638908784,2160,2146
14.114200143238493,2129,2113
14.118106647568203,2154,2134
14.122013151897912,2141,2130
14.12591965622762,2113,2106
14.129826160557329,2119,2114
14.133732664887038,2126,2121
14.137639169216747,2112,2106
14.141545673546457,2081,2078
14.145452177876164,2113,2108
14.149358682205873,2132,2121
14.153265186535583,2128,2119
14.157171690865292,2153,2140
14.161078195195001,2153,2147
14.16498469952471,2124,2122
14.168891203854418,2144,2131
14.172797708184127,2149,2130
14.176704212513837,2119,2106
14.180610716843546,2131,2122
14.184517221173255,2117,2113
14.188423725502963,2105,2095
14.192330229832672,2125,2126
14.196236734162381,2114,2119
14.20014323849209,2138,2130
14.2040497428218,2151,2138
14.207956247151508,2169,2147
14.211862751481217,2151,2140
14.215769255810926,2135,2127
14.219675760140635,2119,2109
14.223582264470345,2090,2085
14.227488768800054,2118,2101
14.231395273129761,2071,2061
14.23530177745947,2091,2096
14.23920828178918,2051,2061
14.24311478611889,2063,2061
14.247021290448599,2044,2054
14.250927794778306,2052,2059
14.254834299108015,2048,2050
14.258740803437725,2013,2009
14.262647307767434,2045,2047
14.266553812097143,2028,2037
14.270460316426853,1993,2009
14.27436682075656,1976,1984
14.27827332508627,1963,1966
14.282179829415979,1986,1987
14.286086333745688,1940,1948
14.289992838075397,1929,1947
14.293899342405105,1956,1964
14.297805846734814,1961,1979
14.301712351064523,1966,1974
14.305618855394233,1990,1995
14.309525359723942,1989,1993
14.313431864053651,2000,2007
14.317338368383359,1964,1972
14.321244872713068,1984,1983
14.325151377042777,1975,1987
14.329057881372487,1955,1972
14.332964385702196,1955,1971
14.336870890031904,1949,1961
14.340777394361613,1958,1976
14.344683898691322,1946,1950
14.348590403021031,1967,1970
14.35249690735074,1982,1986
14.356403411680448,2003,2010
14.360309916010157,1988,1997
14.364216420339867,1980,1981
14.368122924669576,1967,1975
14.372029428999285,1969,1973
14.375935933328995,1955,1963
14.379842437658702,1965,1970
14.383748941988411,1969,1981
14.38765544631812,1934,1940
14.39156195064783,1967,1975
14.39546845497754,1945,1949
14.399374959307247,1974,1988
14.403281463636956,1973,1982
14.407187967966665,1972,1982
14.411094472296375,1979,1976
14.415000976626084,1983,1980
14.418907480955793,1976,1976
14.4228139852855,1991,2008
14.42672048961521,1974,1981
14.43062699394492,1963,1974
14.434533498274629,1939,1948
14.438440002604338,1941,1953
14.442346506934046,1937,1947
14.446253011263755,1956,1961
14.450159515593464,1953,1963
14.454066019923173,1968,1979
14.457972524252883,1998,1994
14.461879028582592,2000,2004
14.4657855329123,1984,1985
14.469692037242009,2001,2003
14.473598541571718,1984,1992
14.477505045901427,1988,1992
14.481411550231137,1991,1999
14.485318054560844,2014,2021
14.489224558890553,1986,1986
14.493131063220263,2002,2003
14.497037567549972,2019,2026
14.500944071879681,2054,2053
14.50485057620939,2090,2084
14.508757080539098,2089,2088
14.512663584868807,2109,2096
14.516570089198517,2109,2104
14.520476593528226,2114,2113
14.524383097857935,2131,2128
14.528289602187643,2110,2106
14.532196106517352,2103,2085
14.536102610847061,2100,2100
14.54000911517677,2099,2084
14.54391561950648,2108,2095
14.547822123836188,2118,2113
14.551728628165897,2151,2149
14.555635132495606,2146,2134
14.559541636825315,2125,2118
14.563448141155025,2146,2129
14.567354645484734,2139,2119
14.571261149814442,2116,2094
14.57516765414415,2115,2110
14.57907415847386,2104,2096
14.58298066280357,2116,2108
14.586887167133279,2105,2100
14.590793671462986,2080,2074
14.594700175792696,2116,2116
14.598606680122405,2136,2126
14.602513184452114,2121,2114
14.606419688781823,2127,2108
14.610326193111533,2129,2119
14.61423269744124,2180,2177
14.61813920177095,2151,2151
14.622045706100659,2146,2129
14.625952210430368,2134,2122
14.629858714760077,2131,2126
14.633765219089785,2114,2115
14.637671723419494,2122,2121
14.641578227749203,2130,2130
14.645484732078913,2112,2101
14.649391236408622,2137,2125
14.653297740738331,2115,2108
14.657204245068039,2133,2117
14.661110749397748,2154,2144
14.665017253727457,2134,2135
14.668923758057167,2154,2159
14.672830262386876,2128,2118
14.676736766716584,2124,2137
14.680643271046293,2108,2109
14.684549775376002,2117,2112
14.688456279705711,2114,2112
14.69236278403542,2105,2092
14.696269288365128,2109,2094
14.700175792694838,2120,2123
14.704082297024547,2119,2107
14.707988801354256,2135,2121
14.711895305683965,2148,2141
14.715801810013675,2139,2126
14.719708314343382,2112,2105
14.723614818673092,2123,2114
14.7275213230028,2111,2103
14.73142782733251,2088,2094
14.73533433166222,2091,2090
14.739240835991927,2084,2086
14.743147340321636,2038,2038
14.747053844651345,2033,2040
14.750960348981055,2047,2032
14.754866853310764,2066,2064
14.758773357640473,2043,2053
14.762679861970181,2040,2050
14.76658636629989,2007,2005
14.7704928706296,1975,1984
14.774399374959309,1989,1988
14.778305879289018,1971,1974
14.782212383618726,1963,1973
14.786118887948435,1955,1972
14.790025392278144,1935,1953
14.793931896607853,1960,1972
14.797838400937563,1958,1967
14.801744905267272,1976,1988
14.80565140959698,2006,2007
14.809557913926689,1983,1994
14.813464418256398,1989,1993
14.817370922586107,1995,2003
14.821277426915817,1985,1991
14.825183931245524,1948,1965
14.829090435575234,1979,1975
14.832996939904943,1930,1944
14.836903444234652,1969,1985
14.840809948564361,1960,1973
14.844716452894069,1949,1959
14.848622957223778,1948,1962
14.852529461553488,1958,1970
14.856435965883197,1947,1956
14.860342470212906,1995,1999
14.864248974542615,1982,2000
14.868155478872323,1975,1979
14.872061983202032,1962,1963
14.875968487531742,1966,1972
14.87987499186145,1947,1959
14.88378149619116,1942,1945
14.887688000520868,1947,1947
14.891594504850577,1943,1953
14.895501009180286,1932,1951
14.899407513509995,1981,1987
14.903314017839705,1979,1995
14.907220522169414,1974,1974
14.911127026499122,1993,1999
14.91503353082883,1988,2000
14.91894003515854,1979,1995
14.92284653948825,1955,1962
14.926753043817959,1968,1980
14.930659548147666,1941,1963
14.934566052477376,1945,1961
14.938472556807085,1954,1966
14.942379061136794,1939,1949
14.946285565466503,1965,1977
14.950192069796213,1953,1960
14.95409857412592,1984,1986
14.95800507845563,1974,1974
14.961911582785339,1987,1986
14.965818087115048,1982,1993
14.969724591444757,1971,1971
14.973631095774465,1983,1995
14.977537600104174,1988,1995
14.981444104433884,1992,1998
14.985350608763593,2005,2010
14.989257113093302,1994,1997
14.99316361742301,2008,2013
14.997070121752719,2024,2034
15.000976626082428,2045,2044
15.004883130412138,2070,2078
15.008789634741847,2068,2060
15.012696139071556,2108,2102
15.016602643401264,2104,2089
15.020509147730973,2106,2101
15.024415652060682,2111,2106
15.028322156390391,2111,2098
15.0322286607201,2105,2101
15.036135165049808,2104,2102
15.040041669379518,2128,2111
15.043948173709227,2094,2099
15.047854678038936,2127,2120
15.051761182368645,2141,2135
15.055667686698355,2145,2137
15.059574191028062,2129,2119
15.063480695357772,2143,2130
15.06738719968748,2118,2115
15.07129370401719,2134,2123
15.0752002083469,2105,2101
15.079106712676607,2135,2124
15.083013217006316,2107,2090
15.086919721336026,2091,2082
15.090826225665735,2109,2094
15.094732729995444,2123,2115
15.098639234325153,2099,2091
15.102545738654861,2152,2150
15.10645224298457,2144,2129
15.11035874731428,2154,2142
15.114265251643989,2163,2155
15.118171755973698,2161,2153
15.122078260303406,2121,2118
15.125984764633115,2122,2108
15.129891268962824,2099,2081
15.133797773292534,2135,2143
15.137704277622243,2115,2107
15.14161078195195,2111,2106
15.14551728628166,2127,2126
15.149423790611369,2127,2118
15.153330294941078,2153,2146
15.157236799270787,2131,2132
15.161143303600497,2137,2134
15.165049807930204,2156,2144
15.168956312259914,2143,2141
15.172862816589623,2109,2112
15.176769320919332,2103,2098
15.180675825249041,2121,2111
15.184582329578749,2114,2101
15.188488833908458,2131,2115
15.192395338238168,2123,2117
15.196301842567877,2127,2122
15.200208346897586,2111,2113
15.204114851227295,2141,2135
15.208021355557003,2154,2139
15.211927859886712,2136,2131
15.215834364216422,2139,2132
15.21974086854613,2131,2119
15.22364737287584,2104,2112
15.227553877205548,2098,2093
15.231460381535257,2077,2061
15.235366885864966,2076,2078
15.239273390194676,2041,2049
15.243179894524385,2047,2043
15.247086398854094,2033,2032
15.250992903183802,2032,2031
15.254899407513511,2035,2038
15.25880591184322,2022,2021
15.26271241617293,2029,2028
15.266618920502639,2013,2015
15.270525424832346,2009,2014
15.274431929162056,1979,1988
15.278338433491765,1989,1990
15.282244937821474,1959,1964
15.286151442151183,1957,1971
15.290057946480893,1954,1959
15.2939644508106,1941,1941
15.29787095514031,1942,1952
15.301777459470019,1962,1969
15.305683963799728,1988,1991
15.309590468129437,1986,1987
15.313496972459145,1969,1967
15.317403476788854,1982,1989
15.321309981118564,1975,1981
15.325216485448273,1960,1965
15.329122989777982,1981,1985
15.33302949410769,1981,1980
15.336935998437399,1942,1958
15.340842502767108,1945,1948
15.344749007096818,1962,1971
15.348655511426527,1969,1979
15.352562015756236,1996,2009
15.356468520085944,1987,2000
15.360375024415653,1988,1979
15.364281528745362,1964,1978
15.368188033075072,1975,1981
15.37209453740478,1975,1978
15.376001041734488,1953,1967
15.379907546064198,1934,1947
15.383814050393907,1930,1946
15.387720554723616,1924,1934
15.391627059053326,1956,1954
15.395533563383035,1957,1956
15.399440067712742,1992,1993
15.403346572042452,1964,1962
15.407253076372161,1989,1984
15.41115958070187,1973,1982
15.41506608503158,1963,1971
15.418972589361287,1996,2003
15.422879093690996,1972,1983
15.426785598020706,1961,1970
15.430692102350415,1954,1965
15.434598606680124,1938,1944
15.438505111009833,1965,1980
15.442411615339541,1952,1954
15.44631811966925,1961,1969
15.45022462399896,1957,1963
15.454131128328669,1991,2002
15.458037632658378,1970,1971
15.461944136988086,2001,2008
15.465850641317795,2003,1997
15.469757145647504,1991,1993
15.473663649977214,1977,1979
15.477570154306923,1988,1997
15.48147665863663,1970,1970
15.48538316296634,1980,1986
15.489289667296049,1976,1977
15.493196171625758,2017,2014
15.497102675955468,2023,2037
15.501009180285177,2060,2068
15.504915684614884,2069,2060
15.508822188944594,2104,2097
15.512728693274303,2099,2095
15.516635197604012,2102,2087
15.520541701933722,2076,2059
15.524448206263429,2129,2113
15.528354710593138,2099,2092
15.532261214922848,2133,2121
15.536167719252557,2118,2106
15.540074223582266,2103,2101
15.543980727911975,2118,2105
15.547887232241683,2108,2105
15.551793736571392,2131,2122
15.555700240901102,2120,2109
15.55960674523081,2149,2141
15.56351324956052,2127,2120
15.567419753890228,2153,2140
15.571326258219937,2109,2110
15.575232762549646,2130,2125
15.579139266879356,2095,2091
15.583045771209065,2116,2113
15.586952275538774,2100,2092
15.590858779868482,2119,2121
15.594765284198191,2120,2116
15.5986717885279,2128,2124
15.60257829285761,2136,2129
15.606484797187319,2149,2143
15.610391301517026,2142,2125
15.614297805846736,2161,2145
15.618204310176445,2148,2155
15.622110814506154,2127,2120
15.626017318835864,2139,2121
15.629923823165571,2136,2117
15.63383032749528,2139,2132
15.63773683182499,2127,2112
15.641643336154699,2115,2110
15.645549840484408,2123,2118
15.649456344814118,2118,2104
15.653362849143825,2128,2119
15.657269353473534,2129,2116
15.661175857803244,2139,2133
15.665082362132953,2113,2100
15.668988866462662,2114,2104
15.67289537079237,2114,2109
15.676801875122079,2122,2113
15.680708379451788,2136,2133
15.684614883781498,2108,2112
15.688521388111207,2112,2100
15.692427892440916,2091,2091
15.696334396770624,2109,2100
15.700240901100333,2110,2102
15.704147405430042,2149,2148
15.708053909759752,2155,2136
15.71196041408946,2148,2138
15.715866918419168,2146,2135
15.719773422748878,2117,2112
15.723679927078587,2109,2084
15.727586431408296,2094,2082
15.731492935738006,2077,2073
15.735399440067715,2070,2068
15.739305944397422,2035,2032
15.743212448727132,2068,2065
15.747118953056841,2040,2033
15.75102545738655,2049,2046
15.75493196171626,2037,2038
15.758838466045967,2030,2040
15.762744970375676,2041,2044
15.766651474705386,2017,2015
15.770557979035095,2011,2017
15.774464483364804,1991,2010
15.778370987694512,1961,1968
15.782277492024221,1956,1959
15.78618399635393,1961,1975
15.79009050068364,1947,1960
15.793997005013349,1963,1967
15.797903509343058,1971,1983
15.801810013672766,1944,1955
15.805716518002475,1979,1988
15.809623022332184,1966,1964
15.813529526661894,1999,2006
15.817436030991603,1988,1988
15.82134253532131,1984,1987
15.82524903965102,1987,1995
15.829155543980729,1977,1984
15.833062048310438,1956,1962
15.836968552640148,1937,1949
15.840875056969857,1949,1960
15.844781561299564,1950,1961
15.848688065629274,1963,1971
15.852594569958983,1960,1980
15.856501074288692,1996,2007
15.860407578618402,1955,1960
15.864314082948109,1987,2000
15.868220587277818,1953,1974
15.872127091607528,1968,1966
15.876033595937237,1931,1924
15.879940100266946,1944,1951
15.883846604596656,1941,1959
15.887753108926363,1941,1956
15.891659613256072,1936,1951
15.895566117585782,1970,1978
15.899472621915491,1968,1972
15.9033791262452,1984,1988
15.907285630574908,1979,1986
15.911192134904617,1999,2012
15.915098639234326,1982,1990
15.919005143564036,1982,1990
15.922911647893745,1957,1958
15.926818152223452,1987,1985
15.930724656553162,1941,1949
15.934631160882871,1960,1971
15.93853766521258,1933,1943
15.94244416954229,1948,1954
15.946350673871999,1962,1964
15.950257178201706,1976,1984
15.954163682531416,1983,1995
15.958070186861125,1974,1983
15.961976691190834,2002,2011
15.965883195520544,1979,1989
15.969789699850251,1989,1995
15.97369620417996,1997,2000
15.97760270850967,1986,1992
15.981509212839379,1994,1997
15.985415717169088,1992,1992
15.989322221498798,2006,2004
15.993228725828505,2006,2014
15.997135230158214,2037,2039
16.001041734487924,2049,2055
16.004948238817633,2058,2050
16.008854743147342,2100,2084
16.01276124747705,2098,2089
16.01666775180676,2102,2097
16.02057425613647,2107,2095
16.024480760466176,2088,2091
16.028387264795885,2091,2084
16.032293769125594,2104,2092
16.036200273455304,2093,2090
16.040106777785013,2094,2085
16.044013282114722,2105,2099
16.04791978644443,2120,2104
16.05182629077414,2127,2119
16.05573279510385,2134,2126
16.05963929943356,2160,2157
16.06354580376327,2144,2135
16.067452308092975,2143,2128
16.071358812422684,2122,2103
16.075265316752393,2107,2097
16.079171821082102,2081,2070
16.08307832541181,2092,2079
16.08698482974152,2121,2117
16.09089133407123,2106,2108
16.09479783840094,2123,2116
16.09870434273065,2106,2102
16.102610847060358,2105,2090
16.106517351390067,2140,2123
16.110423855719773,2146,2136
16.114330360049482,2126,2114
16.118236864379192,2147,2142
16.1221433687089,2147,2137
16.12604987303861,2139,2130
16.12995637736832,2113,2103
16.13386288169803,2135,2129
16.13776938602774,2105,2093
16.141675890357448,2128,2123
16.145582394687157,2126,2124
16.149488899016866,2110,2097
16.153395403346572,2138,2117
16.15730190767628,2152,2135
16.16120841200599,2138,2134
16.1651149163357,2143,2124
16.16902142066541,2133,2119
16.17292792499512,2121,2122
16.176834429324828,2132,2115
16.180740933654537,2103,2095
16.184647437984246,2101,2092
16.188553942313956,2117,2122
16.19246044664366,2114,2104
16.19636695097337,2131,2115
16.20027345530308,2133,2115
16.20417995963279,2114,2111
16.2080864639625,2146,2141
16.211992968292208,2158,2141
16.215899472621917,2138,2122
16.219805976951626,2144,2135
16.223712481281336,2115,2114
16.227618985611045,2080,2073
16.231525489940754,2091,2099
16.23543199427046,2058,2060
16.23933849860017,2063,2070
16.24324500292988,2044,2044
16.247151507259588,2057,2064
16.251058011589297,2042,2034
16.254964515919006,2036,2034
16.258871020248716,2033,2040
16.262777524578425,2056,2066
16.266684028908134,2011,2015
16.270590533237844,2004,2004
16.274497037567553,1982,1984
16.27840354189726,1980,1981
16.282310046226968,1966,1978
16.286216550556677,1932,1939
16.290123054886386,1947,1962
16.294029559216096,1953,1952
16.297936063545805,1958,1971
16.301842567875514,1939,1943
16.305749072205224,1988,2001
16.309655576534933,1992,1995
16.313562080864642,1981,1984
16.31746858519435,1984,1996
16.321375089524057,1970,1973
16.325281593853767,1975,1979
16.329188098183476,1967,1977
16.333094602513185,1967,1974
16.337001106842894,1950,1965
16.340907611172604,1940,1946
16.344814115502313,1947,1951
16.348720619832022,1953,1959
16.35262712416173,1968,1969
16.35653362849144,1973,1978
16.36044013282115,1977,1977
16.364346637150856,1968,1977
16.368253141480565,1973,1976
16.372159645810274,1960,1973
16.376066150139984,1936,1940
16.379972654469693,1950,1952
16.383879158799402,1959,1973
16.38778566312911,1952,1961
16.39169216745882,1977,1981
16.39559867178853,1941,1946
16.39950517611824,1964,1977
16.40341168044795,1961,1964
16.407318184777655,1976,1988
16.411224689107364,1997,2010
16.415131193437073,1982,1986
16.419037697766782,1967,1977
16.42294420209649,1973,1981
16.4268507064262,1992,1995
16.43075721075591,1951,1972
16.43466371508562,1955,1965
16.43857021941533,1952,1956
16.442476723745038,1941,1949
16.446383228074748,1964,1971
16.450289732404453,1968,1979
16.454196236734163,1985,1999
16.458102741063872,1983,1978
16.46200924539358,1991,1999
16.46591574972329,1977,1985
16.469822254053,2000,2008
16.47372875838271,1977,1991
16.47763526271242,1991,1991
16.481541767042128,2004,2012
16.485448271371837,1995,1995
16.489354775701543,1990,2005
16.493261280031252,2021,2029
16.49716778436096,2042,2037
16.50107428869067,2047,2050
16.50498079302038,2065,2057
16.50888729735009,2088,2089
16.5127938016798,2113,2108
16.516700306009508,2124,2135
16.520606810339217,2117,2096
16.524513314668926,2109,2098
16.528419818998636,2100,2094
16.53232632332834,2102,2104
16.53623282765805,2108,2087
16.54013933198776,2098,2097
16.54404583631747,2112,2108
16.54795234064718,2146,2132
16.551858844976888,2123,2118
16.555765349306597,2145,2142
16.559671853636306,2160,2159
16.563578357966016,2138,2141
16.567484862295725,2131,2126
16.571391366625434,2121,2107
16.57529787095514,2142,2138
16.57920437528485,2111,2102
16.58311087961456,2113,2111
16.587017383944268,2113,2111
16.590923888273977,2082,2078
16.594830392603686,2106,2099
16.598736896933396,2134,2124
16.602643401263105,2149,2133
16.606549905592814,2161,2140
16.610456409922524,2140,2124
16.614362914252233,2153,2136
16.61826941858194,2133,2128
16.622175922911648,2139,2125
16.626082427241357,2116,2104
16.629988931571067,2111,2111
16.633895435900776,2110,2101
16.637801940230485,2111,2108
16.641708444560194,2132,2129
16.645614948889904,2097,2104
16.649521453219613,2137,2123
16.653427957549322,2117,2105
16.65733446187903,2146,2129
16.661240966208737,2149,2136
16.665147470538447,2162,2145
16.669053974868156,2118,2119
16.672960479197865,2128,2121
16.676866983527574,2128,2116
16.680773487857284,2122,2110
16.684679992186993,2107,2105
16.688586496516702,2125,2125
16.69249300084641,2104,2107
16.69639950517612,2129,2118
16.70030600950583,2131,2118
16.704212513835536,2124,2120
16.708119018165245,2145,2132
16.712025522494955,2149,2137
16.715932026824664,2139,2139
16.719838531154373,2149,2147
16.723745035484082,2099,2095
16.72765153981379,2114,2110
16.7315580441435,2083,2088
16.73546454847321,2067,2065
16.73937105280292,2061,2049
16.74327755713263,2036,2044
16.747184061462335,2027,2025
16.751090565792044,2052,2049
16.754997070121753,2056,2044
16.758903574451463,2052,2045
16.762810078781172,2005,2006
16.76671658311088,2009,2019
16.77062308744059,2015,2018
16.7745295917703,1983,1985
16.77843609610001,1972,1980
16.78234260042972,1941,1960
16.786249104759424,1948,1960
16.790155609089133,1957,1963
16.794062113418843,1946,1954
16.797968617748552,1961,1983
16.80187512207826,1967,1984
16.80578162640797,1975,1983
16.80968813073768,1988,2000
16.81359463506739,1959,1976
16.8175011393971,2008,2009
16.821407643726808,1998,2000
16.825314148056517,1969,1977
16.829220652386223,1943,1957
16.833127156715932,1968,1987
16.83703366104564,1926,1933
16.84094016537535,1941,1954
16.84484666970506,1951,1962
16.84875317403477,1942,1948
16.85265967836448,1966,1984
16.856566182694188,1994,2006
16.860472687023897,1993,1994
16.864379191353606,1983,1990
16.868285695683316,1978,1984
16.87219220001302,1972,1976
16.87609870434273,1972,1971
16.88000520867244,1988,2001
16.88391171300215,1961,1967
16.88781821733186,1957,1955
16.891724721661568,1962,1970
16.895631225991277,1946,1955
16.899537730320986,1959,1972
16.903444234650696,1980,1986
16.907350738980405,1980,1995
16.911257243310114,1985,1990
16.91516374763982,1992,2001
16.91907025196953,1996,2000
16.92297675629924,1979,1993
16.926883260628948,1990,2000
16.930789764958657,1963,1972
16.934696269288366,1956,1965
16.938602773618076,1942,1951
16.942509277947785,1934,1955
16.946415782277494,1956,1980
16.950322286607204,1973,1981
16.954228790936913,1986,1987
16.95813529526662,1986,1988
16.962041799596328,1990,2003
16.965948303926037,1978,1993
16.969854808255747,1966,1967
16.973761312585456,1959,1967
16.977667816915165,1976,1994
16.981574321244874,1973,1978
16.985480825574584,1977,1981
16.989387329904293,1999,2004
16.993293834234002,2021,2032
16.99720033856371,2043,2052
17.001106842893417,2045,2050
17.005013347223127,2073,2080
17.008919851552836,2091,2086
17.012826355882545,2092,2086
17.016732860212255,2109,2110
17.020639364541964,2138,2132
17.024545868871673,2118,2114
17.028452373201382,2091,2087
17.03235887753109,2117,2109
17.0362653818608,2109,2103
17.04017188619051,2110,2102
17.044078390520216,2110,2096
17.047984894849925,2114,2114
17.051891399179635,2126,2122
17.055797903509344,2127,2125
17.059704407839053,2148,2140
17.063610912168762,2128,2129
17.06751741649847,2141,2125
17.07142392082818,2125,2115
17.07533042515789,2126,2126
17.0792369294876,2116,2103
17.08314343381731,2110,2108
17.087049938147015,2082,2079
17.090956442476724,2110,2102
17.094862946806433,2112,2098
17.098769451136143,2147,2133
17.102675955465852,2155,2150
17.10658245979556,2133,2135
17.11048896412527,2131,2131
17.11439546845498,2142,2133
17.11830197278469,2138,2130
17.1222084771144,2173,2170
17.126114981444104,2111,2103
17.130021485773813,2124,2117
17.133927990103523,2133,2133
17.137834494433232,2109,2101
17.14174099876294,2096,2089
17.14564750309265,2102,2080
17.14955400742236,2148,2146
17.15346051175207,2164,2155
17.15736701608178,2148,2145
17.161273520411488,2141,2132
17.165180024741197,2128,2119
17.169086529070903,2140,2141
17.172993033400612,2120,2108
17.17689953773032,2112,2100
17.18080604206003,2107,2113
17.18471254638974,2115,2108
17.18861905071945,2128,2122
17.19252555504916,2108,2100
17.196432059378868,2119,2111
17.200338563708577,2138,2133
17.204245068038286,2139,2132
17.208151572367996,2157,2135
17.2120580766977,2164,2142
17.21596458102741,2124,2111
17.21987108535712,2118,2113
17.22377758968683,2123,2118
17.22768409401654,2098,2099
17.231590598346248,2092,2088
17.235497102675957,2059,2063
17.239403607005666,2062,2062
17.243310111335376,2060,2056
17.247216615665085,2044,2042
17.251123119994794,2051,2059
17.2550296243245,2048,2051
17.25893612865421,2025,2028
17.26284263298392,2020,2025
17.266749137313628,2021,2022
17.270655641643337,1978,1986
17.274562145973047,1982,1986
17.278468650302756,1985,1994
17.282375154632465,1962,1967
17.286281658962174,1958,1959
17.290188163291884,1950,1962
17.294094667621593,1952,1969
17.2980011719513,1981,1990
17.301907676281008,1982,1997
17.305814180610717,1968,1969
17.309720684940427,1976,1974
17.313627189270136,2004,2015
17.317533693599845,1966,1984
17.321440197929554,1960,1973
17.325346702259264,1984,1978
17.329253206588973,1957,1967
17.333159710918682,1958,1965
17.33706621524839,1971,1975
17.340972719578097,1957,1961
17.344879223907807,1933,1949
17.348785728237516,1973,1985
17.352692232567225,1982,1992
17.356598736896935,1979,1987
17.360505241226644,1957,1965
17.364411745556353,1973,1968
17.368318249886062,1977,1976
17.37222475421577,1959,1980
17.37613125854548,1942,1945
17.38003776287519,1962,1975
17.383944267204896,1939,1945
17.387850771534605,1931,1940
17.391757275864315,1935,1947
17.395663780194024,1952,1970
17.399570284523733,1958,1969
17.403476788853443,1958,1969
17.407383293183152,1999,1998
17.41128979751286,2012,2005
17.41519630184257,2001,2002
17.41910280617228,1974,1982
17.423009310501985,1979,1981
17.426915814831695,1979,1976
17.430822319161404,1959,1970
17.434728823491113,1944,1951
17.438635327820823,1962,1971
17.442541832150532,1948,1956
17.44644833648024,1955,1969
17.45035484080995,1965,1969
17.45426134513966,1979,1987
17.45816784946937,2003,2010
17.46207435379908,2008,2024
17.465980858128784,2006,2010
17.469887362458493,1994,1999
17.473793866788203,1949,1957
17.477700371117912,1997,2008
17.48160687544762,1984,1992
17.48551337977733,1994,1993
17.48941988410704,1996,2003
17.49332638843675,2016,2024
17.49723289276646,2028,2033
17.501139397096168,2058,2067
17.505045901425877,2071,2076
17.508952405755583,2083,2090
17.512858910085292,2114,2103
17.516765414415,2123,2112
17.52067191874471,2109,2096
17.52457842307442,2126,2124
17.52848492740413,2113,2105
17.53239143173384,2079,2081
17.536297936063548,2119,2120
17.540204440393257,2081,2071
17.544110944722966,2122,2121
17.548017449052676,2114,2117
17.55192395338238,2142,2131
17.55583045771209,2130,2123
17.5597369620418,2139,2130
17.56364346637151,2164,2149
17.56754997070122,2136,2122
17.571456475030928,2129,2122
17.575362979360637,2116,2105
17.579269483690346,2121,2113
17.583175988020056,2119,2110
17.587082492349765,2099,2100
17.590988996679474,2109,2107
17.59489550100918,2107,2106
17.59880200533889,2091,2097
17.6027085096686,2108,2093
17.606615013998308,2146,2136
17.610521518328017,2133,2121
17.614428022657727,2159,2151
17.618334526987436,2131,2119
17.622241031317145,2149,2146
17.626147535646854,2122,2113
17.630054039976564,2125,2113
17.633960544306273,2116,2114
17.63786704863598,2118,2108
17.641773552965688,2109,2102
17.645680057295397,2126,2121
17.649586561625107,2154,2151
17.653493065954816,2138,2127
17.657399570284525,2154,2143
17.661306074614235,2131,2119
17.665212578943944,2137,2131
17.669119083273653,2145,2134
17.673025587603362,2140,2122
17.67693209193307,2122,2112
17.680838596262777,2085,2087
17.684745100592487,2125,2123
17.688651604922196,2082,2073
17.692558109251905,2107,2094
17.696464613581615,2118,2109
17.700371117911324,2123,2096
17.704277622241033,2146,2134
17.708184126570742,2151,2139
17.71209063090045,2149,2136
17.71599713523016,2176,2180
17.71990363955987,2111,2104
17.723810143889576,2120,2117
17.727716648219285,2085,2074
17.731623152548995,2098,2084
17.735529656878704,2083,2082
17.739436161208413,2048,2054
17.743342665538123,2037,2037
17.747249169867832,2041,2038
17.75115567419754,2048,2042
17.75506217852725,2036,2036
17.75896868285696,2045,2045
17.762875187186665,2022,2021
17.766781691516375,2016,2008
17.770688195846084,1999,2009
17.774594700175793,1996,2003
17.778501204505503,1968,1981
17.782407708835212,1954,1957
17.78631421316492,1956,1971
17.79022071749463,1943,1960
17.79412722182434,1955,1962
17.79803372615405,1957,1961
17.80194023048376,1978,1989
17.805846734813464,1999,2000
17.809753239143173,1993,1998
17.813659743472883,1961,1962
17.817566247802592,1969,1978
17.8214727521323,1978,1979
17.82537925646201,1981,1982
17.82928576079172,1957,1966
17.83319226512143,1974,1974
17.83709876945114,1966,1975
17.841005273780848,1948,1960
17.844911778110557,1954,1965
17.848818282440263,1980,1999
17.852724786769972,1957,1967
17.85663129109968,1973,1984
17.86053779542939,1996,2010
17.8644442997591,1965,1973
17.86835080408881,1991,1994
17.87225730841852,1958,1967
17.876163812748228,1964,1967
17.880070317077937,1952,1966
17.883976821407646,1951,1961
17.887883325737356,1951,1955
17.89178983006706,1933,1947
17.89569633439677,1964,1972
17.89960283872648,1978,1986
17.90350934305619,1960,1962
17.9074158473859,1976,1972
17.911322351715608,1996,1996
17.915228856045317,1981,1993
17.919135360375027,1976,1983
17.923041864704736,1954,1969
17.926948369034445,1954,1969
17.930854873364154,1945,1959
17.93476137769386,1959,1954
17.93866788202357,1931,1935
17.94257438635328,1962,1979
17.946480890682988,1959,1967
17.950387395012697,1959,1972
17.954293899342407,1983,1989
17.958200403672116,1985,1977
17.962106908001825,1978,1987
17.966013412331534,1969,1985
17.969919916661244,1993,2004
17.973826420990953,1985,1990
17.97773292532066,2009,2014
17.981639429650368,1991,1992
17.985545933980077,1979,1987
17.989452438309787,2006,2003
17.993358942639496,2024,2024
17.997265446969205,2043,2042
18.001171951298915,2033,2035
18.005078455628624,2051,2059
18.008984959958333,2109,2107
18.012891464288042,2108,2098
18.01679796861775,2126,2126
18.020704472947457,2113,2099
18.024610977277167,2116,2114
18.028517481606876,2088,2078
18.032423985936585,2118,2119
18.036330490266295,2092,2075
18.040236994596004,2119,2108
18.044143498925713,2114,2098
18.048050003255423,2110,2106
18.051956507585132,2133,2121
18.05586301191484,2145,2141
18.059769516244547,2137,2125
18.063676020574256,2147,2136
18.067582524903965,2143,2132
18.071489029233675,2146,2132
18.075395533563384,2129,2117
18.079302037893093,2121,2119
18.083208542222803,2108,2105
18.087115046552512,2103,2098
18.09102155088222,2094,2085
18.09492805521193,2103,2092
18.09883455954164,2127,2117
18.102741063871346,2128,2127
18.106647568201055,2130,2127
18.110554072530764,2145,2130
18.114460576860473,2171,2164
18.118367081190183,2147,2138
18.122273585519892,2162,2156
18.1261800898496,2132,2121
18.13008659417931,2141,2125
18.13399309850902,2123,2125
18.13789960283873,2101,2098
18.14180610716844,2122,2118
18.145712611498144,2116,2121
18.149619115827853,2138,2129
18.153525620157563,2148,2133
18.157432124487272,2156,2139
18.16133862881698,2142,2142
18.16524513314669,2147,2138
18.1691516374764,2121,2121
18.17305814180611,2127,2122
18.17696464613582,2137,2128
18.180871150465528,2113,2103
18.184777654795237,2108,2111
18.188684159124943,2116,2109
18.192590663454652,2138,2139
18.19649716778436,2111,2103
18.20040367211407,2130,2121
18.20431017644378,2157,2150
18.20821668077349,2147,2148
18.2121231851032,2138,2130
18.216029689432908,2128,2124
18.219936193762617,2107,2102
18.223842698092326,2130,2126
18.227749202422036,2106,2103
18.23165570675174,2091,2083
18.23556221108145,2069,2060
18.23946871541116,2064,2065
18.24337521974087,2050,2053
18.24728172407058,2047,2047
18.251188228400288,2042,2038
18.255094732729997,2032,2046
18.259001237059707,2055,2046
18.262907741389416,2034,2034
18.266814245719125,2017,2018
18.270720750048834,1982,1980
18.27462725437854,1980,1990
18.27853375870825,1979,1986
18.28244026303796,1961,1965
18.286346767367668,1959,1975
18.290253271697377,1947,1957
18.294159776027087,1938,1967
18.298066280356796,1965,1981
18.301972784686505,1991,1992
18.305879289016215,1988,1998
18.309785793345924,1977,1985
18.313692297675633,1997,2009
18.31759880200534,1987,1995
18.321505306335048,1984,2006
18.325411810664757,1984,1989
18.329318314994467,1970,1984
18.333224819324176,1976,1986
18.337131323653885,1944,1954
18.341037827983595,1945,1957
18.344944332313304,1952,1961
18.348850836643013,1944,1961
18.352757340972722,1973,1985
18.35666384530243,1976,1975
18.360570349632138,2020,2013
18.364476853961847,2007,2012
18.368383358291556,1981,1997
18.372289862621265,1967,1974
18.376196366950975,1959,1973
18.380102871280684,1972,1984
18.384009375610393,1956,1969
18.387915879940103,1938,1949
18.391822384269812,1961,1965
18.39572888859952,1939,1950
18.399635392929227,1981,1989
18.403541897258936,1968,1975
18.407448401588645,1989,1987
18.411354905918355,1987,1999
18.415261410248064,1975,1989
18.419167914577773,1979,1974
18.423074418907483,1965,1972
18.426980923237192,1983,1995
18.4308874275669,1958,1964
18.43479393189661,1957,1962
18.43870043622632,1950,1951
18.442606940556026,1964,1965
18.446513444885735,1927,1943
18.450419949215444,1960,1967
18.454326453545153,1975,1986
18.458232957874863,1994,1992
18.462139462204572,1993,1991
18.46604596653428,2004,2016
18.46995247086399,1982,1995
18.4738589751937,1979,1986
18.47776547952341,2000,2003
18.48167198385312,1996,2003
18.485578488182824,2009,2007
18.489484992512534,1996,1990
18.493391496842243,2011,2018
18.497298001171952,2025,2027
18.50120450550166,2060,2057
18.50511100983137,2070,2071
18.50901751416108,2095,2099
18.51292401849079,2106,2099
18.5168305228205,2083,2081
18.520737027150208,2097,2091
18.524643531479917,2115,2121
18.528550035809623,2110,2093
18.532456540139332,2107,2105
18.53636304446904,2112,2113
18.54026954879875,2101,2103
18.54417605312846,2128,2121
18.54808255745817,2104,2087
18.55198906178788,2150,2128
18.555895566117588,2158,2150
18.559802070447297,2155,2149
18.563708574777007,2119,2110
18.567615079106716,2121,2115
18.57152158343642,2130,2116
18.57542808776613,2122,2109
18.57933459209584,2121,2105
18.58324109642555,2108,2101
18.58714760075526,2109,2101
18.591054105084968,2110,2107
18.594960609414677,2123,2113
18.598867113744387,2150,2142
18.602773618074096,2141,2131
18.606680122403805,2147,2126
18.610586626733514,2160,2152
18.61449313106322,2139,2126
18.61839963539293,2142,2130
18.62230613972264,2146,2136
18.626212644052348,2170,2156
18.630119148382057,2108,2105
18.634025652711767,2111,2101
18.637932157041476,2126,2119
18.641838661371185,2098,2093
18.645745165700895,2107,2097
18.649651670030604,2116,2114
18.653558174360313,2143,2131
18.65746467869002,2135,2114
18.661371183019728,2151,2146
18.665277687349437,2151,2145
18.669184191679147,2155,2142
18.673090696008856,2111,2107
18.676997200338565,2119,2114
18.680903704668275,2138,2124
18.684810208997984,2105,2102
18.688716713327693,2105,2094
18.692623217657403,2104,2103
18.69652972198711,2110,2098
18.700436226316818,2118,2117
18.704342730646527,2139,2118
18.708249234976236,2130,2121
18.712155739305945,2168,2146
18.716062243635655,2141,2134
18.719968747965364,2113,2120
18.723875252295073,2122,2118
18.727781756624783,2106,2089
18.731688260954492,2097,2092
18.7355947652842,2060,2059
18.739501269613907,2046,2045
18.743407773943616,2057,2057
18.747314278273326,2044,2046
18.751220782603035,2041,2029
18.755127286932744,2031,2040
18.759033791262453,2038,2042
18.762940295592163,2029,2040
18.766846799921872,2013,2012
18.77075330425158,2002,2006
18.77465980858129,2008,2011
18.778566312911,1973,1985
18.782472817240706,1964,1963
18.786379321570415,1941,1946
18.790285825900124,1957,1961
18.794192330229833,1950,1950
18.798098834559543,1948,1959
18.802005338889252,1976,1986
18.80591184321896,1992,1995
18.80981834754867,1966,1984
18.81372485187838,1983,1993
18.81763135620809,2002,2011
18.8215378605378,1986,1995
18.825444364867504,1978,1988
18.829350869197214,1984,1986
18.833257373526923,1972,1980
18.837163877856632,1943,1957
18.84107038218634,1949,1954
18.84497688651605,1950,1966
18.84888339084576,1966,1985
18.85278989517547,1965,1974
18.85669639950518,1981,2003
18.860602903834888,1967,1986
18.864509408164597,1988,1988
18.868415912494303,1972,1990
18.872322416824012,1967,1973
18.87622892115372,1945,1959
18.88013542548343,1950,1948
18.88404192981314,1949,1962
18.88794843414285,1938,1941
18.89185493847256,1946,1948
18.895761442802268,1956,1970
18.899667947131977,1952,1964
18.903574451461687,1981,2000
18.907480955791396,1998,2008
18.9113874601211,2004,2001
18.91529396445081,1994,2006
18.91920046878052,1986,1992
18.92310697311023,1981,1986
18.92701347743994,1989,1989
18.930919981769648,1958,1966
18.934826486099357,1961,1969
18.938732990429067,1950,1958
18.942639494758776,1948,1963
18.946545999088485,1948,1969
18.950452503418195,1992,1988
18.9543590077479,1978,2005
18.95826551207761,2001,2009
18.96217201640732,1993,1995
18.966078520737028,1974,1975
18.969985025066737,1988,1999
18.973891529396447,1968,1979
18.977798033726156,1971,1983
18.981704538055865,1970,1981
18.985611042385575,1990,1986
18.989517546715284,2005,2005
18.99342405104499,2025,2032
18.9973305553747,2050,2054
19.00123705970441,2077,2080
19.005143564034118,2096,2088
19.009050068363827,2092,2084
19.012956572693536,2088,2084
19.016863077023245,2111,2105
19.020769581352955,2124,2116
19.024676085682664,2120,2113
19.028582590012373,2106,2105
19.032489094342083,2098,2096
19.03639559867179,2094,2088
19.040302103001498,2104,2111
19.044208607331207,2097,2084
19.048115111660916,2127,2137
19.052021615990625,2162,2145
19.055928120320335,2146,2146
19.059834624650044,2153,2144
19.063741128979753,2134,2125
19.067647633309463,2137,2132
19.071554137639172,2140,2137
19.07546064196888,2126,2123
19.079367146298587,2129,2113
19.083273650628296,2108,2101
19.087180154958006,2125,2121
19.091086659287715,2095,2093
19.094993163617424,2115,2115
19.098899667947133,2099,2102
19.102806172276843,2151,2147
19.106712676606552,2140,2128
19.11061918093626,2139,2126
19.11452568526597,2139,2128
19.11843218959568,2129,2112
19.122338693925386,2127,2120
19.126245198255095,2126,2113
19.130151702584804,2108,2090
19.134058206914514,2110,2099
19.137964711244223,2112,2104
19.141871215573932,2099,2094
19.14577771990364,2113,2103
19.14968422423335,2130,2120
19.15359072856306,2128,2113
19.15749723289277,2147,2145
19.16140373722248,2121,2116
19.165310241552184,2150,2143
19.169216745881894,2132,2130
19.173123250211603,2141,2135
19.177029754541312,2109,2103
19.18093625887102,2120,2121
19.18484276320073,2116,2103
19.18874926753044,2113,2108
19.19265577186015,2091,2090
19.19656227618986,2113,2093
19.200468780519568,2116,2106
19.204375284849277,2149,2133
19.208281789178983,2148,2134
19.212188293508692,2134,2135
19.2160947978384,2137,2126
19.22000130216811,2149,2144
19.22390780649782,2100,2097
19.22781431082753,2077,2089
19.23172081515724,2089,2096
19.235627319486948,2085,2077
19.239533823816657,2054,2056
19.243440328146367,2062,2062
19.247346832476076,2051,2045
19.25125333680578,2041,2049
19.25515984113549,2041,2028
19.2590663454652,2036,2032
19.26297284979491,2027,2039
19.26687935412462,2007,2000
19.270785858454328,2007,2021
19.274692362784037,1994,1986
19.278598867113747,1985,1984
19.282505371443456,1959,1970
19.286411875773165,1966,1971
19.290318380102875,1939,1958
19.29422488443258,1942,1953
19.29813138876229,1967,1973
19.302037893092,1976,1976
19.305944397421708,1979,1984
19.309850901751417,1975,1985
19.313757406081127,1992,2000
19.317663910410836,1964,1983
19.321570414740545,1961,1970
19.325476919070255,2000,2007
19.329383423399964,1964,1972
19.33328992772967,1938,1954
19.33719643205938,1967,1974
19.34110293638909,1944,1950
19.345009440718798,1953,1961
19.348915945048507,1969,1974
19.352822449378216,1977,1987
19.356728953707925,1965,1965
19.360635458037635,1981,2006
19.364541962367344,1962,1966
19.368448466697053,1975,1982
19.372354971026763,1965,1971
19.37626147535647,1950,1963
19.380167979686178,1938,1945
19.384074484015887,1961,1972
19.387980988345596,1947,1954
19.391887492675306,1950,1969
19.395793997005015,1967,1972
19.399700501334724,1956,1972
19.403607005664433,1973,1981
19.407513509994143,2015,2008
19.411420014323852,1977,1984
19.41532651865356,1985,1990
19.419233022983267,1979,1981
19.423139527312976,1965,1975
19.427046031642686,1984,1987
19.430952535972395,1972,1967
19.434859040302104,1949,1974
19.438765544631813,1956,1972
19.442672048961523,1957,1966
19.446578553291232,1970,1978
19.45048505762094,1984,1997
19.45439156195065,1982,1978
19.45829806628036,1972,1993
19.462204570610066,2002,2012
19.466111074939775,1987,1994
19.470017579269484,1976,1976
19.473924083599194,1968,1965
19.477830587928903,1976,1969
19.481737092258612,1996,1988
19.48564359658832,2002,2010
19.48955010091803,1991,1988
19.49345660524774,2017,2018
19.49736310957745,2037,2041
19.50126961390716,2047,2039
19.505176118236864,2076,2067
19.509082622566574,2088,2086
19.512989126896283,2095,2089
19.516895631225992,2111,2110
19.5208021355557,2137,2122
19.52470863988541,2119,2110
19.52861514421512,2111,2105
19.53252164854483,2094,2090
19.53642815287454,2118,2112
19.540334657204248,2107,2111
19.544241161533957,2088,2086
19.548147665863663,2124,2118
19.552054170193372,2128,2124
19.55596067452308,2144,2129
19.55986717885279,2127,2126
19.5637736831825,2159,2151
19.56768018751221,2143,2123
19.57158669184192,2122,2119
19.575493196171628,2102,2097
19.579399700501337,2123,2114
19.583306204831047,2112,2108
19.587212709160756,2090,2085
19.59111921349046,2104,2099
19.59502571782017,2117,2103
19.59893222214988,2129,2123
19.60283872647959,2138,2119
19.6067452308093,2148,2137
19.610651735139008,2151,2142
19.614558239468717,2154,2149
19.618464743798427,2169,2157
19.622371248128136,2135,2129
19.626277752457845,2155,2142
19.63018425678755,2131,2127
19.63409076111726,2132,2122
19.63799726544697,2093,2087
19.64190376977668,2086,2088
19.64581027410639,2118,2116
19.649716778436098,2121,2116
19.653623282765807,2126,2112
19.657529787095516,2156,2154
19.661436291425225,2120,2119
19.665342795754935,2115,2096
19.669249300084644,2118,2114
19.67315580441435,2121,2116
19.67706230874406,2147,2139
19.68096881307377,2121,2112
19.684875317403478,2098,2083
19.688781821733187,2095,2093
19.692688326062896,2116,2105
19.696594830392606,2141,2127
19.700501334722315,2142,2136
19.704407839052024,2165,2152
19.708314343381733,2160,2143
19.712220847711443,2124,2115
19.71612735204115,2115,2102
19.720033856370858,2113,2112
19.723940360700567,2127,2132
19.727846865030276,2107,2102
19.731753369359986,2071,2069
19.735659873689695,2073,2077
19.739566378019404,2065,2063
19.743472882349113,2033,2035
19.747379386678823,2039,2040
19.751285891008532,2042,2053
19.75519239533824,2032,2028
19.759098899667947,2052,2055
19.763005403997656,2018,2010
19.766911908327366,2012,2011
19.770818412657075,2003,2001
19.774724916986784,2006,2013
19.778631421316494,1978,1979
19.782537925646203,1975,1975
19.786444429975912,1954,1965
19.79035093430562,1941,1958
19.79425743863533,1958,1966
19.79816394296504,1982,1998
19.802070447294746,1952,1966
19.805976951624455,1983,1988
19.809883455954164,1970,1973
19.813789960283874,1999,1993
19.817696464613583,1982,1988
19.821602968943292,1985,1989
19.825509473273,1953,1975
19.82941597760271,1985,1987
19.83332248193242,1971,1971
19.83722898626213,1928,1953
19.84113549059184,1929,1948
19.845041994921544,1957,1972
19.848948499251254,1971,1982
19.852855003580963,1962,1974
19.856761507910672,1950,1953
19.86066801224038,1989,1989
19.86457451657009,1977,1987
19.8684810208998,1985,1978
19.87238752522951,1968,1973
19.87629402955922,1947,1955
19.880200533888928,1943,1946
19.884107038218637,1949,1957
19.888013542548343,1929,1944
19.891920046878052,1960,1967
19.89582655120776,1949,1950
19.89973305553747,1968,1981
19.90363955986718,1980,2002
19.90754606419689,1981,2002
19.9114525685266,1972,1977
19.915359072856308,1994,1999
19.919265577186017,1991,2009
19.923172081515727,1960,1973
19.927078585845432,1987,1994
19.93098509017514,1947,1956
19.93489159450485,1937,1939
19.93879809883456,1945,1959
19.94270460316427,1951,1956
19.94661110749398,1949,1965
19.950517611823688,1968,1988
19.954424116153398,1974,1976
19.958330620483107,1982,1986
19.962237124812816,2008,2008
19.966143629142525,1991,1996
19.97005013347223,1955,1953
19.97395663780194,1994,1999
19.97786314213165,1981,1993
19.98176964646136,1955,1963
19.98567615079107,1994,2010
19.989582655120778,1992,1992
19.993489159450487,2014,2012
19.997395663780196,2040,2037
20.001302168109905,2049,2049
20.005208672439615,2083,2074
20.009115176769324,2104,2101
20.01302168109903,2108,2110
20.01692818542874,2115,2105
20.02083468975845,2105,2099
20.024741194088158,2120,2121
20.028647698417867,2115,2119
20.032554202747576,2092,2087
20.036460707077286,2124,2116
20.040367211406995,2093,2102
20.044273715736704,2123,2111
20.048180220066413,2110,2110
20.052086724396123,2123,2119
20.05599322872583,2144,2135
20.059899733055538,2155,2150
20.063806237385247,2152,2138
20.067712741714956,2146,2136
20.071619246044666,2136,2116
20.075525750374375,2120,2121
20.079432254704084,2101,2091
20.083338759033794,2123,2113
20.087245263363503,2102,2102
20.091151767693212,2099,2098
20.09505827202292,2124,2108
20.098964776352627,2122,2111
20.102871280682336,2127,2112
20.106777785012046,2165,2157
20.110684289341755,2149,2140
20.114590793671464,2148,2145
20.118497298001174,2144,2125
20.122403802330883,2123,2107
20.126310306660592,2128,2115
20.1302168109903,2150,2145
20.13412331532001,2117,2117
20.13802981964972,2113,2111
20.141936323979426,2106,2099
20.145842828309135,2117,2101
20.149749332638844,2121,2120
20.153655836968554,2140,2135
20.157562341298263,2127,2120
20.161468845627972,2129,2121
20.16537534995768,2157,2146
20.16928185428739,2154,2147
20.1731883586171,2125,2121
20.17709486294681,2121,2109
20.18100136727652,2103,2090
20.184907871606224,2103,2104
20.188814375935934,2113,2104
20.192720880265643,2112,2101
20.196627384595352,2118,2113
20.20053388892506,2127,2114
20.20444039325477,2151,2136
20.20834689758448,2149,2143
20.21225340191419,2159,2151
20.2161599062439,2128,2121
20.220066410573608,2118,2104
20.223972914903317,2108,2103
20.227879419233023,2100,2098
20.231785923562732,2091,2098
20.23569242789244,2059,2068
20.23959893222215,2079,2079
20.24350543655186,2044,2043
20.24741194088157,2034,2035
20.25131844521128,2053,2052
20.255224949540988,2034,2036
20.259131453870697,2052,2045
20.263037958200407,2034,2049
20.266944462530113,2007,2012
20.270850966859822,1992,1997
20.27475747118953,1988,1989
20.27866397551924,1956,1960
20.28257047984895,1946,1953
20.28647698417866,1956,1967
20.29038348850837,1947,1961
20.294289992838078,1968,1964
20.298196497167787,1945,1952
20.302103001497496,1970,1975
20.306009505827205,1966,1966
20.30991601015691,1993,2000
20.31382251448662,1977,1987
20.31772901881633,1997,2002
20.32163552314604,1985,1987
20.32554202747575,1977,1997
20.329448531805458,1975,1988
20.333355036135167,1978,1987
20.337261540464876,1942,1950
20.341168044794586,1952,1962
20.345074549124295,1932,1949
20.348981053454004,1971,1979
20.35288755778371,1942,1950
20.35679406211342,1977,1984
20.36070056644313,1952,1949
20.364607070772838,1975,1981
20.368513575102547,1964,1963
20.372420079432256,1979,1992
20.376326583761966,1961,1970
20.380233088091675,1956,1949
20.384139592421384,1961,1966
20.388046096751093,1936,1940
20.391952601080803,1941,1950
20.39585910541051,1974,1985
20.399765609740218,1952,1962
20.403672114069927,1989,1984
20.407578618399636,1994,1989
20.411485122729346,2003,1998
20.415391627059055,1987,2009
20.419298131388764,1976,1983
20.423204635718474,1974,1988
20.427111140048183,1957,1967
20.431017644377892,1974,1990
20.4349241487076,1955,1966
20.438830653037307,1949,1966
20.442737157367016,1962,1977
20.446643661696726,1958,1973
20.450550166026435,1949,1964
20.454456670356144,1984,1987
20.458363174685854,1981,1985
20.462269679015563,2012,2020
20.466176183345272,1988,1987
20.47008268767498,1982,1973
20.47398919200469,1988,1997
20.4778956963344,1966,1975
20.481802200664106,2005,2008
20.485708704993815,2006,2017
20.489615209323524,1999,2004
20.493521713653234,2002,2011
20.497428217982943,2019,2023
20.501334722312652,2058,2057
20.50524122664236,2081,2080
20.50914773097207,2084,2086
20.51305423530178,2090,2078
20.51696073963149,2106,2093
20.5208672439612,2116,2108
20.524773748290905,2103,2099
20.528680252620614,2111,2106
20.532586756950323,2111,2116
20.536493261280032,2100,2101
20.54039976560974,2094,2086
20.54430626993945,2106,2093
20.54821277426916,2100,2103
20.55211927859887,2138,2130
20.55602578292858,2157,2137
20.559932287258288,2130,2120
20.563838791587994,2139,2133
20.567745295917703,2118,2113
20.571651800247412,2130,2117
20.57555830457712,2127,2113
20.57946480890683,2112,2109
20.58337131323654,2104,2103
20.58727781756625,2115,2102
20.59118432189596,2112,2109
20.595090826225668,2112,2108
20.598997330555378,2124,2113
20.602903834885087,2144,2130
20.606810339214793,2132,2135
20.610716843544502,2153,2148
20.61462334787421,2139,2129
20.61852985220392,2164,2142
20.62243635653363,2131,2122
20.62634286086334,2112,2109
20.63024936519305,2128,2124
20.634155869522758,2137,2124
20.638062373852467,2113,2119
20.641968878182176,2125,2114
20.645875382511885,2118,2099
20.64978188684159,2137,2127
20.6536883911713,2133,2117
20.65759489550101,2144,2128
20.66150139983072,2126,2117
20.66540790416043,2139,2135
20.669314408490138,2139,2124
20.673220912819847,2116,2112
20.677127417149556,2132,2135
20.681033921479266,2129,2126
20.684940425808975,2112,2093
20.688846930138684,2114,2114
20.69275343446839,2116,2107
20.6966599387981,2103,2095
20.70056644312781,2116,2108
20.704472947457518,2143,2137
20.708379451787227,2142,2126
20.712285956116936,2130,2129
20.716192460446646,2134,2131
20.720098964776355,2120,2112
20.724005469106064,2113,2107
20.727911973435774,2116,2105
20.731818477765483,2080,2080
20.73572498209519,2066,2055
20.739631486424898,2085,2080
20.743537990754607,2076,2069
20.747444495084316,2057,2049
20.751350999414026,2037,2038
20.755257503743735,2048,2044
20.759164008073444,2052,2051
20.763070512403154,2024,2017
20.766977016732863,2027,2034
20.770883521062572,2015,2006
20.77479002539228,2005,2005
20.778696529721987,1970,1975
20.782603034051697,1966,1963
20.786509538381406,1964,1969
20.790416042711115,1957,1971
20.794322547040824,1952,1959
20.798229051370534,1962,1966
20.802135555700243,1973,1975
20.806042060029952,1989,1994
20.80994856435966,1974,1988
20.81385506868937,1987,1983
20.81776157301908,1983,1986
20.821668077348786,1979,1995
20.825574581678495,1973,1984
20.829481086008204,1984,1977
20.833387590337914,1964,1969
20.837294094667623,1973,1977
20.841200598997332,1947,1957
20.84510710332704,1950,1953
20.84901360765675,1960,1965
20.85292011198646,1963,1978
20.85682661631617,1976,1978
20.86073312064588,1997,2001
20.864639624975585,1969,1981
20.868546129305294,1973,1984
20.872452633635003,1965,1981
20.876359137964712,1952,1961
20.88026564229442,1949,1960
20.88417214662413,1918,1933
20.88807865095384,1934,1951
20.89198515528355,1933,1943
20.89589165961326,1943,1942
20.899798163942968,1955,1969
20.903704668272674,1983,1997
20.907611172602383,1998,2004
20.911517676932093,1996,1995
20.915424181261802,1996,2009
20.91933068559151,1971,1978
20.92323718992122,1968,1978
20.92714369425093,1959,1973
20.93105019858064,1946,1952
20.93495670291035,1964,1972
20.938863207240058,1942,1953
20.942769711569767,1957,1963
20.946676215899473,1956,1970
20.950582720229182,1954,1963
20.95448922455889,1955,1957
20.9583957288886,1977,1981
20.96230223321831,1978,1981
20.96620873754802,1990,1992
20.97011524187773,1984,1988
20.974021746207438,1980,1979
20.977928250537147,1992,1999
20.981834754866856,1997,2000
20.985741259196566,1975,1980
20.98964776352627,1985,1995
20.99355426785598,2012,2023
20.99746077218569,2029,2030
21.0013672765154,2045,2038
21.00527378084511,2090,2090
21.009180285174818,2071,2066
21.013086789504527,2112,2097
21.016993293834236,2108,2096
21.020899798163946,2111,2100
21.024806302493655,2104,2096
21.028712806823364,2135,2125
21.03261931115307,2098,2097
21.03652581548278,2123,2113
21.04043231981249,2095,2089
21.044338824142198,2119,2102
21.048245328471907,2116,2107
21.052151832801616,2143,2131
21.056058337131326,2138,2120
21.059964841461035,2155,2138
21.063871345790744,2144,2134
21.067777850120454,2136,2112
21.071684354450163,2132,2119
21.07559085877987,2119,2118
21.079497363109578,2112,2116
21.083403867439287,2112,2107
21.087310371768996,2091,2080
21.091216876098706,2122,2115
21.095123380428415,2099,2080
21.099029884758124,2129,2131
21.102936389087834,2143,2127
21.106842893417543,2144,2124
21.110749397747252,2150,2136
21.11465590207696,2152,2143
21.118562406406667,2147,2131
21.122468910736377,2142,2122
21.126375415066086,2123,2115
21.130281919395795,2135,2134
21.134188423725504,2124,2120
21.138094928055214,2120,2114
21.142001432384923,2113,2112
21.145907936714632,2125,2120
21.14981444104434,2141,2141
21.15372094537405,2122,2105
21.15762744970376,2129,2120
21.161533954033466,2146,2141
21.165440458363175,2127,2123
21.169346962692885,2126,2112
21.173253467022594,2149,2144
21.177159971352303,2145,2134
21.181066475682012,2126,2115
21.18497298001172,2114,2104
21.18887948434143,2078,2078
21.19278598867114,2103,2092
21.19669249300085,2099,2094
21.200598997330555,2155,2153
21.204505501660265,2161,2141
21.208412005989974,2159,2157
21.212318510319683,2151,2134
21.216225014649392,2139,2139
21.2201315189791,2119,2112
21.22403802330881,2146,2137
21.22794452763852,2096,2087
21.23185103196823,2068,2070
21.23575753629794,2061,2052
21.23966404062765,2065,2067
21.243570544957354,2061,2064
21.247477049287063,2030,2033
21.251383553616773,2032,2032
21.255290057946482,2033,2047
21.25919656227619,2044,2057
21.2631030666059,2044,2040
21.26700957093561,2003,2004
21.27091607526532,1969,1971
21.27482257959503,1992,1980
21.278729083924738,1975,1981
21.282635588254447,1954,1965
21.286542092584153,1954,1967
21.290448596913862,1954,1958
21.29435510124357,1945,1952
21.29826160557328,1958,1964
21.30216810990299,1974,1970
21.3060746142327,1981,1993
21.30998111856241,1997,2000
21.313887622892118,1990,1994
21.317794127221827,1993,2005
21.321700631551536,1968,1982
21.325607135881246,1974,1988
21.32951364021095,1965,1974
21.33342014454066,1975,1986
21.33732664887037,1953,1973
21.34123315320008,1954,1970
21.34513965752979,1947,1957
21.349046161859498,1955,1966
21.352952666189207,1966,1967
21.356859170518916,1959,1978
21.360765674848626,1979,1992
21.364672179178335,1977,1994
21.368578683508044,1979,1997
21.37248518783775,1989,2009
21.37639169216746,1947,1954
21.38029819649717,1959,1977
21.384204700826878,1967,1979
21.388111205156587,1946,1949
21.392017709486296,1971,1978
21.395924213816006,1966,1970
21.399830718145715,1977,1985
21.403737222475424,1960,1960
21.407643726805134,1986,1983
21.411550231134843,2013,2009
21.41545673546455,1977,1982
21.419363239794258,1966,1978
21.423269744123967,1970,1976
21.427176248453677,1975,1972
21.431082752783386,1959,1970
21.434989257113095,1950,1965
21.438895761442804,1934,1952
21.442802265772514,1970,1970
21.446708770102223,1941,1953
21.450615274431932,1961,1962
21.45452177876164,1968,1973
21.458428283091347,1978,1975
21.462334787421057,1984,1989
21.466241291750766,1978,1991
21.470147796080475,1983,1987
21.474054300410184,1978,1985
21.477960804739894,2002,1993
21.481867309069603,1981,1988
21.485773813399312,2017,2013
21.48968031772902,1968,1984
21.49358682205873,1995,2000
21.497493326388437,2030,2035
21.501399830718146,2058,2049
21.505306335047855,2086,2082
21.509212839377565,2054,2056
21.513119343707274,2105,2101
21.517025848036983,2121,2115
21.520932352366692,2113,2103
21.5248388566964,2098,2085
21.52874536102611,2097,2098
21.53265186535582,2120,2109
21.53655836968553,2115,2111
21.540464874015235,2141,2124
21.544371378344945,2124,2132
21.548277882674654,2105,2095
21.552184387004363,2129,2111
21.556090891334073,2141,2131
21.559997395663782,2138,2138
21.56390389999349,2154,2133
21.5678104043232,2145,2129
21.57171690865291,2125,2112
21.57562341298262,2115,2108
21.57952991731233,2127,2119
21.583436421642034,2106,2102
21.587342925971743,2096,2083
21.591249430301453,2078,2073
21.595155934631162,2096,2082
21.59906243896087,2112,2102
21.60296894329058,2167,2147
21.60687544762029,2131,2118
21.61078195195,2136,2133
21.61468845627971,2160,2141
21.618594960609418,2136,2129
21.622501464939127,2115,2100
21.626407969268833,2124,2120
21.630314473598542,2131,2118
21.63422097792825,2101,2086
21.63812748225796,2121,2118
21.64203398658767,2132,2124
21.64594049091738,2134,2128
21.64984699524709,2143,2133
21.653753499576798,2124,2112
21.657660003906507,2127,2126
21.661566508236216,2143,2144
21.665473012565926,2149,2148
21.66937951689563,2114,2098
21.67328602122534,2132,2119
21.67719252555505,2143,2147
21.68109902988476,2107,2098
21.68500553421447,2106,2101
21.688912038544178,2125,2118
21.692818542873887,2110,2097
21.696725047203596,2105,2107
21.700631551533306,2137,2135
21.704538055863015,2141,2126
21.708444560192724,2153,2141
21.71235106452243,2148,2140
21.71625756885214,2132,2120
21.72016407318185,2116,2107
21.724070577511558,2110,2108
21.727977081841267,2089,2084
21.731883586170976,2089,2086
21.735790090500686,2062,2053
21.739696594830395,2044,2050
21.743603099160104,2084,2079
21.747509603489814,2016,2028
21.751416107819523,2028,2031
21.75532261214923,2046,2047
21.759229116478938,2036,2033
21.763135620808647,2020,2012
21.767042125138357,1995,2000
21.770948629468066,2003,2007
21.774855133797775,1994,2006
21.778761638127484,1978,1988
21.782668142457194,1961,1970
21.786574646786903,1957,1966
21.790481151116612,1951,1956
21.79438765544632,1960,1984
21.798294159776027,1957,1977
21.802200664105737,1944,1954
21.806107168435446,1990,2005
21.810013672765155,1975,1971
21.813920177094865,1971,1985
21.817826681424574,1995,2000
21.821733185754283,1993,2005
21.825639690083992,1974,1983
21.8295461944137,1944,1954
21.83345269874341,1954,1959
21.837359203073117,1965,1966
21.841265707402826,1926,1934
21.845172211732535,1964,1977
21.849078716062245,1972,1974
21.852985220391954,1984,1980
21.856891724721663,1982,1986
21.860798229051372,1960,1973
21.864704733381082,1969,1973
21.86861123771079,1973,1988
21.8725177420405,1948,1951
21.87642424637021,1955,1973
21.880330750699915,1936,1936
21.884237255029625,1934,1959
21.888143759359334,1929,1933
21.892050263689043,1949,1966
21.895956768018753,1962,1967
21.899863272348462,1949,1949
21.90376977667817,1960,1970
21.90767628100788,1981,1993
21.91158278533759,1996,1999
21.9154892896673,1977,1984
21.91939579399701,1988,1999
21.923302298326714,1982,1985
21.927208802656423,1973,1974
21.931115306986133,1948,1965
21.935021811315842,1954,1969
21.93892831564555,1931,1943
21.94283481997526,1956,1963
21.94674132430497,1943,1961
21.95064782863468,1952,1969
21.95455433296439,1970,1969
21.958460837294098,1997,2004
21.962367341623807,1985,1992
21.966273845953513,1992,1987
21.970180350283222,1997,2002
21.97408685461293,1979,1980
21.97799335894264,1998,2008
21.98189986327235,1992,1994
21.98580636760206,2004,2004
21.98971287193177,2000,1998
21.993619376261478,2016,2022
21.997525880591187,2021,2028
22.001432384920896,2050,2043
22.005338889250606,2048,2056
22.00924539358031,2090,2085
22.01315189791002,2081,2080
22.01705840223973,2088,2078
22.02096490656944,2103,2096
22.02487141089915,2100,2094
22.028777915228858,2088,2082
22.032684419558567,2120,2106
22.036590923888276,2101,2094
22.040497428217986,2100,2103
22.044403932547695,2099,2088
22.048310436877404,2116,2112
22.05221694120711,2125,2126
22.05612344553682,2151,2146
22.06002994986653,2171,2159
22.063936454196238,2157,2144
22.067842958525947,2126,2112
22.071749462855657,2119,2114
22.075655967185366,2125,2120
22.079562471515075,2120,2118
22.083468975844784,2135,2125
22.087375480174494,2094,2090
22.091281984504203,2104,2092
22.09518848883391,2109,2097
22.099094993163618,2120,2106
22.103001497493327,2140,2129
22.106908001823037,2159,2139
22.110814506152746,2118,2111
22.114721010482455,2141,2124
22.118627514812164,2131,2115
22.122534019141874,2132,2125
22.126440523471583,2111,2100
22.130347027801292,2134,2131
22.134253532130998,2111,2112
22.138160036460707,2117,2106
22.142066540790417,2122,2103
22.145973045120126,2122,2114
22.149879549449835,2108,2093
22.153786053779545,2160,2159
22.157692558109254,2160,2156
22.161599062438963,2150,2137
22.165505566768672,2121,2121
22.16941207109838,2135,2124
22.17331857542809,2113,2120
22.177225079757797,2108,2101
22.181131584087506,2084,2086
22.185038088417215,2119,2117
22.188944592746925,2089,2087
22.192851097076634,2124,2111
22.196757601406343,2127,2120
22.200664105736053,2129,2113
22.204570610065762,2151,2141
22.20847711439547,2152,2138
22.21238361872518,2127,2119
22.21629012305489,2120,2103
22.220196627384595,2143,2132
22.224103131714305,2130,2115
22.228009636044014,2088,2102
22.231916140373723,2100,2098
22.235822644703433,2073,2065
22.239729149033142,2051,2053
22.24363565336285,2057,2062
22.24754215769256,2045,2044
22.25144866202227,2053,2062
22.25535516635198,2026,2029
22.25926167068169,2026,2034
22.263168175011394,2020,2025
22.267074679341103,2027,2018
22.270981183670813,1990,2003
22.274887688000522,1971,1978
22.27879419233023,1978,1982
22.28270069665994,1993,1995
22.28660720098965,1967,1969
22.29051370531936,1959,1964
22.29442020964907,1960,1970
22.298326713978778,1966,1969
22.302233218308487,1967,1965
22.306139722638193,1988,2000
22.310046226967902,1973,1985
22.31395273129761,1982,1991
22.31785923562732,1996,1996
22.32176573995703,1983,1989
22.32567224428674,1993,1993
22.32957874861645,1957,1966
22.333485252946158,1944,1959
22.337391757275867,1960,1974
22.341298261605576,1967,1979
22.345204765935286,1962,1962
22.34911127026499,1952,1963
22.3530177745947,1996,1993
22.35692427892441,1987,1996
22.36083078325412,1974,1963
22.36473728758383,1971,1978
22.368643791913538,1991,2000
22.372550296243247,1968,1973
22.376456800572956,1969,1975
22.380363304902666,1947,1954
22.384269809232375,1949,1970
22.388176313562084,1961,1966
22.39208281789179,1952,1966
22.3959893222215,1952,1964
22.39989582655121,1976,1989
22.403802330880918,1985,2000
22.407708835210627,1998,2002
22.411615339540337,1998,2002
22.415521843870046,2008,2021
22.419428348199755,1975,1983
22.423334852529464,1982,1992
22.427241356859174,1982,1996
22.431147861188883,1963,1975
22.43505436551859,1962,1971
22.438960869848298,1953,1959
22.442867374178007,1966,1974
22.446773878507717,1970,1983
22.450680382837426,1970,1978
22.454586887167135,1959,1969
22.458493391496845,1969,1977
22.462399895826554,1973,1988
22.466306400156263,1998,2007
22.470212904485972,1977,1985
22.474119408815678,1981,1981
22.478025913145387,1992,2005
22.481932417475097,1985,2001
22.485838921804806,2008,2012
22.489745426134515,1998,2010
22.493651930464225,2027,2035
22.497558434793934,2036,2042
22.501464939123643,2049,2049
22.505371443453352,2069,2065
22.509277947783062,2102,2099
22.51318445211277,2088,2068
22.517090956442477,2108,2103
22.520997460772186,2123,2114
22.524903965101895,2105,2092
22.528810469431605,2124,2117
22.532716973761314,2121,2120
22.536623478091023,2099,2092
22.540529982420733,2104,2098
22.544436486750442,2120,2108
22.54834299108015,2106,2107
22.55224949540986,2119,2109
22.55615599973957,2137,2118
22.560062504069275,2142,2133
22.563969008398985,2144,2143
22.567875512728694,2134,2127
22.571782017058403,2110,2112
22.575688521388113,2138,2121
22.579595025717822,2122,2110
22.58350153004753,2108,2100
22.58740803437724,2094,2099
22.59131453870695,2091,2083
22.59522104303666,2120,2108
22.59912754736637,2114,2107
22.603034051696074,2129,2118
22.606940556025783,2153,2133
22.610847060355493,2177,2169
22.614753564685202,2151,2150
22.61866006901491,2148,2135
22.62256657334462,2118,2114
22.62647307767433,2123,2120
22.63037958200404,2120,2116
22.63428608633375,2127,2120
22.638192590663458,2092,2090
22.642099094993167,2117,2101
22.646005599322873,2115,2105
22.649912103652582,2123,2109
22.65381860798229,2144,2128
22.657725112312,2138,2128
22.66163161664171,2132,2121
22.66553812097142,2149,2141
22.66944462530113,2133,2138
22.673351129630838,2127,2117
22.677257633960547,2121,2108
22.681164138290256,2097,2084
22.685070642619966,2096,2084
22.68897714694967,2103,2090
22.69288365127938,2109,2097
22.69679015560909,2110,2110
22.7006966599388,2140,2133
22.70460316426851,2130,2116
22.708509668598218,2163,2155
22.712416172927927,2140,2116
22.716322677257637,2146,2137
22.720229181587346,2125,2118
22.724135685917055,2121,2108
22.728042190246764,2095,2083
22.73194869457647,2099,2093
22.73585519890618,2094,2093
22.73976170323589,2066,2072
22.743668207565598,2028,2030
22.747574711895307,2060,2062
22.751481216225017,2037,2034
22.755387720554726,2047,2041
22.759294224884435,2017,2015
22.763200729214145,2026,2032
22.767107233543854,2009,2008
22.77101373787356,2000,2004
22.77492024220327,1989,1993
22.778826746532978,1970,1969
22.782733250862687,1981,1992
22.786639755192397,1948,1950
22.790546259522106,1950,1960
22.794452763851815,1961,1966
22.798359268181525,1968,1971
22.802265772511234,1966,1972
22.806172276840943,1987,1993
22.810078781170652,1973,1974
22.813985285500358,1986,1998
22.817891789830067,1980,1996
22.821798294159777,1970,1972
22.825704798489486,1962,1974
22.829611302819195,1973,1986
22.833517807148905,1960,1961
22.837424311478614,1965,1974
22.841330815808323,1962,1972
22.845237320138033,1954,1965
22.849143824467742,1964,1970
22.85305032879745,1959,1970
22.856956833127157,1956,1969
22.860863337456866,1979,1993
22.864769841786575,1992,1997
22.868676346116285,1982,1984
22.872582850445994,1959,1956
22.876489354775703,1959,1968
22.880395859105413,1962,1969
22.884302363435122,1952,1960
22.88820886776483,1940,1956
22.89211537209454,1949,1947
22.89602187642425,1938,1958
22.899928380753956,1970,1978
22.903834885083665,1973,1983
22.907741389413374,1980,1981
22.911647893743083,1988,1995
22.915554398072793,1987,2000
22.919460902402502,1966,1982
22.92336740673221,1998,1994
22.92727391106192,1987,2001
22.93118041539163,1958,1973
22.93508691972134,1969,1981
22.93899342405105,1944,1955
22.942899928380754,1952,1962
22.946806432710463,1952,1960
22.950712937040173,1957,1962
22.954619441369882,1984,1998
22.95852594569959,2011,2013
22.9624324500293,1983,1987
22.96633895435901,2004,2007
22.97024545868872,2000,2003
22.97415196301843,1977,1986
22.978058467348138,1975,1991
22.981964971677847,1977,1982
22.985871476007553,2014,2015
22.989777980337262,2004,2007
22.99368448466697,2017,2014
22.99759098899668,2038,2031
23.00149749332639,2049,2045
23.0054039976561,2080,2081
23.00931050198581,2067,2061
23.013217006315518,2113,2114
23.017123510645227,2103,2100
23.021030014974937,2100,2088
23.024936519304646,2106,2104
23.02884302363435,2105,2105
23.03274952796406,2123,2110
23.03665603229377,2125,2118
23.04056253662348,2085,2086
23.04446904095319,2140,2130
23.048375545282898,2115,2112
23.052282049612607,2136,2122
23.056188553942317,2122,2112
23.060095058272026,2135,2134
23.064001562601735,2154,2156
23.06790806693144,2128,2118
23.07181457126115,2127,2111
23.07572107559086,2126,2120
23.07962757992057,2120,2108
23.083534084250278,2086,2083
23.087440588579987,2107,2101
23.091347092909697,2113,2109
23.095253597239406,2099,2089
23.099160101569115,2142,2144
23.103066605898825,2118,2104
23.106973110228534,2124,2111
23.11087961455824,2161,2140
23.11478611888795,2158,2160
23.118692623217658,2142,2123
23.122599127547367,2115,2110
23.126505631877077,2150,2134
23.130412136206786,2097,2074
23.134318640536495,2127,2121
23.138225144866205,2105,2096
23.142131649195914,2129,2114
23.146038153525623,2109,2109
23.149944657855333,2126,2119
23.15385116218504,2144,2125
23.157757666514748,2136,2125
23.161664170844457,2128,2109
23.165570675174166,2135,2129
23.169477179503875,2139,2125
23.173383683833585,2112,2102
23.177290188163294,2114,2102
23.181196692493003,2114,2109
23.185103196822713,2099,2096
23.189009701152422,2110,2113
23.19291620548213,2106,2086
23.196822709811837,2132,2131
23.200729214141546,2143,2123
23.204635718471256,2147,2141
23.208542222800965,2141,2142
23.212448727130674,2133,2118
23.216355231460383,2130,2115
23.220261735790093,2117,2107
23.224168240119802,2116,2123
23.22807474444951,2099,2090
23.23198124877922,2092,2098
23.23588775310893,2065,2071
23.239794257438636,2056,2054
23.243700761768345,2045,2041
23.247607266098054,2049,2049
23.251513770427763,2054,2057
23.255420274757473,2042,2036
23.259326779087182,2060,2064
23.26323328341689,2034,2036
23.2671397877466,2023,2024
23.27104629207631,1988,1994
23.27495279640602,1989,1999
23.27885930073573,1975,1982
23.282765805065434,1955,1966
23.286672309395144,1962,1965
23.290578813724853,1945,1952
23.294485318054562,1940,1944
23.29839182238427,1942,1957
23.30229832671398,1973,1966
23.30620483104369,1972,1976
23.3101113353734,2003,2015
23.31401783970311,1992,1996
23.317924344032818,1975,1987
23.321830848362527,1990,1983
23.325737352692233,2006,2011
23.329643857021942,1951,1963
23.33355036135165,1945,1952
23.33745686568136,1931,1935
23.34136337001107,1937,1953
23.34526987434078,1968,1979
23.34917637867049,1964,1973
23.353082883000198,1975,1980
23.356989387329907,1952,1963
23.360895891659617,1979,1986
23.364802395989326,1976,1983
23.36870890031903,1951,1947
23.37261540464874,1951,1970
23.37652190897845,1937,1943
23.38042841330816,1965,1986
23.38433491763787,1956,1953
23.388241421967578,1935,1948
23.392147926297287,1922,1939
23.396054430626997,1956,1965
23.399960934956706,1963,1965
23.403867439286415,1995,1993
23.40777394361612,2002,2002
23.41168044794583,2000,2005
23.41558695227554,1992,2006
23.41949345660525,1967,1982
23.423399960934958,1980,1989
23.427306465264667,1965,1982
23.431212969594377,1980,1976
23.435119473924086,1938,1948
23.439025978253795,1939,1951
23.442932482583505,1947,1968
23.446838986913214,1977,1973
23.45074549124292,1965,1970
23.45465199557263,2000,2002
23.458558499902338,1971,1980
23.462465004232048,1999,1998
23.466371508561757,1992,1990
23.470278012891466,1974,1976
23.474184517221175,1968,1979
23.478091021550885,1967,1971
23.481997525880594,2005,2012
23.485904030210303,2000,2012
23.489810534540013,2001,1995
23.49371703886972,2001,2012
23.497623543199428,2042,2038
23.501530047529137,2070,2078
23.505436551858846,2054,2048
23.509343056188555,2085,2082
23.513249560518265,2106,2091
23.517156064847974,2101,2098
23.521062569177683,2094,2092
23.524969073507393,2095,2096
23.528875577837102,2106,2106
23.53278208216681,2102,2091
23.536688586496517,2074,2081
23.540595090826226,2110,2101
23.544501595155936,2117,2111
23.548408099485645,2108,2106
23.552314603815354,2139,2138
23.556221108145063,2158,2142
23.560127612474773,2146,2138
23.564034116804482,2156,2144
23.56794062113419,2141,2128
23.5718471254639,2140,2125
23.57575362979361,2129,2114
23.579660134123316,2123,2123
23.583566638453025,2107,2118
23.587473142782734,2097,2094
23.591379647112444,2116,2111
23.595286151442153,2121,2118
23.599192655771862,2133,2120
23.60309916010157,2146,2134
23.60700566443128,2132,2123
23.61091216876099,2145,2137
23.6148186730907,2128,2125
23.61872517742041,2140,2148
23.622631681750114,2134,2130
23.626538186079824,2125,2118
23.630444690409533,2127,2110
23.634351194739242,2128,2118
23.63825769906895,2113,2105
23.64216420339866,2121,2113
23.64607070772837,2098,2085
23.64997721205808,2094,2096
23.65388371638779,2153,2150
23.657790220717498,2118,2124
23.661696725047207,2137,2131
23.665603229376913,2135,2119
23.669509733706622,2133,2128
23.67341623803633,2127,2111
23.67732274236604,2131,2117
23.68122924669575,2110,2103
23.68513575102546,2111,2111
23.68904225535517,2126,2127
23.692948759684878,2113,2096
23.696855264014587,2112,2106
23.700761768344297,2132,2123
23.704668272674002,2142,2145
23.70857477700371,2146,2142
23.71248128133342,2159,2147
23.71638778566313,2135,2138
23.72029428999284,2115,2098
23.72420079432255,2122,2118
23.728107298652258,2099,2089
23.732013802981967,2095,2093
23.735920307311677,2076,2071
23.739826811641386,2051,2045
23.743733315971095,2042,2030
23.7476398203008,2056,2057
23.75154632463051,2042,2042
23.75545282896022,2055,2056
23.75935933328993,2061,2054
23.763265837619638,2024,2018
23.767172341949347,2030,2038
23.771078846279057,2009,2025
23.774985350608766,2001,2002
23.778891854938475,1971,1979
23.782798359268185,1967,1971
23.786704863597894,1948,1956
23.7906113679276,1933,1949
23.79451787225731,1924,1946
23.79842437658702,1945,1952
23.802330880916728,1981,1986
23.806237385246437,2005,1993
23.810143889576146,1987,1993
23.814050393905855,1985,1987
23.817956898235565,1968,1981
23.821863402565274,1982,1995
23.825769906894983,1974,1969
23.829676411224693,1946,1954
23.8335829155544,1970,1975
23.837489419884108,1952,1965
23.841395924213817,1955,1964
23.845302428543526,1930,1939
23.849208932873236,1978,1982
23.853115437202945,1977,1980
23.857021941532654,1984,1993
23.860928445862363,1984,1991
23.864834950192073,1976,1981
23.868741454521782,1975,1978
23.87264795885149,1968,1966
23.876554463181197,1960,1959
23.880460967510906,1954,1952
23.884367471840616,1938,1931
23.888273976170325,1944,1951
23.892180480500034,1934,1935
23.896086984829743,1964,1971
23.899993489159453,1975,1983
23.903899993489162,1969,1966
23.90780649781887,1989,1993
23.91171300214858,2002,2015
23.91561950647829,1984,1990
23.919526010807996,1983,1983
23.923432515137705,1969,1979
23.927339019467414,1971,1975
23.931245523797124,1960,1971
23.935152028126833,1936,1951
23.939058532456542,1944,1953
23.94296503678625,1957,1962
23.94687154111596,1978,1994
23.95077804544567,1960,1960
23.95468454977538,1966,1975
23.95859105410509,1989,1992
23.962497558434794,1983,1981
23.966404062764504,1972,1966
23.970310567094213,1989,1999
23.974217071423922,2001,1992
23.97812357575363,1997,1999
23.98203008008334,1996,1998
23.98593658441305,1990,1993
23.98984308874276,1990,1991
23.99374959307247,2010,2023
23.997656097402178,2025,2031
24.001562601731884,2058,2054
24.005469106061593,2068,2064
24.009375610391302,2096,2096
24.01328211472101,2095,2081
24.01718861905072,2106,2108
24.02109512338043,2078,2079
24.02500162771014,2129,2132
24.02890813203985,2085,2078
24.032814636369558,2111,2119
24.036721140699267,2107,2089
24.040627645028977,2084,2082
24.044534149358682,2104,2107
24.04844065368839,2141,2129
24.0523471580181,2133,2116
24.05625366234781,2153,2131
24.06016016667752,2153,2143
24.06406667100723,2146,2141
24.067973175336938,2144,2131
24.071879679666647,2117,2102
24.075786183996357,2106,2094
24.079692688326066,2135,2123
24.083599192655775,2096,2100
24.08750569698548,2102,2106
24.09141220131519,2082,2079
24.0953187056449,2111,2106
24.09922520997461,2149,2143
24.103131714304318,2107,2094
24.107038218634028,2135,2121
24.110944722963737,2154,2131
24.114851227293446,2143,2127
24.118757731623155,2141,2141
24.122664235952865,2142,2136
24.126570740282574,2133,2139
24.13047724461228,2097,2090
24.13438374894199,2129,2117
24.1382902532717,2110,2103
24.142196757601408,2122,2113
24.146103261931117,2113,2099
24.150009766260826,2124,2115
24.153916270590535,2149,2141
24.157822774920245,2151,2149
24.161729279249954,2138,2127
24.165635783579663,2143,2130
24.169542287909373,2135,2130
24.17344879223908,2138,2138
24.177355296568788,2113,2113
24.181261800898497,2119,2121
24.185168305228206,2116,2109
24.189074809557916,2113,2105
24.192981313887625,2116,2107
24.196887818217334,2133,2132
24.200794322547043,2123,2115
24.204700826876753,2147,2127
24.208607331206462,2144,2138
24.21251383553617,2136,2127
24.216420339865877,2129,2115
24.220326844195586,2147,2141
24.224233348525296,2105,2091
24.228139852855005,2076,2083
24.232046357184714,2097,2096
24.235952861514424,2060,2060
24.239859365844133,2042,2050
24.243765870173842,2058,2055
24.24767237450355,2033,2036
24.25157887883326,2047,2043
24.25548538316297,2050,2045
24.259391887492676,2061,2057
24.263298391822385,2031,2037
24.267204896152094,2007,2018
24.271111400481804,2009,2009
24.275017904811513,1994,1996
24.278924409141222,1967,1981
24.28283091347093,1955,1967
24.28673741780064,1952,1959
24.29064392213035,1945,1954
24.29455042646006,1956,1960
24.29845693078977,1954,1969
24.302363435119474,1942,1943
24.306269939449184,1987,1974
24.310176443778893,1986,1993
24.314082948108602,1962,1965
24.31798945243831,1969,1974
24.32189595676802,1973,1988
24.32580246109773,1979,1989
24.32970896542744,1961,1973
24.33361546975715,1952,1966
24.337521974086858,1966,1961
24.341428478416564,1954,1966
24.345334982746273,1959,1971
24.349241487075982,1961,1970
24.35314799140569,1956,1963
24.3570544957354,1992,2002
24.36096100006511,1991,2000
24.36486750439482,1972,1973
24.36877400872453,1966,1976
24.372680513054238,1958,1969
24.376587017383947,1965,1974
24.380493521713657,1938,1950
24.384400026043362,1947,1955
24.38830653037307,1940,1953
24.39221303470278,1974,1977
24.39611953903249,1951,1946
24.4000260433622,1972,1978
24.40393254769191,1947,1954
24.407839052021618,1980,1981
24.411745556351327,1991,1995
24.415652060681037,1977,1982
24.419558565010746,1990,1993
24.423465069340455,1973,1985
24.42737157367016,1974,1983
24.43127807799987,1963,1981
24.43518458232958,1946,1968
24.43909108665929,1956,1961
24.442997590989,1963,1969
24.446904095318708,1937,1946
24.450810599648417,1977,1984
24.454717103978126,1972,1969
24.458623608307835,1990,1991
24.462530112637545,1995,1992
24.466436616967254,2001,2002
24.47034312129696,1988,1995
24.47424962562667,1989,2006
24.47815612995638,1950,1954
24.482062634286088,1973,1977
24.485969138615797,1980,1981
24.489875642945506,1995,2003
24.493782147275216,2009,2028
24.497688651604925,2021,2023
24.501595155934634,2056,2043
24.505501660264343,2079,2081
24.509408164594053,2080,2073
24.51331466892376,2111,2100
24.517221173253468,2094,2095
24.521127677583177,2098,2090
24.525034181912886,2090,2097
24.528940686242596,2104,2096
24.532847190572305,2094,2093
24.536753694902014,2123,2111
24.540660199231723,2114,2108
24.544566703561433,2110,2104
24.548473207891142,2138,2125
24.55237971222085,2133,2129
24.556286216550557,2151,2138
24.560192720880266,2143,2142
24.564099225209976,2166,2156
24.568005729539685,2144,2146
24.571912233869394,2118,2112
24.575818738199104,2124,2109
24.579725242528813,2117,2119
24.583631746858522,2079,2072
24.58753825118823,2096,2085
24.59144475551794,2115,2101
24.59535125984765,2102,2090
24.599257764177356,2125,2121
24.603164268507065,2126,2114
24.607070772836774,2130,2125
24.610977277166484,2129,2121
24.614883781496193,2138,2125
24.618790285825902,2137,2125
24.62269679015561,2117,2100
24.62660329448532,2133,2116
24.63050979881503,2109,2101
24.63441630314474,2123,2113
24.638322807474445,2110,2104
24.642229311804154,2124,2121
24.646135816133864,2123,2126
24.650042320463573,2147,2135
24.653948824793282,2134,2119
24.65785532912299,2113,2111
24.6617618334527,2137,2114
24.66566833778241,2150,2147
24.66957484211212,2150,2143
24.67348134644183,2131,2134
24.677387850771538,2110,2102
24.681294355101244,2109,2100
24.685200859430953,2110,2099
24.689107363760662,2103,2098
24.69301386809037,2097,2102
24.69692037242008,2137,2144
24.70082687674979,2123,2118
24.7047333810795,2142,2129
24.70863988540921,2142,2138
24.712546389738918,2141,2129
24.716452894068627,2153,2138
24.720359398398337,2117,2112
24.724265902728042,2123,2116
24.72817240705775,2091,2092
24.73207891138746,2098,2091
24.73598541571717,2050,2046
24.73989192004688,2066,2068
24.74379842437659,2040,2042
24.7477049287063,2029,2034
24.751611433036008,2038,2043
24.755517937365717,2064,2065
24.759424441695426,2035,2041
24.763330946025135,2024,2030
24.76723745035484,2022,2016
24.77114395468455,1981,1984
24.77505045901426,1978,1986
24.77895696334397,1970,1969
24.78286346767368,1981,1987
24.786769972003388,1952,1959
24.790676476333097,1935,1969
24.794582980662806,1962,1968
24.798489484992515,1966,1987
24.802395989322225,1980,1992
24.806302493651934,1998,1998
24.81020899798164,2000,2002
24.81411550231135,1976,1997
24.81802200664106,1981,1988
24.821928510970768,1982,1991
24.825835015300477,1958,1972
24.829741519630186,1963,1968
24.833648023959896,1959,1970
24.837554528289605,1959,1966
24.841461032619314,1944,1951
24.845367536949023,1957,1965
24.849274041278733,1951,1972
24.85318054560844,1988,1990
24.857087049938148,1952,1963
24.860993554267857,1955,1962
24.864900058597566,2004,2012
24.868806562927276,1962,1968
24.872713067256985,1962,1971
24.876619571586694,1973,1969
24.880526075916404,1946,1957
24.884432580246113,1938,1952
24.888339084575822,1937,1948
24.89224558890553,1956,1968
24.896152093235237,1943,1949
24.900058597564946,1954,1955
24.903965101894656,1965,1973
24.907871606224365,1972,1972
24.911778110554074,2003,2002
24.915684614883784,1992,1996
24.919591119213493,1980,1986
24.923497623543202,1953,1951
24.92740412787291,1955,1962
24.93131063220262,1945,1947
24.93521713653233,1933,1940
24.939123640862036,1941,1948
24.943030145191745,1930,1951
24.946936649521454,1969,1978
24.950843153851164,1957,1961
24.954749658180873,1978,1984
24.958656162510582,1997,2002
24.96256266684029,1970,1978
24.96646917117,1992,1991
24.97037567549971,1980,1995
24.97428217982942,1974,1974
24.978188684159125,1967,1980
24.982095188488834,1977,1980
24.986001692818544,2007,2006
24.989908197148253,2009,2010
24.993814701477962,2019,2023
24.99772120580767,2046,2056
25.00162771013738,2068,2062
25.00553421446709,2094,2087
25.0094407187968,2111,2113
25.01334722312651,2104,2102
25.017253727456218,2101,2090
25.021160231785924,2123,2105
25.025066736115633,2106,2098
25.028973240445342,2125,2126
25.03287974477505,2104,2100
25.03678624910476,2112,2117
25.04069275343447,2107,2099
25.04459925776418,2109,2112
25.04850576209389,2104,2104
25.052412266423598,2138,2118
25.056318770753307,2146,2141
25.060225275083017,2157,2145
25.064131779412723,2166,2152
25.068038283742432,2135,2131
25.07194478807214,2116,2098
25.07585129240185,2136,2130
25.07975779673156,2113,2119
25.08366430106127,2121,2123
25.08757080539098,2116,2110
25.091477309720688,2087,2085
25.095383814050397,2127,2124
25.099290318380106,2151,2135
25.103196822709815,2170,2153
25.10710332703952,2159,2148
25.11100983136923,2164,2146
25.11491633569894,2168,2153
25.11882284002865,2149,2140
25.12272934435836,2135,2128
25.126635848688068,2123,2114
25.130542353017777,2109,2104
25.134448857347486,2118,2100
25.138355361677196,2109,2098
25.142261866006905,2124,2128
25.146168370336614,2129,2124
25.15007487466632,2136,2125
25.15398137899603,2136,2124
25.15788788332574,2132,2108
25.161794387655448,2125,2118
25.165700891985157,2123,2127
25.169607396314866,2147,2134
25.173513900644576,2159,2144
25.177420404974285,2137,2126
25.181326909303994,2119,2105
25.185233413633703,2114,2105
25.189139917963413,2116,2104
25.19304642229312,2122,2119
25.196952926622828,2117,2112
25.200859430952537,2106,2097
25.204765935282246,2157,2144
25.208672439611956,2141,2134
25.212578943941665,2142,2129
25.216485448271374,2149,2139
25.220391952601084,2120,2117
25.224298456930793,2127,2124
25.228204961260502,2097,2097
25.23211146559021,2093,2089
25.236017969919917,2061,2057
25.239924474249626,2044,2036
25.243830978579336,2053,2046
25.247737482909045,2071,2078
25.251643987238754,2043,2031
25.255550491568464,2070,2065
25.259456995898173,2062,2057
25.263363500227882,2027,2027
25.26727000455759,2011,2018
25.2711765088873,1998,1998
25.275083013217007,2002,2007
25.278989517546716,1952,1970
25.282896021876425,1952,1959
25.286802526206134,1947,1946
25.290709030535844,1963,1972
25.294615534865553,1930,1934
25.298522039195262,1955,1975
25.30242854352497,1980,1988
25.30633504785468,1971,1974
25.31024155218439,1977,1992
25.3141480565141,1987,1992
25.318054560843805,1959,1969
25.321961065173515,1983,1987
25.325867569503224,1961,1970
25.329774073832933,1980,1989
25.333680578162642,1977,1997
25.33758708249235,1961,1975
25.34149358682206,1943,1935
25.34540009115177,1959,1959
25.34930659548148,1962,1961
25.35321309981119,1978,1985
25.357119604140898,1980,1971
25.361026108470604,1980,1986
25.364932612800313,1967,1978
25.368839117130022,1992,1991
25.372745621459732,1960,1973
25.37665212578944,1959,1970
25.38055863011915,1942,1956
25.38446513444886,1953,1955
25.38837163877857,1946,1958
25.39227814310828,1962,1968
25.396184647437988,1975,1980
25.400091151767697,1958,1960
25.403997656097403,1962,1966
25.407904160427112,1989,1996
25.41181066475682,1996,1993
25.41571716908653,1978,1993
25.41962367341624,1984,1997
25.42353017774595,1989,2002
25.42743668207566,1965,1970
25.431343186405368,1950,1960
25.435249690735077,1953,1959
25.439156195064786,1938,1955
25.443062699394495,1959,1967
25.4469692037242,1981,1990
25.45087570805391,1965,1985
25.45478221238362,1990,2007
25.45868871671333,1971,1983
25.46259522104304,1994,2000
25.466501725372748,1991,1997
25.470408229702457,1973,1988
25.474314734032166,1991,2005
25.478221238361876,1990,1996
25.482127742691585,1992,2000
25.486034247021294,1995,1997
25.489940751351,2021,2010
25.49384725568071,1988,1986
25.49775376001042,2011,2017
25.501660264340128,2068,2052
25.505566768669837,2085,2084
25.509473272999546,2093,2093
25.513379777329256,2122,2111
25.517286281658965,2103,2093
25.521192785988674,2086,2078
25.525099290318384,2101,2103
25.529005794648093,2115,2107
25.5329122989778,2094,2090
25.536818803307508,2124,2118
25.540725307637217,2092,2082
25.544631811966926,2113,2111
25.548538316296636,2160,2147
25.552444820626345,2139,2141
25.556351324956054,2159,2150
25.560257829285764,2148,2133
25.564164333615473,2153,2143
25.568070837945182,2133,2122
25.571977342274888,2130,2119
25.575883846604597,2124,2115
25.579790350934307,2118,2095
25.583696855264016,2097,2095
25.587603359593725,2089,2090
25.591509863923434,2113,2101
25.595416368253144,2110,2097
25.599322872582853,2116,2108
25.603229376912562,2118,2120
25.60713588124227,2163,2154
25.61104238557198,2160,2144
25.614948889901687,2153,2136
25.618855394231396,2151,2141
25.622761898561105,2134,2123
25.626668402890814,2125,2109
25.630574907220524,2115,2112
25.634481411550233,2109,2109
25.638387915879942,2110,2103
25.64229442020965,2115,2117
25.64620092453936,2114,2108
25.65010742886907,2117,2107
25.65401393319878,2145,2142
25.657920437528485,2142,2140
25.661826941858195,2133,2135
25.665733446187904,2138,2125
25.669639950517613,2144,2140
25.673546454847322,2122,2110
25.67745295917703,2121,2104
25.68135946350674,2116,2101
25.68526596783645,2098,2102
25.68917247216616,2096,2090
25.69307897649587,2103,2103
25.696985480825578,2133,2125
25.700891985155284,2130,2123
25.704798489484993,2149,2144
25.708704993814703,2138,2135
25.712611498144412,2142,2130
25.71651800247412,2123,2108
25.72042450680383,2101,2105
25.72433101113354,2115,2117
25.72823751546325,2088,2084
25.73214401979296,2082,2073
25.736050524122668,2081,2079
25.739957028452377,2074,2067
25.743863532782083,2042,2041
25.747770037111792,2071,2063
25.7516765414415,2037,2034
25.75558304577121,2032,2042
25.75948955010092,2047,2045
25.76339605443063,2027,2032
25.76730255876034,2011,2017
25.771209063090048,1997,2003
25.775115567419757,1963,1976
25.779022071749466,1990,2003
25.782928576079176,1947,1948
25.78683508040888,1948,1964
25.79074158473859,1931,1939
25.7946480890683,1949,1964
25.79855459339801,1956,1969
25.80246109772772,1945,1949
25.806367602057428,1983,1987
25.810274106387137,1982,1983
25.814180610716846,1992,1996
25.818087115046556,1970,1988
25.821993619376265,1975,1978
25.825900123705974,1987,1996
25.82980662803568,1976,1985
25.83371313236539,1958,1965
25.8376196366951,1932,1938
25.841526141024808,1966,1977
25.845432645354517,1957,1972
25.849339149684226,1974,1984
25.853245654013936,1990,2002
25.857152158343645,2006,2013
25.861058662673354,1985,1981
25.864965167003064,1991,1989
25.868871671332773,1984,1991
25.87277817566248,1952,1967
25.876684679992188,1966,1971
25.880591184321897,1938,1953
25.884497688651606,1933,1941
25.888404192981316,1954,1961
25.892310697311025,1951,1967
25.896217201640734,1968,1972
25.900123705970444,1991,2003
25.904030210300153,1964,1977
25.907936714629862,1972,1979
25.911843218959568,2014,2010
25.915749723289277,1991,1988
25.919656227618987,1954,1964
25.923562731948696,1972,1979
25.927469236278405,1977,1981
25.931375740608114,1962,1976
25.935282244937824,1949,1961
25.939188749267533,1946,1956
25.943095253597242,1977,1979
25.94700175792695,1961,1973
25.95090826225666,1960,1965
25.954814766586367,1967,1983
25.958721270916076,1992,1993
25.962627775245785,1979,1978
25.966534279575495,1968,1976
25.970440783905204,1994,2006
25.974347288234913,1984,1977
25.978253792564622,1982,1993
25.98216029689433,1983,1985
25.98606680122404,1978,1989
25.98997330555375,1982,1984
25.99387980988346,1991,1997
25.997786314213165,2020,2018
26.001692818542875,2043,2037
26.005599322872584,2087,2092
26.009505827202293,2090,2079
26.013412331532002,2082,2084
26.017318835861712,2105,2103
26.02122534019142,2117,2109
26.02513184452113,2103,2105
26.02903834885084,2106,2091
26.03294485318055,2097,2093
26.03685135751026,2089,2082
26.040757861839964,2110,2100
26.044664366169673,2106,2097
26.048570870499383,2122,2110
26.052477374829092,2144,2130
26.0563838791588,2139,2140
26.06029038348851,2168,2153
26.06419688781822,2130,2111
26.06810339214793,2127,2126
26.07200989647764,2113,2114
26.075916400807348,2118,2107
26.079822905137057,2111,2111
26.083729409466763,2099,2092
26.087635913796472,2130,2128
26.09154241812618,2108,2094
26.09544892245589,2122,2119
26.0993554267856,2130,2114
26.10326193111531,2161,2142
26.10716843544502,2148,2140
26.111074939774728,2158,2151
26.114981444104437,2145,2139
26.118887948434146,2148,2147
26.122794452763856,2141,2142
26.12670095709356,2134,2122
26.13060746142327,2117,2106
26.13451396575298,2121,2114
26.13842047008269,2121,2101
26.1423269744124,2124,2117
26.146233478742108,2121,2124
26.150139983071817,2132,2132
26.154046487401526,2140,2138
26.157952991731236,2143,2142
26.161859496060945,2135,2115
26.165766000390654,2155,2142
26.16967250472036,2101,2090
26.17357900905007,2128,2117
26.17748551337978,2117,2104
26.181392017709488,2110,2095
26.185298522039197,2110,2104
26.189205026368906,2120,2111
26.193111530698616,2106,2095
26.197018035028325,2101,2094
26.200924539358034,2115,2109
26.204831043687744,2155,2146
26.20873754801745,2145,2131
26.21264405234716,2154,2142
26.216550556676868,2150,2125
26.220457061006577,2132,2126
26.224363565336287,2107,2097
26.228270069665996,2110,2112
26.232176573995705,2079,2078
26.236083078325414,2078,2076
26.239989582655124,2036,2045
26.243896086984833,2041,2039
26.247802591314542,2048,2050
26.251709095644248,2061,2052
26.255615599973957,2060,2054
26.259522104303667,2045,2044
26.263428608633376,2049,2051
26.267335112963085,2004,2010
26.271241617292795,1986,1990
26.275148121622504,1981,1989
26.279054625952213,1947,1946
26.282961130281922,1964,1974
26.28686763461163,1945,1953
26.29077413894134,1945,1951
26.294680643271047,1968,1978
26.298587147600756,1961,1975
26.302493651930465,1966,1971
26.306400156260175,1994,2000
26.310306660589884,1994,2015
26.314213164919593,1981,1997
26.318119669249302,1966,1970
26.32202617357901,1974,1983
26.32593267790872,1969,1973
26.32983918223843,1974,1984
26.33374568656814,1958,1960
26.337652190897845,1964,1975
26.341558695227555,1946,1959
26.345465199557264,1948,1952
26.349371703886973,1957,1974
26.353278208216683,1991,1994
26.357184712546392,1974,1973
26.3610912168761,1969,1981
26.36499772120581,1996,2008
26.36890422553552,1973,1967
26.37281072986523,1965,1983
26.37671723419494,1959,1967
26.380623738524644,1967,1971
26.384530242854353,1961,1972
26.388436747184063,1962,1964
26.392343251513772,1948,1959
26.39624975584348,1947,1949
26.40015626017319,1970,1975
26.4040627645029,1993,1987
26.40796926883261,1980,1979
26.41187577316232,1992,1993
26.415782277492028,2008,2011
26.419688781821737,1984,1991
26.423595286151443,1961,1963
26.427501790481152,1955,1960
26.43140829481086,1951,1965
26.43531479914057,1948,1956
26.43922130347028,1948,1957
26.44312780779999,1953,1963
26.4470343121297,1933,1956
26.450940816459408,1971,1981
26.454847320789117,1980,1987
26.458753825118826,1971,1980
26.462660329448536,1988,1994
26.46656683377824,1985,1988
26.47047333810795,1991,1998
26.47437984243766,1984,1984
26.47828634676737,1989,1999
26.48219285109708,1985,1988
26.486099355426788,1975,1985
26.490005859756497,1996,2008
26.493912364086206,2010,2009
26.497818868415916,2029,2034
26.501725372745625,2045,2055
26.505631877075334,2090,2084
26.50953838140504,2080,2076
26.51344488573475,2108,2102
26.51735139006446,2080,2069
26.521257894394168,2101,2084
26.525164398723877,2108,2110
26.529070903053587,2131,2132
26.532977407383296,2103,2093
26.536883911713005,2096,2088
26.540790416042714,2098,2092
26.544696920372424,2137,2134
26.54860342470213,2133,2132
26.55250992903184,2153,2139
26.556416433361548,2155,2139
26.560322937691257,2134,2134
26.564229442020967,2112,2109
26.568135946350676,2155,2142
26.572042450680385,2146,2137
26.575948955010094,2143,2141
26.579855459339804,2110,2106
26.583761963669513,2096,2094
26.587668467999222,2087,2093
26.591574972328928,2113,2098
26.595481476658637,2111,2108
26.599387980988347,2125,2116
26.603294485318056,2143,2136
26.607200989647765,2151,2132
26.611107493977475,2147,2146
26.615013998307184,2125,2121
26.618920502636893,2165,2144
26.622827006966602,2152,2133
26.62673351129631,2129,2123
26.63064001562602,2122,2117
26.634546519955727,2140,2139
26.638453024285436,2108,2108
26.642359528615145,2129,2120
26.646266032944855,2102,2094
26.650172537274564,2133,2126
26.654079041604273,2123,2115
26.657985545933983,2128,2115
26.661892050263692,2135,2128
26.6657985545934,2151,2140
26.66970505892311,2111,2112
26.67361156325282,2128,2112
26.677518067582525,2113,2111
26.681424571912235,2121,2108
26.685331076241944,2084,2081
26.689237580571653,2121,2110
26.693144084901363,2140,2134
26.697050589231072,2125,2121
26.70095709356078,2132,2122
26.70486359789049,2140,2139
26.7087701022202,2160,2154
26.71267660654991,2145,2138
26.71658311087962,2120,2116
26.720489615209324,2130,2126
26.724396119539033,2099,2095
26.728302623868743,2090,2097
26.732209128198452,2086,2085
26.73611563252816,2060,2067
26.74002213685787,2050,2054
26.74392864118758,2041,2036
26.74783514551729,2045,2038
26.751741649847,2052,2053
26.755648154176708,2033,2039
26.759554658506417,2055,2052
26.763461162836123,2027,2026
26.767367667165832,2001,2001
26.77127417149554,1993,2005
26.77518067582525,1946,1954
26.77908718015496,1953,1956
26.78299368448467,1952,1968
26.78690018881438,1953,1967
26.790806693144088,1929,1946
26.794713197473797,1955,1963
26.798619701803506,1935,1946
26.802526206133216,1955,1959
26.80643271046292,1977,1985
26.81033921479263,1964,1974
26.81424571912234,1979,1988
26.81815222345205,1993,2003
26.82205872778176,1971,1976
26.825965232111468,1963,1971
26.829871736441177,1975,1980
26.833778240770886,1960,1959
26.837684745100596,1963,1966
26.841591249430305,1978,1982
26.84549775376001,1967,1977
26.84940425808972,1970,1978
26.85331076241943,1968,1970
26.85721726674914,1986,1990
26.861123771078848,1974,1980
26.865030275408557,1983,1983
26.868936779738267,1966,1963
26.872843284067976,1963,1977
26.876749788397685,1962,1962
26.880656292727394,1951,1946
26.884562797057104,1951,1962
26.88846930138681,1957,1980
26.89237580571652,1949,1960
26.896282310046228,1960,1972
26.900188814375937,1946,1957
26.904095318705647,1995,1989
26.908001823035356,1971,1978
26.911908327365065,1985,1991
26.915814831694775,1998,2004
26.919721336024484,1970,1990
26.923627840354193,1960,1964
26.927534344683902,1953,1967
26.931440849013608,1946,1956
26.935347353343317,1954,1951
26.939253857673027,1950,1955
26.943160362002736,1937,1954
26.947066866332445,1963,1969
26.950973370662155,1959,1978
26.954879874991864,1977,1981
26.958786379321573,1986,1992
26.962692883651282,1976,1982
26.96659938798099,1981,2002
26.9705058923107,1995,1998
26.974412396640407,1977,1987
26.978318900970116,1986,1994
26.982225405299825,1981,1978
26.986131909629535,1985,1989
26.990038413959244,1985,1986
26.993944918288953,2020,2007
26.997851422618663,2059,2048
27.001757926948372,2058,2048
27.00566443127808,2072,2060
27.00957093560779,2107,2113
27.0134774399375,2115,2112
27.017383944267205,2108,2096
27.021290448596915,2102,2106
27.025196952926624,2115,2105
27.029103457256333,2098,2093
27.033009961586043,2103,2096
27.036916465915752,2120,2118
27.04082297024546,2107,2100
27.04472947457517,2118,2104
27.04863597890488,2126,2120
27.05254248323459,2132,2126
27.0564489875643,2112,2120
27.060355491894004,2133,2124
27.064261996223713,2128,2119
27.068168500553423,2139,2118
27.072075004883132,2140,2135
27.07598150921284,2118,2124
27.07988801354255,2124,2121
27.08379451787226,2090,2081
27.08770102220197,2095,2099
27.09160752653168,2105,2103
27.095514030861388,2099,2099
27.099420535191097,2111,2096
27.103327039520803,2149,2134
27.107233543850512,2141,2129
27.11114004818022,2119,2113
27.11504655250993,2152,2150
27.11895305683964,2123,2112
27.12285956116935,2140,2125
27.12676606549906,2134,2122
27.130672569828768,2122,2110
27.134579074158477,2101,2090
27.138485578488186,2113,2111
27.142392082817892,2103,2096
27.1462985871476,2125,2115
27.15020509147731,2127,2128
27.15411159580702,2129,2120
27.15801810013673,2148,2141
27.16192460446644,2149,2148
27.165831108796148,2137,2121
27.169737613125857,2124,2114
27.173644117455567,2114,2110
27.177550621785276,2121,2111
27.181457126114985,2096,2093
27.18536363044469,2125,2118
27.1892701347744,2123,2119
27.19317663910411,2104,2095
27.19708314343382,2125,2124
27.200989647763528,2134,2121
27.204896152093237,2163,2141
27.208802656422947,2136,2132
27.212709160752656,2134,2129
27.216615665082365,2145,2123
27.220522169412074,2125,2105
27.224428673741784,2102,2104
27.22833517807149,2104,2095
27.2322416824012,2096,2074
27.236148186730908,2071,2064
27.240054691060617,2066,2075
27.243961195390327,2065,2066
27.247867699720036,2042,2045
27.251774204049745,2039,2042
27.255680708379455,2044,2048
27.259587212709164,2050,2054
27.263493717038873,2038,2047
27.267400221368582,2002,2003
27.271306725698288,1996,2004
27.275213230027997,1994,1992
27.279119734357707,1970,1992
27.283026238687416,1973,1978
27.286932743017125,1952,1970
27.290839247346835,1937,1942
27.294745751676544,1941,1944
27.298652256006253,1950,1963
27.302558760335963,1978,1989
27.306465264665672,1972,1981
27.31037176899538,1980,1990
27.314278273325087,1989,1996
27.318184777654796,1978,1984
27.322091281984505,1989,1993
27.325997786314215,1975,1984
27.329904290643924,1968,1973
27.333810794973633,1958,1969
27.337717299303343,1957,1968
27.341623803633052,1970,1977
27.34553030796276,1984,1984
27.34943681229247,1964,1985
27.35334331662218,1973,1982
27.357249820951886,1997,2010
27.361156325281595,1972,1969
27.365062829611304,1994,1999
27.368969333941013,1958,1960
27.372875838270723,1956,1954
27.376782342600432,1974,1966
27.38068884693014,1957,1964
27.38459535125985,1934,1945
27.38850185558956,1939,1953
27.39240835991927,1952,1961
27.39631486424898,1959,1969
27.400221368578684,1993,1994
27.404127872908393,1978,1985
27.408034377238103,1987,2001
27.411940881567812,1994,1989
27.41584738589752,1988,1977
27.41975389022723,1968,1968
27.42366039455694,1965,1971
27.42756689888665,1993,1992
27.43147340321636,1970,1968
27.435379907546068,1958,1971
27.439286411875777,1968,1972
27.443192916205483,1952,1954
27.447099420535192,1959,1977
27.4510059248649,1966,1977
27.45491242919461,1979,1983
27.45881893352432,1987,1995
27.46272543785403,2019,2031
27.46663194218374,1992,1993
27.470538446513448,2013,2010
27.474444950843157,1978,1996
27.478351455172866,1972,1988
27.482257959502572,1996,2005
27.48616446383228,1988,1993
27.49007096816199,2000,2008
27.4939774724917,2037,2048
27.49788397682141,2044,2036
27.50179048115112,2083,2073
27.505696985480828,2079,2057
27.509603489810537,2087,2089
27.513509994140247,2124,2119
27.517416498469956,2107,2096
27.521323002799665,2116,2107
27.52522950712937,2126,2118
27.52913601145908,2107,2103
27.53304251578879,2099,2092
27.5369490201185,2115,2108
27.540855524448208,2112,2103
27.544762028777917,2112,2105
27.548668533107627,2112,2100
27.552575037437336,2135,2124
27.556481541767045,2161,2152
27.560388046096755,2149,2144
27.564294550426464,2170,2144
27.56820105475617,2147,2138
27.57210755908588,2122,2117
27.576014063415588,2128,2127
27.579920567745297,2120,2113
27.583827072075007,2109,2101
27.587733576404716,2108,2098
27.591640080734425,2103,2103
27.595546585064135,2111,2112
27.599453089393844,2105,2096
27.603359593723553,2118,2126
27.607266098053262,2158,2157
27.611172602382968,2168,2161
27.615079106712678,2122,2117
27.618985611042387,2136,2131
27.622892115372096,2168,2153
27.626798619701805,2129,2118
27.630705124031515,2112,2104
27.634611628361224,2108,2101
27.638518132690933,2112,2109
27.642424637020643,2130,2115
27.646331141350352,2110,2097
27.65023764568006,2125,2108
27.654144150009767,2186,2168
27.658050654339476,2149,2128
27.661957158669185,2131,2134
27.665863662998895,2129,2129
27.669770167328604,2138,2140
27.673676671658313,2134,2131
27.677583175988023,2103,2108
27.681489680317732,2117,2117
27.68539618464744,2112,2104
27.68930268897715,2114,2112
27.69320919330686,2086,2080
27.697115697636566,2120,2112
27.701022201966275,2141,2130
27.704928706295984,2141,2132
27.708835210625693,2126,2119
27.712741714955403,2145,2143
27.716648219285112,2127,2127
27.72055472361482,2108,2096
27.72446122794453,2122,2122
27.72836773227424,2089,2091
27.73227423660395,2071,2062
27.73618074093366,2072,2070
27.740087245263364,2050,2051
27.743993749593074,2062,2063
27.747900253922783,2056,2057
27.751806758252492,2060,2058
27.7557132625822,2029,2026
27.75961976691191,2038,2047
27.76352627124162,2034,2031
27.76743277557133,1998,1990
27.77133927990104,1994,2000
27.775245784230748,1996,2009
27.779152288560454,1971,1981
27.783058792890163,1974,1977
27.786965297219872,1951,1964
27.79087180154958,1961,1975
27.79477830587929,1935,1942
27.798684810209,1950,1961
27.80259131453871,1959,1960
27.80649781886842,1986,1990
27.810404323198128,1991,1997
27.814310827527837,1998,2010
27.818217331857547,1970,1980
27.822123836187252,1973,1980
27.82603034051696,1958,1971
27.82993684484667,1978,1989
27.83384334917638,1971,1989
27.83774985350609,1961,1969
27.8416563578358,1967,1973
27.845562862165508,1961,1974
27.849469366495217,1979,1986
27.853375870824927,1980,1984
27.857282375154636,1998,2003
27.861188879484345,1979,1998
27.86509538381405,1966,1969
27.86900188814376,1949,1967
27.87290839247347,1967,1976
27.87681489680318,1951,1959
27.880721401132888,1942,1949
27.884627905462597,1936,1947
27.888534409792307,1943,1949
27.892440914122016,1947,1960
27.896347418451725,1962,1969
27.900253922781435,1956,1963
27.904160427111144,1972,1974
27.90806693144085,1996,1992
27.91197343577056,1997,2009
27.915879940100268,1985,2006
27.919786444429977,1967,1974
27.923692948759687,1993,1995
27.927599453089396,1954,1959
27.931505957419105,1959,1969
27.935412461748815,1943,1943
27.939318966078524,1941,1950
27.943225470408233,1943,1947
27.947131974737943,1932,1940
27.95103847906765,1961,1960
27.954944983397358,1991,1990
27.958851487727067,1984,1993
27.962757992056776,1997,1999
27.966664496386485,2007,2002
27.970571000716195,1975,1978
27.974477505045904,1992,1994
27.978384009375613,1975,1984
27.982290513705323,2002,1999
27.986197018035032,2005,2007
27.99010352236474,1972,1991
27.994010026694447,2036,2032
27.997916531024156,2017,2019
28.001823035353866,2056,2055
28.005729539683575,2078,2074
28.009636044013284,2087,2072
28.013542548342993,2106,2097
28.017449052672703,2109,2102
28.021355557002412,2119,2114
28.02526206133212,2110,2112
28.02916856566183,2109,2101
28.03307506999154,2108,2103
28.036981574321246,2116,2114
28.040888078650955,2088,2085
28.044794582980664,2116,2120
28.048701087310373,2128,2127
28.052607591640083,2133,2128
28.056514095969792,2136,2131
28.0604206002995,2127,2114
28.06432710462921,2151,2139
28.06823360895892,2163,2145
28.07214011328863,2124,2123
28.07604661761834,2129,2117
28.079953121948044,2124,2112
28.083859626277754,2103,2103
28.087766130607463,2083,2091
28.091672634937172,2115,2113
28.09557913926688,2115,2111
28.09948564359659,2119,2115
28.1033921479263,2133,2127
28.10729865225601,2153,2146
28.11120515658572,2137,2125
28.115111660915428,2124,2112
28.119018165245134,2154,2131
28.122924669574843,2134,2129
28.126831173904552,2127,2118
28.13073767823426,2117,2105
28.13464418256397,2134,2133
28.13855068689368,2103,2102
28.14245719122339,2103,2096
28.1463636955531,2118,2106
28.150270199882808,2122,2114
28.154176704212517,2117,2106
28.158083208542227,2156,2153
28.161989712871932,2135,2126
28.16589621720164,2138,2139
28.16980272153135,2158,2141
28.17370922586106,2126,2123
28.17761573019077,2090,2085
28.18152223452048,2123,2120
28.185428738850188,2109,2101
28.189335243179897,2120,2109
28.193241747509607,2136,2120
28.197148251839316,2133,2123
28.201054756169025,2155,2138
28.20496126049873,2126,2113
28.20886776482844,2150,2136
28.21277426915815,2124,2122
28.21668077348786,2128,2109
28.220587277817568,2131,2127
28.224493782147277,2099,2075
28.228400286476987,2110,2101
28.232306790806696,2075,2071
28.236213295136405,2077,2074
28.240119799466115,2046,2044
28.244026303795824,2071,2087
28.24793280812553,2059,2057
28.25183931245524,2023,2030
28.25574581678495,2024,2034
28.259652321114658,2040,2032
28.263558825444367,2021,2016
28.267465329774076,2028,2027
28.271371834103785,1995,2007
28.275278338433495,1972,1970
28.279184842763204,1961,1963
28.283091347092913,1954,1967
28.286997851422623,1956,1961
28.29090435575233,1963,1972
28.294810860082038,1958,1963
28.298717364411747,1960,1975
28.302623868741456,1972,1983
28.306530373071165,1982,2002
28.310436877400875,2015,2022
28.314343381730584,1993,1993
28.318249886060293,1994,1989
28.322156390390003,1973,1984
28.326062894719712,1948,1954
28.32996939904942,1949,1953
28.333875903379127,1948,1956
28.337782407708836,1944,1953
28.341688912038546,1948,1955
28.345595416368255,1975,1992
28.349501920697964,1991,1998
28.353408425027673,1968,1981
28.357314929357383,1967,1985
28.361221433687092,1984,1987
28.3651279380168,1976,1984
28.36903444234651,1948,1956
28.37294094667622,1972,1977
28.376847451005926,1946,1951
28.380753955335635,1954,1965
28.384660459665344,1955,1961
28.388566963995054,1969,1979
28.392473468324763,1929,1947
28.396379972654472,1964,1964
28.40028647698418,1976,1973
28.40419298131389,1974,1983
28.4080994856436,1986,1994
28.41200598997331,1979,1984
28.415912494303015,1995,2002
28.419818998632724,1977,1979
28.423725502962434,1968,1978
28.427632007292143,1954,1956
28.431538511621852,1967,1975
28.43544501595156,1958,1975
28.43935152028127,1948,1963
28.44325802461098,1947,1959
28.44716452894069,1965,1968
28.4510710332704,1972,1984
28.454977537600108,1979,1982
28.458884041929814,1972,1982
28.462790546259523,1990,1998
28.466697050589232,1970,1984
28.47060355491894,1972,1987
28.47451005924865,2001,2006
28.47841656357836,1970,1971
28.48232306790807,2007,2012
28.48622957223778,1988,1986
28.490136076567488,1999,2003
28.494042580897197,2001,2012
28.497949085226907,2016,2031
28.501855589556612,2060,2059
28.50576209388632,2076,2067
28.50966859821603,2095,2091
28.51357510254574,2103,2096
28.51748160687545,2106,2093
28.52138811120516,2090,2089
28.525294615534868,2124,2123
28.529201119864577,2102,2097
28.533107624194287,2111,2113
28.537014128523996,2094,2088
28.540920632853705,2098,2098
28.54482713718341,2129,2126
28.54873364151312,2134,2130
28.55264014584283,2127,2130
28.55654665017254,2151,2135
28.560453154502248,2153,2136
28.564359658831957,2162,2146
28.568266163161667,2130,2122
28.572172667491376,2104,2091
28.576079171821085,2120,2119
28.579985676150795,2095,2092
28.583892180480504,2100,2089
28.58779868481021,2103,2103
28.59170518913992,2096,2094
28.59561169346963,2109,2097
28.599518197799338,2121,2113
28.603424702129047,2136,2133
28.607331206458756,2141,2135
28.611237710788465,2146,2129
28.615144215118175,2148,2130
28.619050719447884,2146,2135
28.622957223777593,2118,2106
28.626863728107303,2130,2116
28.63077023243701,2140,2115
28.634676736766718,2111,2108
28.638583241096427,2150,2131
28.642489745426136,2122,2115
28.646396249755846,2106,2100
28.650302754085555,2145,2138
28.654209258415264,2148,2139
28.658115762744973,2160,2146
28.662022267074683,2124,2108
28.665928771404392,2139,2146
28.6698352757341,2144,2129
28.673741780063807,2112,2103
28.677648284393516,2112,2107
28.681554788723226,2139,2135
28.685461293052935,2105,2105
28.689367797382644,2102,2098
28.693274301712353,2110,2106
28.697180806042063,2112,2106
28.701087310371772,2136,2124
28.70499381470148,2142,2135
28.70890031903119,2134,2134
28.712806823360896,2137,2122
28.716713327690606,2118,2101
28.720619832020315,2110,2109
28.724526336350024,2123,2126
28.728432840679734,2101,2102
28.732339345009443,2105,2105
28.736245849339152,2074,2077
28.74015235366886,2069,2072
28.74405885799857,2036,2027
28.74796536232828,2048,2045
28.75187186665799,2042,2046
28.755778370987695,2036,2041
28.759684875317404,2032,2038
28.763591379647114,2004,2010
28.767497883976823,2020,2021
28.771404388306532,1997,1995
28.77531089263624,2003,2009
28.77921739696595,1983,1992
28.78312390129566,1972,1974
28.78703040562537,1952,1966
28.79093690995508,1955,1968
28.794843414284788,1953,1963
28.798749918614494,1965,1969
28.802656422944203,1988,2003
28.806562927273912,1977,1982
28.81046943160362,1994,2002
28.81437593593333,1996,1995
28.81828244026304,1986,1987
28.82218894459275,1989,1983
28.82609544892246,1952,1962
28.830001953252168,1961,1971
28.833908457581877,1950,1952
28.837814961911587,1957,1966
28.841721466241292,1948,1963
28.845627970571,1958,1967
28.84953447490071,1954,1962
28.85344097923042,1967,1980
28.85734748356013,1989,1984
28.86125398788984,1993,2000
28.865160492219548,1971,1991
28.869066996549257,1970,1980
28.872973500878967,1970,1973
28.876880005208676,1975,1979
28.880786509538385,1972,1983
28.88469301386809,1970,1980
28.8885995181978,1952,1956
28.89250602252751,1946,1951
28.89641252685722,1952,1963
28.90031903118693,1956,1977
28.904225535516638,1984,1990
28.908132039846347,1980,1985
28.912038544176056,1991,2002
28.915945048505765,2008,2017
28.919851552835475,1969,1975
28.923758057165184,1974,1984
28.92766456149489,1972,1987
28.9315710658246,1951,1967
28.93547757015431,1956,1972
28.939384074484018,1944,1957
28.943290578813727,1963,1971
28.947197083143436,1950,1968
28.951103587473145,1952,1963
28.955010091802855,1971,1977
28.958916596132564,2005,2010
28.962823100462273,1983,1984
28.966729604791983,1983,1990
28.97063610912169,1987,1985
28.974542613451398,1995,2003
28.978449117781107,1978,1982
28.982355622110816,1990,1992
28.986262126440526,1976,1972
28.990168630770235,1993,1986
28.994075135099944,2011,2022
28.997981639429653,2055,2054
29.001888143759363,2071,2080
29.005794648089072,2080,2071
29.00970115241878,2091,2089
29.013607656748487,2122,2107
29.017514161078196,2087,2075
29.021420665407906,2118,2103
29.025327169737615,2102,2096
29.029233674067324,2104,2105
29.033140178397034,2114,2109
29.037046682726743,2091,2076
29.040953187056452,2122,2109
29.04485969138616,2138,2131
29.04876619571587,2121,2129
29.052672700045576,2125,2118
29.056579204375286,2139,2124
29.060485708704995,2144,2141
29.064392213034704,2126,2120
29.068298717364414,2141,2118
29.072205221694123,2125,2116
29.076111726023832,2121,2115
29.08001823035354,2132,2116
29.08392473468325,2107,2097
29.08783123901296,2107,2100
29.09173774334267,2078,2082
29.095644247672375,2101,2104
29.099550752002084,2110,2097
29.103457256331794,2118,2113
29.107363760661503,2143,2135
29.111270264991212,2153,2151
29.11517676932092,2127,2119
29.11908327365063,2160,2154
29.12298977798034,2126,2126
29.12689628231005,2141,2131
29.13080278663976,2135,2127
29.134709290969468,2119,2103
29.138615795299174,2112,2106
29.142522299628883,2095,2098
29.146428803958592,2129,2119
29.1503353082883,2150,2153
29.15424181261801,2143,2121
29.15814831694772,2141,2134
29.16205482127743,2148,2138
29.16596132560714,2118,2111
29.169867829936848,2135,2120
29.173774334266557,2103,2090
29.177680838596267,2109,2115
29.181587342925972,2132,2130
29.18549384725568,2101,2087
29.18940035158539,2102,2101
29.1933068559151,2123,2121
29.19721336024481,2119,2110
29.20111986457452,2130,2116
29.205026368904228,2128,2113
29.208932873233937,2155,2132
29.212839377563647,2142,2133
29.216745881893356,2136,2119
29.220652386223065,2149,2133
29.22455889055277,2122,2121
29.22846539488248,2108,2106
29.23237189921219,2084,2082
29.2362784035419,2061,2056
29.24018490787161,2041,2048
29.244091412201318,2061,2054
29.247997916531027,2038,2045
29.251904420860736,2054,2048
29.255810925190445,2044,2041
29.259717429520155,2019,2029
29.263623933849864,2008,2012
29.26753043817957,2006,2017
29.27143694250928,1988,2000
29.27534344683899,1959,1965
29.279249951168698,1991,2007
29.283156455498407,1958,1960
29.287062959828116,1954,1974
29.290969464157826,1938,1951
29.294875968487535,1950,1957
29.298782472817244,1969,1979
29.302688977146953,1954,1975
29.306595481476663,1988,1988
29.31050198580637,2008,2018
29.314408490136078,1993,1997
29.318314994465787,1977,1980
29.322221498795496,1989,1998
29.326128003125206,1980,1997
29.330034507454915,1963,1960
29.333941011784624,1959,1973
29.337847516114334,1945,1945
29.341754020444043,1955,1964
29.345660524773752,1952,1959
29.349567029103458,1984,1996
29.353473533433167,1979,1993
29.357380037762876,1988,1990
29.361286542092586,1991,1983
29.365193046422295,1975,1985
29.369099550752004,1974,1987
29.373006055081714,1958,1965
29.376912559411423,1955,1966
29.380819063741132,1929,1934
29.38472556807084,1936,1953
29.38863207240055,1938,1940
29.392538576730256,1953,1948
29.396445081059966,1957,1960
29.400351585389675,1975,1979
29.404258089719384,1970,1991
29.408164594049094,1988,1991
29.412071098378803,1979,1983
29.415977602708512,1968,1982
29.41988410703822,1958,1967
29.42379061136793,2002,2005
29.42769711569764,1982,1983
29.43160362002735,1981,1995
29.435510124357055,1958,1965
29.439416628686764,1937,1945
29.443323133016474,1942,1947
29.447229637346183,1977,1984
29.451136141675892,1977,1983
29.4550426460056,1972,1975
29.45894915033531,1987,1991
29.46285565466502,2006,2014
29.46676215899473,1994,1991
29.47066866332444,1965,1977
29.474575167654148,1977,1982
29.478481671983854,1982,1997
29.482388176313563,1969,1984
29.486294680643272,1987,1994
29.49020118497298,2008,2012
29.49410768930269,2021,2016
29.4980141936324,2048,2041
29.50192069796211,2052,2055
29.50582720229182,2061,2065
29.509733706621528,2086,2078
29.513640210951237,2116,2100
29.517546715280947,2090,2080
29.521453219610652,2101,2102
29.525359723940362,2118,2111
29.52926622827007,2093,2090
29.53317273259978,2129,2121
29.53707923692949,2119,2115
29.5409857412592,2107,2098
29.54489224558891,2100,2088
29.548798749918618,2127,2117
29.552705254248327,2127,2113
29.556611758578036,2146,2124
29.560518262907745,2125,2120
29.56442476723745,2152,2136
29.56833127156716,2132,2134
29.57223777589687,2122,2116
29.57614428022658,2130,2121
29.58005078455629,2089,2105
29.583957288885998,2096,2088
29.587863793215707,2107,2104
29.591770297545416,2125,2108
29.595676801875126,2125,2116
29.599583306204835,2125,2120
29.603489810534544,2163,2144
29.60739631486425,2141,2134
29.61130281919396,2155,2147
29.61520932352367,2164,2143
29.619115827853378,2132,2127
29.623022332183087,2121,2115
29.626928836512796,2137,2125
29.630835340842506,2118,2107
29.634741845172215,2110,2097
29.638648349501924,2099,2095
29.642554853831633,2109,2098
29.646461358161343,2125,2109
29.65036786249105,2099,2091
29.654274366820758,2127,2129
29.658180871150467,2133,2128
29.662087375480176,2142,2113
29.665993879809886,2146,2139
29.669900384139595,2109,2115
29.673806888469304,2123,2116
29.677713392799014,2136,2123
29.681619897128723,2112,2102
29.685526401458432,2104,2097
29.689432905788138,2123,2121
29.693339410117847,2110,2106
29.697245914447556,2089,2074
29.701152418777266,2142,2131
29.705058923106975,2133,2130
29.708965427436684,2131,2129
29.712871931766394,2168,2161
29.716778436096103,2158,2154
29.720684940425812,2140,2124
29.72459144475552,2116,2107
29.72849794908523,2093,2081
29.732404453414937,2090,2080
29.736310957744646,2047,2047
29.740217462074355,2082,2087
29.744123966404064,2063,2064
29.748030470733774,2044,2039
29.751936975063483,2038,2048
29.755843479393192,2038,2038
29.7597499837229,2018,2019
29.76365648805261,2010,2013
29.76756299238232,2021,2012
29.77146949671203,2012,2020
29.775376001041735,1976,1996
29.779282505371445,1974,1983
29.783189009701154,1958,1968
29.787095514030863,1954,1955
29.791002018360572,1914,1935
29.79490852269028,1938,1942
29.79881502701999,1944,1941
29.8027215313497,1989,1989
29.80662803567941,2004,2003
29.81053454000912,1983,1993
29.814441044338828,1995,2011
29.818347548668534,1974,1971
29.822254052998243,2001,1998
29.826160557327952,1968,1979
29.83006706165766,1971,1976
29.83397356598737,1970,1960
29.83788007031708,1946,1960
29.84178657464679,1960,1964
29.8456930789765,1979,2000
29.849599583306208,1940,1962
29.853506087635918,1971,1975
29.857412591965627,1955,1959
29.861319096295333,1973,1987
29.865225600625042,1968,1981
29.86913210495475,1978,1983
29.87303860928446,1985,1982
29.87694511361417,1970,1983
29.88085161794388,1971,1975
29.88475812227359,1957,1960
29.888664626603298,1940,1953
29.892571130933007,1938,1946
29.896477635262716,1960,1959
29.900384139592425,1973,1983
29.90429064392213,1975,1975
29.90819714825184,1984,1985
29.91210365258155,1981,1982
29.91601015691126,1961,1960
29.91991666124097,1992,1999
29.923823165570678,1975,1979
29.927729669900387,1973,1986
29.931636174230096,1945,1961
29.935542678559806,1957,1973
29.939449182889515,1922,1928
29.943355687219224,1921,1932
29.94726219154893,1956,1957
29.95116869587864,1976,1984
29.95507520020835,1967,1975
29.958981704538058,1973,1975
29.962888208867767,2007,2016
29.966794713197476,1979,1971
29.970701217527186,1993,1994
29.974607721856895,1970,1972
29.978514226186604,1977,1991
29.982420730516314,1988,1984
29.98632723484602,1992,2008
29.99023373917573,2007,2003
29.994140243505438,2026,2024
29.998046747835147,2050,2058
30.001953252164856,2064,2065
30.005859756494566,2049,2039
30.009766260824275,2117,2100
30.013672765153984,2109,2112
30.017579269483694,2116,2100
30.021485773813403,2099,2087
30.025392278143112,2104,2101
30.029298782472818,2124,2119
30.033205286802527,2139,2132
30.037111791132237,2098,2093
30.041018295461946,2108,2098
30.044924799791655,2115,2100
30.048831304121364,2131,2129
30.052737808451074,2119,2107
30.056644312780783,2148,2130
30.060550817110492,2148,2143
30.0644573214402,2137,2118
30.06836382576991,2118,2108
30.072270330099617,2120,2120
30.076176834429326,2126,2109
30.080083338759035,2101,2096
30.083989843088744,2095,2092
30.087896347418454,2107,2097
30.091802851748163,2110,2100
30.095709356077872,2105,2107
30.09961586040758,2126,2127
30.10352236473729,2139,2128
30.107428869067,2158,2158
30.11133537339671,2158,2130
30.115241877726415,2168,2161
30.119148382056125,2138,2130
30.123054886385834,2135,2124
30.126961390715543,2119,2115
30.130867895045252,2117,2107
30.13477439937496,2111,2111
30.13868090370467,2130,2121
30.14258740803438,2101,2097
30.14649391236409,2139,2123
30.1504004166938,2145,2138
30.154306921023508,2132,2126
30.158213425353214,2150,2144
30.162119929682923,2146,2140
30.166026434012633,2141,2129
30.169932938342342,2138,2134
30.17383944267205,2125,2110
30.17774594700176,2130,2119
30.18165245133147,2115,2105
30.18555895566118,2126,2108
30.18946545999089,2117,2112
30.193371964320598,2096,2084
30.197278468650307,2142,2131
30.201184972980013,2162,2144
30.205091477309722,2156,2143
30.20899798163943,2128,2112
30.21290448596914,2148,2145
30.21681099029885,2159,2142
30.22071749462856,2105,2104
30.22462399895827,2104,2102
30.228530503287978,2098,2090
30.232437007617687,2069,2067
30.236343511947396,2078,2071
30.240250016277106,2056,2053
30.24415652060681,2042,2037
30.24806302493652,2042,2041
30.25196952926623,2031,2029
30.25587603359594,2033,2028
30.25978253792565,2036,2024
30.263689042255358,2024,2027
30.267595546585067,2009,2009
30.271502050914776,2008,2014
30.275408555244486,1971,1979
30.279315059574195,1943,1962
30.2832215639039,1953,1964
30.28712806823361,1957,1959
30.29103457256332,1957,1968
30.29494107689303,1939,1943
30.298847581222738,1967,1967
30.302754085552447,1957,1967
30.306660589882156,1984,1977
30.310567094211866,1977,1980
30.314473598541575,1969,1973
30.318380102871284,1982,1986
30.322286607200994,1975,1975
30.3261931115307,1969,1973
30.33009961586041,1967,1978
30.334006120190118,1952,1966
30.337912624519827,1981,1985
30.341819128849536,1944,1953
30.345725633179246,1950,1954
30.349632137508955,1964,1979
30.353538641838664,1974,1998
30.357445146168374,1959,1961
30.361351650498083,1978,1982
30.365258154827792,1966,1983
30.369164659157498,1954,1971
30.373071163487207,1958,1963
30.376977667816917,1958,1990
30.380884172146626,1955,1963
30.384790676476335,1961,1965
30.388697180806044,1953,1957
30.392603685135754,1955,1963
30.396510189465463,1957,1956
30.400416693795172,1974,1993
30.40432319812488,1988,1992
30.40822970245459,2006,2008
30.412136206784297,1980,1989
30.416042711114006,1983,1993
30.419949215443715,1987,1983
30.423855719773425,1969,1983
30.427762224103134,1956,1965
30.431668728432843,1961,1969
30.435575232762552,1955,1960
30.43948173709226,1952,1966
30.44338824142197,1934,1949
30.44729474575168,1943,1949
30.45120125008139,1988,1987
30.455107754411095,1975,1988
30.459014258740805,1985,1993
30.462920763070514,1984,1999
30.466827267400223,1973,1978
30.470733771729932,1990,1998
30.47464027605964,1985,1988
30.47854678038935,1984,1996
30.48245328471906,2003,2005
30.48635978904877,1980,1988
30.49026629337848,1988,2001
30.49417279770819,2016,2019
30.498079302037894,2034,2026
30.501985806367603,2064,2067
30.505892310697313,2082,2082
30.509798815027022,2086,2073
30.51370531935673,2097,2095
30.51761182368644,2104,2093
30.52151832801615,2086,2085
30.52542483234586,2115,2116
30.52933133667557,2105,2101
30.533237841005278,2084,2079
30.537144345334987,2098,2081
30.541050849664693,2122,2115
30.544957353994402,2138,2135
30.54886385832411,2141,2128
30.55277036265382,2128,2115
30.55667686698353,2158,2144
30.56058337131324,2150,2131
30.56448987564295,2134,2131
30.568396379972658,2132,2130
30.572302884302367,2137,2120
30.576209388632076,2113,2105
30.580115892961786,2104,2103
30.58402239729149,2095,2095
30.5879289016212,2105,2102
30.59183540595091,2109,2111
30.59574191028062,2120,2111
30.59964841461033,2131,2124
30.603554918940038,2151,2139
30.607461423269747,2165,2147
30.611367927599456,2171,2169
30.615274431929166,2141,2132
30.619180936258875,2138,2128
30.62308744058858,2138,2120
30.62699394491829,2118,2110
30.630900449248,2101,2098
30.63480695357771,2116,2110
30.638713457907418,2114,2103
30.642619962237127,2102,2093
30.646526466566836,2129,2118
30.650432970896546,2123,2116
30.654339475226255,2140,2130
30.658245979555964,2137,2145
30.662152483885674,2143,2117
30.66605898821538,2117,2117
30.66996549254509,2140,2136
30.673871996874798,2127,2130
30.677778501204507,2110,2113
30.681685005534217,2119,2108
30.685591509863926,2123,2104
30.689498014193635,2123,2109
30.693404518523344,2125,2115
30.697311022853054,2128,2118
30.701217527182763,2131,2119
30.705124031512472,2144,2131
30.709030535842178,2136,2126
30.712937040171887,2153,2148
30.716843544501597,2137,2135
30.720750048831306,2143,2133
30.724656553161015,2106,2100
30.728563057490724,2082,2084
30.732469561820434,2071,2069
30.736376066150143,2079,2071
30.740282570479852,2054,2058
30.74418907480956,2034,2039
30.74809557913927,2055,2049
30.752002083468977,2038,2039
30.755908587798686,2029,2033
30.759815092128395,2042,2041
30.763721596458105,2056,2063
30.767628100787814,1999,2007
30.771534605117523,2028,2039
30.775441109447232,1984,1987
30.77934761377694,1959,1976
30.78325411810665,1941,1953
30.78716062243636,1951,1956
30.79106712676607,1933,1952
30.794973631095775,1943,1951
30.798880135425485,1967,1968
30.802786639755194,1980,1991
30.806693144084903,1977,1981
30.810599648414613,1994,1995
30.814506152744322,1979,1984
30.81841265707403,2000,1988
30.82231916140374,1990,1989
30.82622566573345,1958,1959
30.83013217006316,1963,1974
30.83403867439287,1961,1959
30.837945178722574,1932,1950
30.841851683052283,1935,1953
30.845758187381993,1948,1955
30.849664691711702,1962,1960
30.85357119604141,1991,1998
30.85747770037112,2001,2003
30.86138420470083,1981,1986
30.86529070903054,1991,1997
30.86919721336025,1974,1986
30.873103717689958,1947,1949
30.877010222019667,1954,1956
30.880916726349373,1948,1960
30.884823230679082,1945,1952
30.88872973500879,1950,1959
30.8926362393385,1936,1949
30.89654274366821,1949,1961
30.90044924799792,1990,1993
30.90435575232763,1972,1973
30.908262256657338,1990,1991
30.912168760987047,2016,2018
30.916075265316756,1991,1995
30.919981769646462,1979,1988
30.92388827397617,1982,1991
30.92779477830588,1945,1959
30.93170128263559,1954,1964
30.9356077869653,1955,1963
30.93951429129501,1940,1947
30.943420795624718,1954,1968
30.947327299954427,1963,1974
30.951233804284136,1981,1985
30.955140308613846,1973,1980
30.959046812943555,1967,1967
30.96295331727326,1994,1990
30.96685982160297,1981,1985
30.97076632593268,1989,1996
30.97467283026239,1992,2009
30.978579334592098,1985,2004
30.982485838921807,1998,2011
30.986392343251516,1988,1996
30.990298847581226,1997,1996
30.994205351910935,2022,2021
30.998111856240644,2056,2045
31.002018360570354,2049,2049
31.00592486490006,2056,2062
31.00983136922977,2100,2095
31.013737873559478,2110,2107
31.017644377889187,2120,2115
31.021550882218897,2124,2111
31.025457386548606,2098,2093
31.029363890878315,2108,2100
31.033270395208024,2126,2118
31.037176899537734,2096,2104
31.041083403867443,2118,2123
31.044989908197152,2105,2098
31.048896412526858,2123,2112
31.052802916856567,2138,2126
31.056709421186277,2152,2141
31.060615925515986,2152,2149
31.064522429845695,2124,2129
31.068428934175405,2127,2115
31.072335438505114,2132,2125
31.076241942834823,2106,2101
31.080148447164532,2117,2108
31.08405495149424,2104,2100
31.08796145582395,2117,2109
31.091867960153657,2094,2082
31.095774464483366,2083,2082
31.099680968813075,2108,2100
31.103587473142785,2161,2157
31.107493977472494,2163,2140
31.111400481802203,2133,2113
31.115306986131912,2141,2128
31.11921349046162,2157,2139
31.12311999479133,2152,2147
31.12702649912104,2126,2121
31.13093300345075,2137,2127
31.134839507780455,2111,2111
31.138746012110165,2099,2098
31.142652516439874,2117,2105
31.146559020769583,2130,2126
31.150465525099293,2129,2129
31.154372029429002,2143,2143
31.15827853375871,2142,2123
31.16218503808842,2117,2109
31.16609154241813,2148,2120
31.16999804674784,2125,2108
31.17390455107755,2121,2114
31.177811055407254,2132,2123
31.181717559736963,2077,2063
31.185624064066673,2116,2115
31.189530568396382,2105,2089
31.19343707272609,2127,2118
31.1973435770558,2136,2123
31.20125008138551,2138,2123
31.20515658571522,2131,2117
31.20906309004493,2138,2123
31.212969594374638,2144,2143
31.216876098704347,2137,2127
31.220782603034053,2102,2107
31.224689107363762,2112,2105
31.22859561169347,2090,2081
31.23250211602318,2075,2074
31.23640862035289,2083,2079
31.2403151246826,2044,2046
31.24422162901231,2038,2053
31.248128133342018,2044,2049
31.252034637671727,2050,2050
31.255941142001436,2048,2043
31.259847646331142,2024,2026
31.26375415066085,2031,2026
31.26766065499056,2040,2039
31.27156715932027,1987,1997
31.27547366364998,1982,1983
31.27938016797969,1976,1987
31.283286672309398,1969,1979
31.287193176639107,1951,1956
31.291099680968816,1964,1974
31.295006185298526,1953,1963
31.298912689628235,1973,1997
31.30281919395794,1959,1972
31.30672569828765,1958,1972
31.31063220261736,1992,2011
31.31453870694707,1982,1987
31.318445211276778,1975,1977
31.322351715606487,1987,1986
31.326258219936197,1975,1992
31.330164724265906,1973,1983
31.334071228595615,1951,1967
31.337977732925324,1942,1944
31.341884237255034,1964,1971
31.34579074158474,1978,1977
31.34969724591445,1963,1973
31.353603750244158,1942,1941
31.357510254573867,1977,1983
31.361416758903577,1988,1996
31.365323263233286,1974,1978
31.369229767562995,1973,1981
31.373136271892704,1961,1975
31.377042776222414,1968,1977
31.380949280552123,1932,1939
31.384855784881832,1941,1950
31.388762289211538,1938,1947
31.392668793541247,1950,1953
31.396575297870957,1959,1970
31.400481802200666,1980,1986
31.404388306530375,1975,1986
31.408294810860085,1989,1987
31.412201315189794,1998,2013
31.416107819519503,1999,2003
31.420014323849212,1984,1991
31.42392082817892,1980,1980
31.42782733250863,1958,1964
31.431733836838337,1942,1957
31.435640341168046,1941,1952
31.439546845497755,1951,1956
31.443453349827465,1948,1951
31.447359854157174,1957,1974
31.451266358486883,1974,1980
31.455172862816593,1979,1978
31.459079367146302,1985,1995
31.46298587147601,1981,1984
31.46689237580572,1984,1998
31.47079888013543,1989,1995
31.474705384465135,1992,1997
31.478611888794845,1983,1991
31.482518393124554,1992,2001
31.486424897454263,1991,1995
31.490331401783973,2012,2004
31.494237906113682,2011,2016
31.49814441044339,2024,2019
31.5020509147731,2071,2068
31.50595741910281,2086,2081
31.50986392343252,2087,2086
31.51377042776223,2106,2101
31.517676932091934,2085,2096
31.521583436421643,2123,2110
31.525489940751353,2129,2113
31.529396445081062,2133,2118
31.53330294941077,2114,2108
31.53720945374048,2087,2081
31.54111595807019,2119,2109
31.5450224623999,2110,2108
31.54892896672961,2126,2124
31.552835471059318,2159,2140
31.556741975389023,2126,2113
31.560648479718733,2132,2118
31.564554984048442,2154,2138
31.56846148837815,2142,2137
31.57236799270786,2112,2109
31.57627449703757,2142,2121
31.58018100136728,2108,2108
31.58408750569699,2125,2127
31.587994010026698,2111,2106
31.591900514356407,2085,2079
31.595807018686116,2112,2100
31.599713523015822,2118,2117
31.60362002734553,2142,2127
31.60752653167524,2169,2160
31.61143303600495,2144,2129
31.61533954033466,2161,2152
31.61924604466437,2137,2137
31.623152548994078,2150,2139
31.627059053323787,2120,2110
31.630965557653496,2099,2100
31.634872061983206,2105,2102
31.638778566312915,2125,2113
31.64268507064262,2101,2099
31.64659157497233,2107,2102
31.65049807930204,2132,2132
31.65440458363175,2133,2135
31.658311087961458,2126,2124
31.662217592291167,2145,2142
31.666124096620877,2141,2135
31.670030600950586,2122,2113
31.673937105280295,2120,2104
31.677843609610004,2112,2108
31.681750113939714,2105,2104
31.68565661826942,2117,2107
31.68956312259913,2106,2101
31.693469626928838,2118,2119
31.697376131258547,2127,2118
31.701282635588257,2121,2124
31.705189139917966,2158,2149
31.709095644247675,2138,2130
31.713002148577385,2144,2131
31.716908652907094,2145,2135
31.720815157236803,2134,2127
31.724721661566512,2127,2122
31.728628165896218,2113,2106
31.732534670225927,2090,2088
31.736441174555637,2094,2098
31.740347678885346,2054,2056
31.744254183215055,2054,2055
31.748160687544765,2057,2059
31.752067191874474,2056,2049
31.755973696204183,2042,2036
31.759880200533892,2037,2038
31.763786704863602,2040,2035
31.76769320919331,2010,2024
31.771599713523017,1997,2006
31.775506217852726,1991,2001
31.779412722182435,1976,1986
31.783319226512145,1960,1962
31.787225730841854,1942,1952
31.791132235171563,1957,1984
31.795038739501273,1960,1968
31.798945243830982,1974,1983
31.80285174816069,1982,1988
31.8067582524904,1986,1996
31.81066475682011,2008,2012
31.814571261149815,2009,2009
31.818477765479525,1988,1991
31.822384269809234,1951,1961
31.826290774138943,1980,1999
31.830197278468653,1950,1953
31.834103782798362,1975,1985
31.83801028712807,1947,1948
31.84191679145778,1944,1942
31.84582329578749,1955,1967
31.8497298001172,1981,1985
31.853636304446905,1983,2005
31.857542808776614,1990,1985
31.861449313106323,2000,2002
31.865355817436033,1979,1996
31.869262321765742,1953,1962
31.87316882609545,1968,1971
31.87707533042516,1959,1967
31.88098183475487,1950,1958
31.88488833908458,1930,1944
31.88879484341429,1947,1954
31.892701347743998,1942,1949
31.896607852073704,1961,1965
31.900514356403413,1961,1967
31.904420860733122,2005,2010
31.90832736506283,1971,1975
31.91223386939254,1967,1974
31.91614037372225,1988,1995
31.92004687805196,1962,1969
31.92395338238167,1977,1978
31.927859886711378,1976,1979
31.931766391041087,1964,1965
31.935672895370796,1961,1973
31.939579399700502,1962,1969
31.94348590403021,1966,1972
31.94739240835992,1977,1982
31.95129891268963,1959,1960
31.95520541701934,1966,1974
31.95911192134905,1996,1998
31.963018425678758,1993,2002
31.966924930008467,1972,1980
31.970831434338177,1980,1985
31.974737938667886,1984,1997
31.978644442997595,1988,2001
31.9825509473273,1965,1970
31.98645745165701,1983,1987
31.99036395598672,2003,2008
31.99427046031643,2024,2024
31.998176964646138,2042,2040
32.00208346897585,2084,2084
32.00598997330555,2059,2064
32.009896477635266,2081,2078
32.01380298196497,2099,2100
32.017709486294684,2130,2127
32.02161599062439,2103,2101
32.0255224949541,2108,2098
32.02942899928381,2073,2076
32.03333550361352,2105,2093
32.03724200794323,2097,2083
32.04114851227294,2099,2099
32.045055016602646,2120,2106
32.04896152093235,2127,2127
32.052868025262065,2137,2140
32.05677452959177,2145,2139
32.06068103392148,2113,2098
32.06458753825119,2132,2126
32.0684940425809,2140,2129
32.07240054691061,2138,2135
32.07630705124032,2119,2109
32.080213555570026,2122,2124
32.08412005989974,2096,2089
32.088026564229445,2112,2105
32.09193306855915,2104,2100
32.09583957288886,2108,2126
32.09974607721857,2133,2129
32.10365258154828,2113,2102
32.10755908587799,2144,2127
32.1114655902077,2150,2137
32.115372094537406,2164,2160
32.11927859886712,2143,2132
32.123185103196825,2148,2138
32.12709160752654,2130,2123
32.13099811185624,2103,2094
32.13490461618595,2136,2122
32.13881112051566,2111,2104
32.14271762484537,2112,2110
32.14662412917508,2127,2103
32.150530633504786,2133,2118
32.1544371378345,2146,2142
32.158343642164205,2148,2140
32.16225014649392,2128,2117
32.16615665082362,2135,2131
32.170063155153336,2125,2115
32.17396965948304,2115,2100
32.17787616381275,2118,2114
32.18178266814246,2095,2087
32.185689172472166,2112,2099
32.18959567680188,2104,2092
32.193502181131585,2102,2110
32.1974086854613,2147,2147
32.201315189791,2131,2129
32.205221694120716,2130,2128
32.20912819845042,2138,2115
32.213034702780135,2162,2152
32.21694120710984,2152,2150
32.220847711439546,2144,2146
32.22475421576926,2123,2112
32.228660720098965,2089,2085
32.23256722442868,2076,2080
32.236473728758384,2055,2058
32.240380233088096,2046,2038
32.2442867374178,2060,2058
32.248193241747515,2052,2050
32.25209974607722,2049,2051
32.256006250406934,2035,2029
32.25991275473664,2027,2030
32.263819259066345,2047,2044
32.26772576339606,2008,2003
32.271632267725764,1972,1992
32.27553877205548,1981,1989
32.27944527638518,1968,1975
32.283351780714895,1967,1968
32.2872582850446,1944,1954
32.291164789374314,1970,1979
32.29507129370402,1939,1951
32.29897779803373,1961,1964
32.30288430236344,1980,1977
32.306790806693144,2010,2016
32.31069731102286,1991,2006
32.31460381535256,1986,1999
32.318510319682275,1981,1991
32.32241682401198,1968,1973
32.326323328341694,1992,2007
32.3302298326714,1952,1954
32.33413633700111,1964,1977
32.33804284133082,1936,1944
32.341949345660524,1945,1962
32.34585584999024,1960,1981
32.34976235431994,1969,1977
32.353668858649655,1983,1991
32.35757536297936,1986,1987
32.361481867309074,1989,1997
32.36538837163878,1974,1987
32.36929487596849,1953,1965
32.3732013802982,1957,1962
32.37710788462791,1960,1973
32.38101438895762,1935,1939
32.38492089328732,1944,1949
32.388827397617035,1950,1956
32.39273390194674,1964,1978
32.396640406276454,1982,1980
32.40054691060616,1978,1988
32.40445341493587,2004,2007
32.40835991926558,1995,2013
32.41226642359529,1984,1984
32.416172927925,1969,1976
32.42007943225471,1967,1968
32.423985936584415,1988,1990
32.42789244091412,1972,1985
32.431798945243834,1955,1970
32.43570544957354,1961,1958
32.43961195390325,1961,1975
32.44351845823296,1952,1972
32.44742496256267,1981,1996
32.45133146689238,1957,1964
32.45523797122209,1989,2008
32.459144475551795,1988,1992
32.46305097988151,1991,1992
32.466957484211214,2000,2007
32.47086398854092,1979,1984
32.47477049287063,1975,1982
32.47867699720034,1976,1980
32.48258350153005,1992,2000
32.48649000585976,1992,1991
32.49039651018947,2002,2007
32.494303014519176,2000,2009
32.49820951884889,2027,2037
32.502116023178594,2057,2058
32.50602252750831,2071,2067
32.50992903183801,2098,2093
32.51383553616772,2101,2087
32.51774204049743,2105,2096
32.52164854482714,2115,2110
32.52555504915685,2116,2114
32.529461553486556,2104,2097
32.53336805781627,2106,2091
32.537274562145974,2117,2094
32.54118106647569,2133,2131
32.54508757080539,2129,2123
32.548994075135106,2129,2111
32.55290057946481,2145,2135
32.55680708379452,2134,2131
32.56071358812423,2145,2136
32.564620092453936,2137,2120
32.56852659678365,2134,2125
32.572433101113354,2128,2111
32.57633960544307,2141,2133
32.58024610977277,2145,2134
32.584152614102486,2087,2083
32.58805911843219,2107,2101
32.591965622761904,2110,2102
32.59587212709161,2105,2108
32.599778631421316,2126,2118
32.60368513575103,2126,2119
32.607591640080734,2147,2137
32.61149814441045,2147,2142
32.61540464874015,2136,2131
32.619311153069866,2135,2118
32.62321765739957,2160,2160
32.627124161729284,2115,2121
32.63103066605899,2126,2111
32.6349371703887,2118,2112
32.63884367471841,2117,2114
32.642750179048114,2142,2130
32.64665668337783,2113,2108
32.65056318770753,2134,2126
32.654469692037246,2150,2145
32.65837619636695,2161,2151
32.662282700696665,2138,2134
32.66618920502637,2130,2131
32.67009570935608,2106,2103
32.67400221368579,2125,2124
32.6779087180155,2129,2107
32.68181522234521,2114,2109
32.68572172667491,2100,2107
32.689628231004626,2119,2107
32.69353473533433,2120,2113
32.697441239664045,2115,2111
32.70134774399375,2101,2089
32.70525424832346,2152,2142
32.70916075265317,2159,2155
32.71306725698288,2148,2141
32.71697376131259,2151,2144
32.7208802656423,2114,2105
32.724786769972006,2102,2091
32.72869327430171,2108,2103
32.732599778631425,2074,2079
32.73650628296113,2058,2054
32.74041278729084,2042,2037
32.74431929162055,2038,2038
32.74822579595026,2056,2050
32.75213230027997,2048,2056
32.75603880460968,2036,2033
32.759945308939386,2047,2045
32.7638518132691,2032,2026
32.767758317598805,2016,2028
32.77166482192851,2011,2018
32.77557132625822,1982,1991
32.77947783058793,1953,1962
32.78338433491764,1975,1992
32.78729083924735,1950,1949
32.79119734357706,1958,1962
32.795103847906766,1950,1963
32.79901035223648,1966,1981
32.802916856566185,1973,1979
32.8068233608959,1967,1981
32.8107298652256,1985,1992
32.81463636955531,1994,2002
32.81854287388502,2005,2011
32.82244937821473,2007,2021
32.82635588254444,1980,1977
32.830262386874146,1956,1956
32.83416889120386,1956,1965
32.838075395533565,1952,1964
32.84198189986328,1957,1970
32.84588840419298,1955,1971
32.849794908522696,1983,1987
32.8537014128524,1983,1999
32.85760791718211,2005,2007
32.86151442151182,1976,1988
32.865420925841526,1998,2007
32.86932743017124,1978,1983
32.873233934500945,1960,1968
32.87714043883066,1962,1968
32.881046943160364,1956,1965
32.884953447490076,1951,1961
32.88885995181978,1942,1964
32.892766456149495,1935,1941
32.8966729604792,1971,1983
32.90057946480891,1973,1986
32.90448596913862,1978,1983
32.908392473468325,1983,1989
32.91229897779804,1976,1975
32.916205482127744,1979,1985
32.92011198645746,1985,1989
32.92401849078716,1974,1975
32.927924995116875,1959,1967
32.93183149944658,1968,1979
32.935738003776294,1943,1938
32.939644508106,1948,1965
32.943551012435705,1928,1931
32.94745751676542,1946,1951
32.951364021095124,1976,1975
32.95527052542484,1956,1967
32.95917702975454,1985,1998
32.963083534084255,1998,2012
32.96699003841396,1995,2005
32.970896542743674,1986,1989
32.97480304707338,1997,1996
32.978709551403085,1989,2009
32.9826160557328,1993,1996
32.986522560062504,1981,1996
32.99042906439222,2009,2015
32.99433556872192,2017,2023
32.998242073051635,2023,2032
33.00214857738134,2062,2059
33.006055081711054,2086,2081
33.00996158604076,2097,2093
33.01386809037047,2117,2106
33.01777459470018,2104,2107
33.021681099029884,2086,2086
33.0255876033596,2118,2108
33.0294941076893,2102,2103
33.033400612019015,2115,2105
33.03730711634872,2110,2103
33.041213620678434,2110,2110
33.04512012500814,2123,2113
33.04902662933785,2118,2113
33.05293313366756,2143,2131
33.05683963799727,2138,2126
33.06074614232698,2152,2141
33.06465264665668,2147,2134
33.068559150986395,2143,2135
33.0724656553161,2139,2129
33.076372159645814,2129,2130
33.08027866397552,2110,2105
33.08418516830523,2085,2077
33.08809167263494,2100,2100
33.09199817696465,2106,2107
33.09590468129436,2125,2118
33.09981118562407,2134,2134
33.103717689953776,2144,2137
33.10762419428348,2168,2166
33.111530698613194,2151,2137
33.1154372029429,2157,2162
33.11934370727261,2143,2128
33.12325021160232,2132,2108
33.12715671593203,2119,2105
33.13106322026174,2127,2123
33.13496972459145,2103,2106
33.138876228921156,2102,2093
33.14278273325087,2113,2104
33.146689237580574,2118,2112
33.15059574191028,2124,2122
33.15450224623999,2126,2117
33.1584087505697,2133,2129
33.16231525489941,2147,2129
33.16622175922912,2147,2134
33.17012826355883,2119,2109
33.174034767888536,2118,2116
33.17794127221825,2116,2109
33.181847776547954,2107,2105
33.18575428087767,2114,2104
33.18966078520737,2106,2102
33.19356728953708,2103,2083
33.19747379386679,2094,2092
33.2013802981965,2137,2125
33.20528680252621,2128,2111
33.209193306855916,2146,2142
33.21309981118563,2150,2131
33.217006315515334,2111,2113
33.22091281984505,2118,2112
33.22481932417475,2125,2123
33.228725828504466,2082,2073
33.23263233283417,2079,2082
33.23653883716388,2057,2071
33.24044534149359,2070,2063
33.244351845823296,2050,2046
33.24825835015301,2052,2050
33.252164854482714,2051,2050
33.25607135881243,2059,2052
33.25997786314213,2020,2011
33.263884367471846,2014,2020
33.26779087180155,2011,2018
33.271697376131264,2012,2008
33.27560388046097,1978,1987
33.279510384790676,1973,1978
33.28341688912039,1967,1969
33.287323393450094,1945,1945
33.29122989777981,1937,1947
33.29513640210951,1953,1961
33.299042906439226,1967,1978
33.30294941076893,1962,1975
33.306855915098645,2005,2000
33.31076241942835,1971,1978
33.31466892375806,1985,1990
33.31857542808777,1969,1969
33.322481932417475,1969,1977
33.32638843674719,1988,1988
33.33029494107689,1977,1983
33.334201445406606,1934,1952
33.33810794973631,1954,1967
33.342014454066025,1942,1972
33.34592095839573,1963,1969
33.34982746272544,1978,1981
33.35373396705515,1987,1997
33.35764047138486,1959,1974
33.36154697571457,1977,1983
33.36545348004427,1970,1978
33.369359984373986,1951,1961
33.37326648870369,1968,1974
33.377172993033405,1944,1954
33.38107949736311,1968,1976
33.38498600169282,1945,1959
33.38889250602253,1940,1946
33.39279901035224,1969,1958
33.39670551468195,1968,1975
33.40061201901166,1959,1959
33.404518523341366,1988,1993
33.40842502767107,1994,2003
33.412331532000785,2004,2004
33.41623803633049,1978,1986
33.4201445406602,1967,1974
33.42405104498991,1979,1989
33.42795754931962,1959,1962
33.43186405364933,1961,1974
33.43577055797904,1938,1950
33.439677062308746,1956,1969
33.44358356663846,1964,1966
33.447490070968165,1967,1969
33.45139657529787,1956,1957
33.45530307962758,1977,1985
33.45920958395729,1985,1984
33.463116088287,1970,1984
33.46702259261671,1979,1984
33.47092909694642,2018,2030
33.474835601276126,1983,1988
33.47874210560584,1985,1993
33.482648609935545,1967,1985
33.48655511426526,1979,1989
33.49046161859496,1994,2000
33.49436812292467,2010,2023
33.49827462725438,2044,2048
33.50218113158409,2046,2043
33.5060876359138,2079,2076
33.509994140243506,2093,2089
33.51390064457322,2111,2105
33.517807148902925,2097,2089
33.52171365323264,2121,2107
33.525620157562344,2122,2113
33.529526661892056,2089,2088
33.53343316622176,2120,2102
33.53733967055147,2114,2115
33.54124617488118,2105,2086
33.54515267921089,2119,2112
33.5490591835406,2116,2110
33.552965687870305,2144,2141
33.55687219220002,2138,2136
33.560778696529724,2157,2146
33.56468520085944,2164,2147
33.56859170518914,2146,2134
33.57249820951885,2111,2114
33.57640471384856,2131,2133
33.58031121817827,2130,2115
33.58421772250798,2111,2112
33.588124226837685,2099,2086
33.5920307311674,2094,2084
33.595937235497104,2112,2124
33.59984373982682,2140,2127
33.60375024415652,2117,2096
33.607656748486235,2143,2121
33.61156325281594,2134,2121
33.61546975714565,2161,2152
33.61937626147536,2143,2136
33.623282765805065,2154,2155
33.62718927013478,2127,2121
33.631095774464484,2138,2127
33.6350022787942,2106,2093
33.6389087831239,2109,2105
33.642815287453615,2090,2085
33.64672179178332,2138,2133
33.650628296113034,2138,2135
33.65453480044274,2124,2114
33.658441304772445,2139,2119
33.66234780910216,2126,2118
33.666254313431864,2163,2154
33.67016081776158,2138,2131
33.67406732209128,2125,2116
33.677973826420995,2116,2115
33.6818803307507,2115,2109
33.685786835080414,2113,2099
33.68969333941012,2113,2097
33.69359984373983,2121,2118
33.69750634806954,2121,2115
33.701412852399244,2128,2118
33.70531935672896,2153,2146
33.70922586105866,2130,2117
33.713132365388375,2122,2099
33.71703886971808,2127,2118
33.720945374047794,2114,2119
33.7248518783775,2110,2103
33.72875838270721,2099,2087
33.73266488703692,2072,2071
33.73657139136663,2069,2075
33.74047789569634,2065,2062
33.74438440002604,2062,2057
33.748290904355756,2063,2048
33.75219740868546,2056,2050
33.756103913015174,2031,2036
33.76001041734488,2033,2042
33.76391692167459,2007,2012
33.7678234260043,1999,2014
33.77172993033401,1999,1997
33.77563643466372,1983,1991
33.77954293899343,1980,1978
33.783449443323136,1945,1946
33.78735594765284,1968,1973
33.791262451982554,1966,1980
33.79516895631226,1986,1993
33.79907546064197,1957,1960
33.80298196497168,1990,2007
33.80688846930139,1979,1993
33.8107949736311,1982,1984
33.81470147796081,1985,1998
33.818607982290516,1982,1984
33.82251448662023,1977,1977
33.826420990949934,1956,1956
33.83032749527964,1960,1957
33.83423399960935,1957,1965
33.83814050393906,1958,1973
33.84204700826877,1960,1968
33.84595351259848,1942,1951
33.84986001692819,1965,1978
33.853766521257896,1966,1957
33.85767302558761,1964,1974
33.861579529917314,1972,1978
33.86548603424703,1981,1988
33.86939253857673,1977,1992
33.87329904290644,1961,1971
33.87720554723615,1967,1981
33.88111205156586,1926,1932
33.88501855589557,1940,1957
33.888925060225276,1947,1959
33.89283156455499,1951,1964
33.896738068884694,1951,1954
33.90064457321441,1985,1999
33.90455107754411,1987,1996
33.908457581873826,1974,1979
33.91236408620353,1981,1991
33.91627059053324,1981,1991
33.92017709486295,2002,2015
33.924083599192656,1983,1990
33.92799010352237,1965,1972
33.931896607852075,1971,1985
33.93580311218179,1920,1943
33.93970961651149,1934,1944
33.943616120841206,1949,1968
33.94752262517091,1968,1981
33.951429129500625,1981,1994
33.95533563383033,1998,2009
33.959242138160036,1993,2000
33.96314864248975,2004,2001
33.967055146819455,1986,1997
33.97096165114917,1992,1986
33.97486815547887,1975,1993
33.978774659808586,1986,2000
33.98268116413829,1983,1990
33.986587668468005,2018,2023
33.99049417279771,2010,2014
33.99440067712742,2024,2034
33.99830718145713,2057,2061
34.002213685786835,2037,2049
34.00612019011655,2076,2078
34.01002669444625,2100,2086
34.013933198775966,2089,2090
34.01783970310567,2098,2106
34.021746207435385,2108,2101
34.02565271176509,2129,2110
34.0295592160948,2109,2103
34.03346572042451,2129,2124
34.03737222475422,2101,2095
34.04127872908393,2097,2097
34.04518523341363,2114,2106
34.049091737743346,2113,2116
34.05299824207305,2144,2140
34.056904746402765,2133,2124
34.06081125073247,2149,2142
34.06471775506218,2146,2138
34.06862425939189,2126,2111
34.0725307637216,2123,2117
34.07643726805131,2114,2115
34.08034377238102,2092,2089
34.084250276710726,2099,2092
34.08815678104043,2102,2099
34.092063285370145,2104,2115
34.09596978969985,2104,2104
34.09987629402956,2126,2111
34.10378279835927,2142,2141
34.10768930268898,2139,2125
34.11159580701869,2137,2142
34.1155023113484,2136,2130
34.119408815678106,2120,2108
34.12331532000782,2134,2123
34.127221824337525,2133,2118
34.13112832866723,2136,2128
34.13503483299694,2112,2104
34.13894133732665,2106,2099
34.14284784165636,2107,2088
34.14675434598607,2117,2106
34.15066085031578,2128,2119
34.154567354645486,2136,2120
34.1584738589752,2122,2111
34.162380363304905,2134,2126
34.16628686763462,2147,2141
34.170193371964324,2126,2114
34.17409987629403,2139,2132
34.17800638062374,2116,2112
34.18191288495345,2095,2095
34.18581938928316,2117,2117
34.18972589361287,2087,2083
34.19363239794258,2104,2091
34.197538902272285,2137,2119
34.201445406602,2129,2123
34.205351910931704,2147,2143
34.20925841526141,2152,2151
34.21316491959112,2151,2149
34.21707142392083,2150,2133
34.22097792825054,2130,2122
34.22488443258025,2105,2095
34.22879093690996,2102,2102
34.232697441239665,2086,2084
34.23660394556938,2069,2067
34.240510449899084,2066,2079
34.2444169542288,2042,2040
34.2483234585585,2032,2034
34.25222996288821,2074,2066
34.25613646721792,2027,2026
34.26004297154763,2057,2049
34.26394947587734,2022,2033
34.267855980207045,1994,1998
34.27176248453676,1990,1998
34.275668988866464,1977,1977
34.27957549319618,1956,1965
34.28348199752588,1961,1971
34.287388501855595,1956,1958
34.2912950061853,1956,1963
34.29520151051501,1952,1959
34.29910801484472,1951,1957
34.303014519174425,1987,1993
34.30692102350414,1976,1981
34.310827527833844,1974,1980
34.31473403216356,1992,2001
34.31864053649326,1972,1981
34.322547040822975,1990,1986
34.32645354515268,1993,2000
34.330360049482394,1952,1959
34.3342665538121,1921,1927
34.338173058141805,1965,1971
34.34207956247152,1959,1958
34.345986066801224,1953,1975
34.34989257113094,1976,1977
34.35379907546064,1996,2017
34.357705579790355,1987,1976
34.36161208412006,1995,1998
34.365518588449774,1987,1986
34.36942509277948,1981,1993
34.37333159710919,1979,1989
34.3772381014389,1936,1938
34.381144605768604,1963,1975
34.38505111009832,1944,1964
34.38895761442802,1942,1958
34.392864118757736,1942,1954
34.39677062308744,1971,1978
34.400677127417154,1955,1968
34.40458363174686,1993,1994
34.40849013607657,2001,1995
34.41239664040628,1989,2001
34.41630314473599,1987,1991
34.4202096490657,1988,1985
34.4241161533954,1976,1981
34.428022657725116,1946,1961
34.43192916205482,1952,1960
34.435835666384534,1956,1964
34.43974217071424,1951,1955
34.44364867504395,1958,1966
34.44755517937366,1938,1948
34.45146168370337,1960,1963
34.45536818803308,2001,2009
34.45927469236279,1989,2005
34.463181196692496,1983,1994
34.4670877010222,1976,1987
34.470994205351914,1993,2000
34.47490070968162,1983,1992
34.47880721401133,1983,1998
34.48271371834104,1986,1997
34.48662022267075,1987,1995
34.49052672700046,2011,2021
34.49443323133017,2014,2012
34.498339735659876,2026,2026
34.50224623998959,2070,2055
34.506152744319294,2068,2067
34.510059248649,2092,2082
34.51396575297871,2113,2109
34.51787225730842,2103,2093
34.52177876163813,2125,2104
34.52568526596784,2107,2110
34.52959177029755,2109,2107
34.533498274627256,2088,2084
34.53740477895697,2080,2064
34.541311283286674,2102,2093
34.54521778761639,2097,2098
34.54912429194609,2109,2106
34.5530307962758,2125,2109
34.55693730060551,2156,2150
34.56084380493522,2153,2143
34.56475030926493,2150,2144
34.568656813594636,2121,2114
34.57256331792435,2137,2132
34.576469822254055,2161,2156
34.58037632658377,2116,2095
34.58428283091347,2099,2086
34.588189335243186,2090,2084
34.59209583957289,2103,2089
34.5960023439026,2095,2085
34.59990884823231,2132,2121
34.603815352562016,2148,2137
34.60772185689173,2148,2129
34.611628361221435,2143,2127
34.61553486555115,2139,2133
34.61944136988085,2157,2140
34.623347874210566,2145,2125
34.62725437854027,2128,2118
34.631160882869985,2112,2109
34.63506738719969,2119,2119
34.638973891529396,2108,2098
34.64288039585911,2130,2124
34.646786900188815,2099,2094
34.65069340451853,2117,2106
34.65459990884823,2136,2122
34.658506413177946,2146,2138
34.66241291750765,2144,2130
34.666319421837365,2118,2107
34.67022592616707,2138,2129
34.67413243049678,2149,2134
34.67803893482649,2127,2115
34.681945439156195,2117,2109
34.68585194348591,2114,2115
34.68975844781561,2120,2113
34.693664952145326,2097,2101
34.69757145647503,2132,2122
34.701477960804745,2129,2115
34.70538446513445,2131,2132
34.70929096946416,2151,2149
34.71319747379387,2162,2156
34.71710397812358,2130,2129
34.72101048245329,2142,2127
34.72491698678299,2106,2114
34.728823491112706,2086,2074
34.73272999544241,2095,2090
34.736636499772125,2081,2082
34.74054300410183,2035,2045
34.74444950843154,2053,2059
34.74835601276125,2039,2026
34.75226251709096,2035,2045
34.75616902142067,2047,2052
34.76007552575038,2062,2054
34.763982030080086,2021,2022
34.76788853440979,1995,2010
34.771795038739505,1994,1989
34.77570154306921,1976,1982
34.77960804739892,1991,1990
34.78351455172863,1967,1975
34.78742105605834,1926,1942
34.79132756038805,1961,1975
34.79523406471776,1974,1975
34.799140569047466,1957,1967
34.80304707337718,1992,2000
34.806953577706885,1985,1989
34.81086008203659,1969,1973
34.814766586366304,1963,1965
34.81867309069601,1982,1987
34.82257959502572,1975,1974
34.82648609935543,1958,1952
34.83039260368514,1961,1973
34.83429910801485,1966,1966
34.83820561234456,1953,1958
34.842112116674265,1946,1950
34.84601862100397,1955,1967
34.849925125333684,1939,1948
34.85383162966339,1995,1991
34.8577381339931,1985,1991
34.86164463832281,1967,1977
34.86555114265252,1973,1982
34.86945764698223,1945,1953
34.87336415131194,1969,1990
34.877270655641645,1970,1977
34.88117715997136,1943,1953
34.885083664301064,1947,1950
34.88899016863077,1937,1951
34.89289667296048,1933,1947
34.89680317729019,1964,1978
34.9007096816199,1977,1982
34.90461618594961,1985,1990
34.90852269027932,1982,1988
34.912429194609025,1990,1995
34.91633569893874,1978,1985
34.920242203268444,1957,1959
34.92414870759816,1967,1966
34.92805521192786,1970,1982
34.93196171625757,1958,1965
34.93586822058728,1945,1953
34.93977472491699,1948,1961
34.9436812292467,1953,1964
34.947587733576405,1951,1965
34.95149423790612,1975,1983
34.955400742235824,1982,1994
34.95930724656554,1991,1997
34.96321375089524,1973,1977
34.967120255224955,1987,1983
34.97102675955466,1977,1978
34.97493326388437,1986,2000
34.97883976821408,1991,2006
34.982746272543785,1998,2000
34.9866527768735,1996,2009
34.990559281203204,1991,1998
34.99446578553292,2037,2040
34.99837228986262,2050,2059
35.002278794192335,2042,2037
35.00618529852204,2064,2059
35.010091802851754,2112,2110
35.01399830718146,2099,2104
35.017904811511166,2089,2083
35.02181131584088,2099,2101
35.025717820170584,2109,2095
35.0296243245003,2124,2121
35.03353082883,2111,2096
35.037437333159716,2086,2081
35.04134383748942,2127,2122
35.045250341819134,2120,2109
35.04915684614884,2131,2127
35.05306335047855,2130,2119
35.05696985480826,2167,2151
35.060876359137964,2137,2136
35.06478286346768,2139,2134
35.06868936779738,2144,2137
35.072595872127096,2143,2132
35.0765023764568,2127,2122
35.080408880786514,2130,2116
35.08431538511622,2114,2102
35.08822188944593,2103,2093
35.09212839377564,2120,2116
35.09603489810535,2116,2105
35.09994140243506,2136,2128
35.10384790676476,2164,2156
35.107754411094476,2155,2147
35.11166091542418,2152,2147
35.115567419753894,2163,2146
35.1194739240836,2157,2149
35.12338042841331,2131,2119
35.12728693274302,2141,2129
35.13119343707273,2131,2116
35.13509994140244,2117,2099
35.13900644573215,2111,2105
35.142912950061856,2090,2089
35.14681945439156,2127,2119
35.150725958721274,2129,2125
35.15463246305098,2143,2128
35.15853896738069,2145,2136
35.1624454717104,2165,2151
35.16635197604011,2148,2148
35.17025848036982,2122,2117
35.17416498469953,2142,2127
35.178071489029236,2136,2127
35.18197799335895,2112,2107
35.185884497688654,2112,2115
35.18979100201836,2108,2103
35.19369750634807,2111,2103
35.19760401067778,2128,2124
35.20151051500749,2148,2144
35.2054170193372,2148,2130
35.20932352366691,2141,2131
35.213230027996616,2140,2137
35.21713653232633,2145,2132
35.221043036656035,2132,2129
35.22494954098575,2102,2094
35.22885604531545,2100,2098
35.23276254964516,2058,2051
35.23666905397487,2061,2060
35.24057555830458,2066,2056
35.24448206263429,2054,2048
35.248388566963996,2055,2053
35.25229507129371,2046,2042
35.256201575623415,2031,2025
35.26010807995313,2044,2046
35.26401458428283,2019,2032
35.267921088612546,2000,2004
35.27182759294225,1971,1975
35.27573409727196,1986,2000
35.27964060160167,1983,1988
35.283547105931376,1969,1976
35.28745361026109,1954,1968
35.291360114590795,1944,1956
35.29526661892051,1942,1945
35.29917312325021,1974,1985
35.303079627579926,1967,1968
35.30698613190963,1984,1973
35.310892636239345,1981,1986
35.31479914056905,1982,1989
35.318705644898756,1967,1979
35.32261214922847,1973,1984
35.326518653558175,1986,1999
35.33042515788789,1967,1975
35.33433166221759,1948,1966
35.338238166547306,1954,1963
35.34214467087701,1947,1957
35.346051175206725,1942,1948
35.34995767953643,1973,1982
35.35386418386614,1960,1976
35.35777068819585,1991,1996
35.361677192525555,1956,1973
35.36558369685527,2003,2001
35.36949020118497,1983,2000
35.373396705514686,1937,1946
35.37730320984439,1949,1956
35.381209714174105,1960,1966
35.38511621850381,1926,1944
35.38902272283352,1932,1945
35.39292922716323,1923,1932
35.39683573149294,1975,1980
35.40074223582265,1964,1980
35.40464874015235,1961,1965
35.408555244482066,1974,1980
35.41246174881177,1983,1991
35.416368253141485,1975,1980
35.42027475747119,1996,2002
35.4241812618009,1973,1983
35.42808776613061,1964,1963
35.43199427046032,1971,1982
35.43590077479003,1943,1942
35.43980727911974,1932,1944
35.44371378344945,1935,1945
35.44762028777915,1945,1954
35.451526792108865,1973,1981
35.45543329643857,1968,1968
35.459339800768284,1986,1992
35.46324630509799,1986,1995
35.4671528094277,1985,1997
35.47105931375741,1985,1988
35.47496581808712,1999,1993
35.47887232241683,1963,1967
35.48277882674653,1988,1992
35.486685331076245,1982,1990
35.49059183540595,1999,2006
35.494498339735664,1997,1995
35.49840484406537,2021,2031
35.50231134839508,2066,2064
35.50621785272479,2068,2065
35.5101243570545,2081,2076
35.51403086138421,2113,2102
35.51793736571392,2112,2112
35.521843870043625,2113,2105
35.52575037437333,2113,2112
35.529656878703044,2102,2103
35.53356338303275,2115,2114
35.53746988736246,2101,2094
35.54137639169217,2118,2120
35.54528289602188,2124,2108
35.54918940035159,2115,2107
35.5530959046813,2151,2147
35.557002409011005,2144,2130
35.56090891334072,2147,2140
35.564815417670424,2147,2133
35.56872192200013,2149,2142
35.57262842632984,2105,2114
35.57653493065955,2130,2126
35.58044143498926,2129,2114
35.58434793931897,2115,2115
35.58825444364868,2109,2103
35.592160947978385,2134,2115
35.5960674523081,2108,2093
35.599973956637804,2134,2122
35.60388046096752,2134,2141
35.60778696529722,2148,2141
35.61169346962693,2143,2129
35.61559997395664,2135,2131
35.61950647828635,2138,2138
35.62341298261606,2146,2134
35.627319486945765,2110,2105
35.63122599127548,2129,2112
35.635132495605184,2133,2122
35.6390389999349,2112,2104
35.6429455042646,2107,2101
35.646852008594315,2108,2106
35.65075851292402,2139,2133
35.65466501725373,2137,2130
35.65857152158344,2154,2147
35.662478025913146,2148,2140
35.66638453024286,2155,2150
35.670291034572564,2128,2121
35.67419753890228,2119,2121
35.67810404323198,2109,2105
35.682010547561696,2112,2111
35.6859170518914,2098,2096
35.689823556221114,2084,2085
35.69373006055082,2112,2109
35.697636564880526,2140,2125
35.70154306921024,2140,2139
35.705449573539944,2126,2129
35.70935607786966,2166,2159
35.71326258219936,2146,2140
35.717169086529076,2130,2127
35.72107559085878,2127,2114
35.724982095188494,2097,2098
35.7288885995182,2102,2098
35.73279510384791,2067,2065
35.73670160817762,2054,2059
35.740608112507324,2039,2046
35.74451461683704,2070,2060
35.74842112116674,2056,2059
35.752327625496456,2024,2017
35.75623412982616,2035,2032
35.760140634155874,2048,2050
35.76404713848558,2023,2037
35.76795364281529,1990,1995
35.771860147145,2001,2010
35.77576665147471,1984,1997
35.77967315580442,1977,1998
35.78357966013412,1962,1977
35.787486164463836,1969,1970
35.79139266879354,1946,1952
35.795299173123254,1964,1972
35.79920567745296,1970,1972
35.80311218178267,1976,1969
35.80701868611238,1969,1983
35.81092519044209,1987,1992
35.8148316947718,1975,1983
35.81873819910151,1969,1979
35.822644703431216,1950,1962
35.82655120776092,1944,1948
35.830457712090634,1981,2003
35.83436421642034,1965,1972
35.83827072075005,1962,1965
35.84217722507976,1954,1958
35.84608372940947,1944,1957
35.84999023373918,1975,1985
35.85389673806889,1970,1982
35.857803242398596,2017,2019
35.86170974672831,1996,2004
35.865616251058015,2009,2021
35.86952275538772,1972,1980
35.87342925971743,1967,1978
35.87733576404714,1966,1976
35.88124226837685,1946,1948
35.88514877270656,1946,1961
35.88905527703627,1922,1930
35.892961781365976,1939,1953
35.89686828569569,1962,1969
35.900774790025395,1970,1986
35.90468129435511,1991,1997
35.90858779868481,1969,1967
35.91249430301452,1979,1995
35.91640080734423,1994,1998
35.92030731167394,1980,1985
35.92421381600365,1967,1982
35.928120320333356,1968,1972
35.93202682466307,1953,1963
35.935933328992775,1934,1952
35.93983983332249,1971,1982
35.94374633765219,1936,1953
35.947652841981906,1965,1971
35.95155934631161,1976,1988
35.95546585064132,1967,1975
35.95937235497103,2005,2007
35.963278859300736,1990,1997
35.96718536363045,2007,2018
35.971091867960155,1980,1983
35.97499837228987,1991,2005
35.97890487661957,1995,2006
35.982811380949286,1986,1984
35.98671788527899,2029,2038
35.990624389608705,2011,2009
35.99453089393841,2034,2038
35.998437398268116,2052,2047
36.00234390259783,2035,2026
36.006250406927535,2110,2104
36.01015691125725,2082,2072
36.01406341558695,2110,2100
36.017969919916666,2094,2084
36.02187642424637,2104,2094
36.025782928576085,2116,2117
36.02968943290579,2118,2113
36.0335959372355,2093,2089
36.03750244156521,2089,2077
36.041408945894915,2114,2107
36.04531545022463,2123,2121
36.04922195455433,2121,2105
36.053128458884046,2142,2126
36.05703496321375,2132,2119
36.060941467543465,2145,2135
36.06484797187317,2126,2123
36.06875447620288,2136,2133
36.07266098053259,2128,2133
36.0765674848623,2123,2110
36.08047398919201,2111,2105
36.084380493521714,2086,2085
36.08828699785143,2103,2090
36.09219350218113,2124,2134
36.096100006510845,2125,2121
36.10000651084055,2139,2135
36.103913015170264,2141,2119
36.10781951949997,2160,2149
36.11172602382968,2162,2156
36.11563252815939,2127,2129
36.119539032489094,2149,2150
36.12344553681881,2138,2119
36.12735204114851,2133,2112
36.131258545478225,2119,2107
36.13516504980793,2104,2112
36.139071554137644,2112,2095
36.14297805846735,2103,2090
36.14688456279706,2106,2099
36.15079106712677,2128,2119
36.15469757145648,2141,2132
36.15860407578619,2153,2145
36.16251058011589,2132,2121
36.166417084445605,2138,2128
36.17032358877531,2126,2116
36.174230093105024,2126,2115
36.17813659743473,2113,2117
36.18204310176444,2115,2107
36.18594960609415,2120,2119
36.18985611042386,2101,2093
36.19376261475357,2113,2108
36.19766911908328,2132,2123
36.201575623412985,2145,2135
36.20548212774269,2162,2130
36.209388632072404,2141,2136
36.21329513640211,2158,2147
36.21720164073182,2139,2128
36.22110814506153,2118,2107
36.22501464939124,2106,2095
36.22892115372095,2084,2085
36.23282765805066,2070,2078
36.236734162380365,2054,2049
36.24064066671008,2065,2051
36.244547171039784,2061,2057
36.24845367536949,2063,2059
36.2523601796992,2044,2054
36.25626668402891,2046,2042
36.26017318835862,2024,2021
36.26407969268833,2026,2029
36.26798619701804,2001,2008
36.271892701347745,1982,1990
36.27579920567746,1988,1990
36.279705710007164,1932,1955
36.28361221433688,1963,1980
36.28751871866658,1946,1959
36.29142522299629,1954,1968
36.295331727326,1966,1975
36.29923823165571,1973,1978
36.30314473598542,1970,1972
36.307051240315126,1992,1997
36.31095774464484,1999,2013
36.314864248974544,2001,2007
36.31877075330426,1974,1980
36.32267725763396,1979,1997
36.326583761963676,1970,1985
36.33049026629338,1966,1973
36.33439677062309,1949,1950
36.3383032749528,1958,1964
36.342209779282506,1963,1972
36.34611628361222,1957,1965
36.350022787941924,1964,1968
36.35392929227164,1971,1974
36.35783579660134,1995,1999
36.361742300931056,1985,1989
36.36564880526076,1982,1988
36.369555309590474,1975,1986
36.37346181392018,1956,1964
36.377368318249886,1950,1962
36.3812748225796,1952,1966
36.385181326909304,1947,1961
36.38908783123902,1932,1954
36.39299433556872,1962,1965
36.396900839898436,1948,1949
36.40080734422814,1972,1973
36.404713848557854,1977,1981
36.40862035288756,1967,1976
36.41252685721727,2003,2003
36.41643336154698,2005,2012
36.420339865876684,1984,1990
36.4242463702064,1958,1968
36.4281528745361,1965,1984
36.432059378865816,1964,1975
36.43596588319552,1956,1979
36.439872387525234,1939,1942
36.44377889185494,1960,1970
36.44768539618465,1962,1970
36.45159190051436,1977,1979
36.45549840484407,1991,2007
36.45940490917378,2005,2010
36.46331141350348,2001,2006
36.467217917833196,1964,1974
36.4711244221629,1973,1980
36.475030926492614,1991,1988
36.47893743082232,1997,1995
36.48284393515203,1988,1993
36.48675043948174,2003,2008
36.49065694381145,2005,2006
36.49456344814116,2007,2004
36.49846995247087,2039,2034
36.502376456800576,2062,2057
36.50628296113028,2091,2095
36.510189465459995,2089,2084
36.5140959697897,2117,2109
36.51800247411941,2124,2106
36.52190897844912,2088,2094
36.52581548277883,2099,2095
36.52972198710854,2095,2098
36.53362849143825,2116,2113
36.537534995767956,2090,2086
36.54144150009767,2123,2121
36.545348004427375,2133,2122
36.54925450875708,2130,2119
36.55316101308679,2127,2119
36.5570675174165,2173,2145
36.56097402174621,2156,2146
36.56488052607592,2120,2107
36.56878703040563,2129,2115
36.572693534735336,2129,2126
36.57660003906505,2110,2101
36.580506543394755,2110,2109
36.58441304772447,2094,2085
36.58831955205417,2110,2108
36.59222605638388,2102,2099
36.59613256071359,2132,2124
36.6000390650433,2106,2107
36.60394556937301,2167,2159
36.607852073702716,2139,2134
36.61175857803243,2140,2133
36.615665082362135,2123,2116
36.61957158669185,2140,2131
36.62347809102155,2124,2119
36.627384595351266,2097,2095
36.63129109968097,2129,2123
36.63519760401068,2129,2125
36.63910410834039,2101,2101
36.643010612670096,2116,2111
36.64691711699981,2107,2106
36.650823621329515,2107,2113
36.65473012565923,2146,2146
36.65863662998893,2147,2131
36.662543134318646,2142,2131
36.66644963864835,2139,2132
36.670356142978065,2124,2110
36.67426264730777,2129,2122
36.678169151637476,2141,2135
36.68207565596719,2104,2108
36.685982160296895,2094,2098
36.68988866462661,2109,2097
36.69379516895631,2097,2102
36.697701673286026,2119,2106
36.70160817761573,2161,2151
36.705514681945445,2154,2141
36.70942118627515,2145,2131
36.71332769060486,2160,2158
36.71723419493457,2140,2138
36.721140699264275,2126,2128
36.72504720359399,2122,2107
36.728953707923694,2094,2091
36.73286021225341,2067,2059
36.73676671658311,2058,2052
36.740673220912825,2065,2056
36.74457972524253,2028,2029
36.748486229572244,2070,2075
36.75239273390195,2041,2044
36.756299238231655,2021,2013
36.76020574256137,2042,2040
36.764112246891074,2005,2011
36.76801875122079,2022,2019
36.77192525555049,1986,1991
36.775831759880205,1992,1997
36.77973826420991,1960,1969
36.783644768539624,1945,1951
36.78755127286933,1945,1961
36.79145777719904,1957,1968
36.79536428152875,1943,1944
36.799270785858454,1954,1970
36.80317729018817,1972,1976
36.80708379451787,1988,1992
36.810990298847585,1985,1978
36.81489680317729,1981,1979
36.818803307507004,1971,1977
36.82270981183671,1977,1984
36.82661631616642,1951,1966
36.83052282049613,1962,1983
36.83442932482584,1949,1957
36.83833582915555,1960,1978
36.84224233348525,1968,1979
36.846148837814965,1953,1957
36.85005534214467,1971,1975
36.853961846474384,1964,1966
36.85786835080409,1980,1974
36.8617748551338,1973,1977
36.86568135946351,1977,1994
36.86958786379322,1965,1965
36.87349436812293,1949,1960
36.87740087245264,1977,1993
36.881307376782345,1958,1972
36.88521388111205,1934,1939
36.889120385441764,1949,1958
36.89302688977147,1941,1954
36.89693339410118,1974,1990
36.90083989843089,1965,1973
36.9047464027606,1997,2006
36.90865290709031,2005,2019
36.91255941142002,1984,1988
36.916465915749725,1986,1988
36.92037242007944,1978,1988
36.924278924409144,1984,1979
36.92818542873885,1973,1979
36.93209193306856,1969,1980
36.93599843739827,1952,1963
36.93990494172798,1967,1966
36.94381144605769,1930,1945
36.9477179503874,1976,1991
36.951624454717106,1967,1979
36.95553095904682,1960,1972
36.959437463376524,1984,1993
36.96334396770624,1971,1976
36.96725047203594,1980,1987
36.97115697636565,1981,1983
36.97506348069536,1974,1969
36.97896998502507,1986,1993
36.98287648935478,1973,1978
36.986782993684486,1979,1983
36.9906894980142,2013,2016
36.994596002343904,2014,2015
36.99850250667362,2046,2032
37.00240901100332,2088,2085
37.006315515333036,2082,2082
37.01022201966274,2092,2102
37.01412852399245,2095,2074
37.01803502832216,2092,2081
37.021941532651866,2102,2102
37.02584803698158,2116,2114
37.029754541311284,2117,2112
37.033661045641,2118,2116
37.0375675499707,2099,2093
37.041474054300416,2102,2081
37.04538055863012,2126,2110
37.049287062959834,2119,2117
37.05319356728954,2126,2114
37.057100071619246,2125,2120
37.06100657594896,2169,2155
37.064913080278664,2127,2115
37.06881958460838,2131,2129
37.07272608893808,2141,2126
37.076632593267796,2114,2107
37.0805390975975,2109,2093
37.084445601927214,2088,2091
37.08835210625692,2104,2106
37.09225861058663,2111,2102
37.09616511491634,2091,2088
37.100071619246044,2144,2144
37.10397812357576,2140,2133
37.10788462790546,2139,2126
37.111791132235176,2148,2129
37.11569763656488,2153,2139
37.119604140894594,2130,2125
37.1235106452243,2138,2123
37.12741714955401,2113,2105
37.13132365388372,2094,2095
37.13523015821343,2128,2126
37.13913666254314,2121,2116
37.14304316687284,2110,2101
37.146949671202556,2126,2124
37.15085617553226,2120,2120
37.154762679861975,2133,2123
37.15866918419168,2159,2145
37.16257568852139,2144,2136
37.1664821928511,2132,2126
37.17038869718081,2138,2121
37.17429520151052,2135,2131
37.17820170584023,2108,2098
37.182108210169936,2111,2098
37.18601471449964,2094,2088
37.189921218829355,2086,2092
37.19382772315906,2102,2090
37.19773422748877,2119,2116
37.20164073181848,2115,2119
37.20554723614819,2151,2142
37.2094537404779,2159,2142
37.21336024480761,2131,2125
37.217266749137316,2132,2123
37.22117325346703,2123,2113
37.225079757796735,2112,2106
37.22898626212644,2114,2110
37.23289276645615,2081,2075
37.23679927078586,2061,2064
37.24070577511557,2067,2057
37.24461227944528,2038,2031
37.24851878377499,2035,2035
37.252425288104696,2044,2040
37.25633179243441,2034,2039
37.260238296764115,2033,2037
37.26414480109383,2030,2032
37.26805130542353,2020,2020
37.27195780975324,1984,1995
37.27586431408295,1987,1984
37.27977081841266,1948,1948
37.28367732274237,1961,1972
37.287583827072076,1959,1964
37.29149033140179,1968,1970
37.295396835731495,1925,1930
37.29930334006121,1985,1991
37.30320984439091,1972,1968
37.307116348720626,1949,1960
37.31102285305033,1972,1985
37.31492935738004,1976,1988
37.31883586170975,1981,1990
37.322742366039456,1979,1990
37.32664887036917,1969,1972
37.330555374698875,1969,1978
37.33446187902859,1946,1953
37.338368383358294,1939,1955
37.342274887688006,1949,1961
37.34618139201771,1963,1968
37.35008789634742,1951,1964
37.35399440067713,1972,1968
37.35790090500684,1982,1991
37.36180740933655,1979,1985
37.365713913666255,1972,1984
37.36962041799597,1972,1972
37.373526922325674,1949,1959
37.37743342665539,1947,1944
37.38133993098509,1946,1955
37.385246435314805,1943,1954
37.38915293964451,1933,1955
37.39305944397422,1944,1952
37.39696594830393,1969,1982
37.400872452633635,1973,1978
37.40477895696335,1976,1989
37.408685461293054,2004,2005
37.41259196562277,1991,1990
37.41649846995247,2006,2012
37.420404974282185,2004,2004
37.42431147861189,1963,1975
37.428217982941604,1938,1938
37.43212448727131,1962,1973
37.436030991601015,1941,1947
37.43993749593073,1971,1981
37.443844000260434,1959,1959
37.44775050459015,1962,1982
37.45165700891985,1974,1978
37.455563513249565,1987,2002
37.45947001757927,1990,2001
37.463376521908984,1987,1995
37.46728302623869,1993,1991
37.4711895305684,1983,2000
37.47509603489811,1993,1992
37.479002539227814,1977,1985
37.48290904355753,1983,1985
37.48681554788723,1994,2000
37.490722052216945,2004,2003
37.49462855654665,2012,2017
37.498535060876364,2044,2051
37.50244156520607,2052,2041
37.50634806953578,2083,2088
37.51025457386549,2089,2082
37.5141610781952,2132,2120
37.51806758252491,2101,2093
37.52197408685461,2101,2107
37.525880591184325,2075,2064
37.52978709551403,2117,2104
37.533693599843744,2120,2106
37.53760010417345,2091,2079
37.54150660850316,2117,2110
37.54541311283287,2110,2110
37.54931961716258,2135,2126
37.55322612149229,2153,2157
37.557132625822,2156,2150
37.561039130151705,2142,2138
37.56494563448141,2136,2119
37.568852138811124,2157,2150
37.57275864314083,2128,2120
37.57666514747054,2098,2090
37.58057165180025,2120,2108
37.58447815612996,2113,2118
37.58838466045967,2119,2105
37.59229116478938,2107,2095
37.596197669119086,2107,2104
37.6001041734488,2131,2116
37.604010677778504,2127,2115
37.60791718210821,2150,2137
37.61182368643792,2169,2165
37.61573019076763,2145,2134
37.61963669509734,2141,2121
37.62354319942705,2124,2112
37.62744970375676,2148,2130
37.631356208086466,2121,2105
37.63526271241618,2113,2101
37.639169216745884,2145,2125
37.6430757210756,2105,2091
37.6469822254053,2134,2121
37.65088872973501,2137,2122
37.65479523406472,2106,2105
37.65870173839443,2142,2132
37.66260824272414,2135,2135
37.666514747053846,2135,2131
37.67042125138356,2113,2099
37.674327755713264,2107,2106
37.67823426004298,2115,2113
37.68214076437268,2107,2094
37.686047268702396,2115,2089
37.6899537730321,2116,2104
37.69386027736181,2112,2099
37.69776678169152,2125,2110
37.701673286021226,2136,2130
37.70557979035094,2141,2131
37.709486294680644,2134,2120
37.71339279901036,2160,2141
37.71729930334006,2136,2127
37.721205807669776,2122,2128
37.72511231199948,2107,2106
37.729018816329194,2112,2103
37.7329253206589,2082,2072
37.736831824988606,2057,2045
37.74073832931832,2056,2055
37.744644833648024,2048,2033
37.74855133797774,2055,2057
37.75245784230744,2043,2039
37.756364346637156,2053,2047
37.76027085096686,2042,2045
37.764177355296574,1999,2005
37.76808385962628,2002,2005
37.77199036395599,1998,2003
37.7758968682857,1981,1983
37.779803372615405,1976,1987
37.78370987694512,1955,1966
37.78761638127482,1947,1960
37.791522885604536,1950,1964
37.79542938993424,1957,1974
37.799335894263955,1971,1984
37.80324239859366,1981,1990
37.80714890292337,2002,2008
37.81105540725308,1988,2005
37.81496191158279,1999,2008
37.8188684159125,1982,1983
37.8227749202422,1980,1985
37.826681424571916,1967,1971
37.83058792890162,1970,1967
37.834494433231335,1962,1967
37.83840093756104,1938,1954
37.84230744189075,1950,1959
37.84621394622046,1969,1974
37.85012045055017,1978,1980
37.85402695487988,1968,1975
37.85793345920959,1998,2008
37.861839963539296,2002,1998
37.865746467869,1984,1986
37.869652972198715,1991,2004
37.87355947652842,1940,1955
37.87746598085813,1955,1960
37.88137248518784,1945,1955
37.88527898951755,1966,1984
37.88918549384726,1961,1971
37.89309199817697,1953,1964
37.896998502506676,1951,1967
37.90090500683639,1977,1986
37.904811511166095,1976,1986
37.9087180154958,1997,2003
37.91262451982551,1997,2002
37.91653102415522,1988,1991
37.92043752848493,2009,2007
37.92434403281464,1987,2006
37.92825053714435,1953,1956
37.932157041474056,1953,1956
37.93606354580377,1928,1936
37.939970050133475,1948,1952
37.94387655446319,1938,1951
37.94778305879289,1948,1972
37.9516895631226,1942,1945
37.95559606745231,1978,1978
37.95950257178202,1995,2002
37.96340907611173,1962,1973
37.967315580441436,1975,1989
37.97122208477115,1977,1989
37.975128589100855,1979,1988
37.97903509343057,1986,1986
37.982941597760274,1967,1975
37.98684810208998,1980,1991
37.99075460641969,2006,2014
37.9946611107494,2009,2019
37.99856761507911,2046,2044
38.00247411940882,2037,2034
38.00638062373853,2084,2069
38.010287128068235,2103,2104
38.01419363239795,2099,2104
38.018100136727654,2113,2115
38.02200664105737,2104,2094
38.02591314538707,2117,2100
38.02981964971678,2113,2108
38.03372615404649,2112,2114
38.0376326583762,2100,2094
38.04153916270591,2118,2109
38.045445667035615,2113,2119
38.04935217136533,2115,2121
38.053258675695034,2161,2145
38.05716518002475,2140,2136
38.06107168435445,2153,2152
38.064978188684165,2130,2134
38.06888469301387,2130,2134
38.07279119734358,2130,2113
38.07669770167329,2127,2122
38.080604206002995,2108,2095
38.08451071033271,2101,2105
38.088417214662414,2121,2109
38.09232371899213,2106,2091
38.09623022332183,2115,2111
38.100136727651545,2120,2110
38.10404323198125,2133,2125
38.107949736310964,2180,2160
38.11185624064067,2140,2141
38.115762744970375,2178,2172
38.11966924930009,2129,2108
38.123575753629794,2141,2138
38.12748225795951,2124,2125
38.13138876228921,2120,2122
38.135295266618925,2126,2121
38.13920177094863,2105,2099
38.143108275278344,2120,2122
38.14701477960805,2109,2109
38.15092128393776,2119,2100
38.15482778826747,2134,2128
38.158734292597174,2144,2135
38.16264079692689,2126,2132
38.16654730125659,2157,2145
38.170453805586305,2105,2105
38.17436030991601,2115,2108
38.178266814245724,2116,2107
38.18217331857543,2106,2100
38.18607982290514,2124,2122
38.18998632723485,2101,2101
38.19389283156456,2110,2097
38.19779933589427,2131,2129
38.20170584022397,2125,2117
38.205612344553685,2137,2128
38.20951884888339,2162,2148
38.213425353213104,2109,2097
38.21733185754281,2123,2112
38.22123836187252,2133,2118
38.22514486620223,2105,2089
38.22905137053194,2116,2110
38.23295787486165,2098,2097
38.23686437919136,2066,2063
38.240770883521066,2058,2050
38.24467738785077,2062,2055
38.248583892180484,2061,2066
38.25249039651019,2043,2045
38.2563969008399,2042,2042
38.26030340516961,2023,2034
38.26420990949932,2040,2049
38.26811641382903,2004,2008
38.27202291815874,2010,2012
38.275929422488446,1973,1978
38.27983592681816,1978,1986
38.283742431147864,1936,1954
38.28764893547757,1958,1960
38.29155543980728,1936,1950
38.29546194413699,1950,1972
38.2993684484667,1968,1978
38.30327495279641,1948,1955
38.30718145712612,1986,1995
38.311087961455826,1981,1982
38.31499446578554,1993,1989
38.318900970115244,1959,1966
38.32280747444496,1967,1973
38.32671397877466,1959,1963
38.33062048310437,1962,1988
38.33452698743408,1967,1978
38.33843349176379,1956,1962
38.3423399960935,1960,1970
38.346246500423206,1964,1972
38.35015300475292,1967,1973
38.354059509082624,1983,1992
38.35796601341234,1975,1985
38.36187251774204,1957,1973
38.365779022071756,1982,1996
38.36968552640146,1953,1961
38.37359203073117,1975,1974
38.37749853506088,1945,1965
38.381405039390586,1952,1961
38.3853115437203,1928,1946
38.389218048050004,1928,1935
38.39312455237972,1952,1963
38.39703105670942,1946,1946
38.400937561039136,1965,1978
38.40484406536884,2023,2012
38.408750569698555,1979,1987
38.41265707402826,1984,1982
38.416563578357966,1978,1985
38.42047008268768,1992,2010
38.424376587017385,1980,1985
38.4282830913471,1965,1969
38.4321895956768,1940,1947
38.436096100006516,1931,1946
38.44000260433622,1942,1961
38.443909108665935,1961,1977
38.44781561299564,1950,1960
38.45172211732535,1965,1971
38.45562862165506,1973,1982
38.459535125984765,1990,1991
38.46344163031448,1983,1987
38.46734813464418,1981,1993
38.471254638973896,1975,1984
38.4751611433036,1981,1992
38.479067647633315,1977,1984
38.48297415196302,2011,2013
38.48688065629273,1994,1984
38.49078716062244,2006,2024
38.49469366495215,2018,2013
38.49860016928186,2036,2037
38.50250667361156,2047,2053
38.506413177941276,2081,2071
38.51031968227098,2091,2082
38.514226186600695,2120,2102
38.5181326909304,2091,2088
38.52203919526011,2096,2104
38.52594569958982,2107,2103
38.52985220391953,2123,2110
38.53375870824924,2105,2093
38.53766521257895,2077,2061
38.541571716908656,2083,2073
38.54547822123836,2116,2113
38.549384725568075,2137,2128
38.55329122989778,2133,2122
38.55719773422749,2153,2139
38.5611042385572,2117,2101
38.56501074288691,2138,2125
38.56891724721662,2139,2126
38.57282375154633,2135,2125
38.576730255876036,2119,2115
38.58063676020575,2085,2074
38.584543264535455,2118,2119
38.58844976886516,2125,2114
38.59235627319487,2131,2127
38.59626277752458,2122,2116
38.60016928185429,2145,2128
38.604075786184,2137,2125
38.60798229051371,2166,2146
38.611888794843416,2140,2120
38.61579529917313,2138,2130
38.619701803502835,2148,2128
38.62360830783254,2111,2107
38.627514812162254,2121,2125
38.63142131649196,2160,2150
38.63532782082167,2101,2096
38.63923432515138,2116,2094
38.64314082948109,2116,2113
38.6470473338108,2096,2086
38.65095383814051,2132,2128
38.654860342470215,2133,2121
38.65876684679993,2129,2111
38.662673351129634,2161,2150
38.66657985545934,2163,2146
38.67048635978905,2117,2113
38.67439286411876,2133,2125
38.67829936844847,2099,2094
38.68220587277818,2119,2120
38.68611237710789,2103,2096
38.690018881437595,2113,2102
38.69392538576731,2109,2104
38.697831890097014,2109,2103
38.70173839442673,2137,2134
38.70564489875643,2147,2144
38.70955140308614,2150,2134
38.71345790741585,2131,2124
38.71736441174556,2112,2107
38.72127091607527,2098,2093
38.725177420404975,2114,2108
38.72908392473469,2117,2116
38.732990429064394,2084,2080
38.73689693339411,2085,2081
38.74080343772381,2049,2053
38.744709942053525,2040,2041
38.74861644638323,2060,2045
38.75252295071294,2042,2031
38.75642945504265,2050,2050
38.760335959372355,2042,2049
38.76424246370207,2012,2018
38.768148968031774,2008,2007
38.77205547236149,2006,2018
38.77596197669119,1965,1973
38.779868481020905,1975,1987
38.78377498535061,1959,1956
38.787681489680324,1962,1966
38.79158799401003,1942,1952
38.795494498339735,1971,1976
38.79940100266945,1964,1972
38.803307506999154,1955,1962
38.80721401132887,1991,1995
38.81112051565857,1995,2000
38.815027019988285,1980,1976
38.81893352431799,1984,2000
38.822840028647704,1981,1984
38.82674653297741,1986,1995
38.83065303730712,1955,1959
38.83455954163683,1971,1978
38.838466045966534,1960,1976
38.84237255029625,1968,1982
38.84627905462595,1977,1986
38.850185558955665,1962,1987
38.85409206328537,1975,1981
38.857998567615084,1990,1994
38.86190507194479,1991,1999
38.8658115762745,1995,2002
38.86971808060421,1966,1974
38.87362458493392,1957,1960
38.87753108926363,1964,1978
38.88143759359333,1944,1948
38.885344097923046,1956,1962
38.88925060225275,1940,1935
38.893157106582464,1957,1957
38.89706361091217,1958,1973
38.90097011524188,1984,1979
38.90487661957159,1992,2002
38.9087831239013,1975,1980
38.91268962823101,1999,2005
38.91659613256072,1995,2001
38.920502636890426,1968,1976
38.92440914122013,1978,1978
38.928315645549844,1961,1968
38.93222214987955,1944,1961
38.93612865420926,1954,1964
38.94003515853897,1936,1947
38.94394166286868,1922,1939
38.94784816719839,1951,1952
38.9517546715281,1981,1974
38.955661175857806,2003,2017
38.95956768018752,1979,1980
38.963474184517224,1961,1975
38.96738068884693,1990,1995
38.97128719317664,1988,1987
38.97519369750635,1991,2006
38.97910020183606,1980,1988
38.98300670616577,1992,1999
38.98691321049548,2020,2012
38.990819714825186,2029,2029
38.9947262191549,2017,2012
38.998632723484604,2044,2046
39.00253922781432,2051,2047
39.00644573214402,2092,2092
39.01035223647373,2099,2096
39.01425874080344,2111,2105
39.01816524513315,2122,2113
39.02207174946286,2103,2096
39.025978253792566,2098,2102
39.02988475812228,2113,2105
39.033791262451984,2097,2096
39.0376977667817,2109,2097
39.0416042711114,2115,2119
39.045510775441116,2101,2089
39.04941727977082,2140,2128
39.05332378410053,2137,2121
39.05723028843024,2153,2151
39.061136792759946,2131,2123
39.06504329708966,2134,2132
39.068949801419365,2121,2125
39.07285630574908,2127,2128
39.07676281007878,2121,2108
39.080669314408496,2107,2104
39.0845758187382,2122,2104
39.088482323067915,2108,2113
39.09238882739762,2090,2078
39.096295331727326,2102,2097
39.10020183605704,2103,2100
39.104108340386745,2147,2145
39.10801484471646,2155,2145
39.11192134904616,2145,2150
39.115827853375876,2155,2145
39.11973435770558,2152,2149
39.123640862035295,2126,2121
39.127547366365,2108,2102
39.13145387069471,2122,2113
39.13536037502442,2129,2118
39.139266879354125,2125,2112
39.14317338368384,2104,2098
39.14707988801354,2117,2114
39.150986392343256,2146,2130
39.15489289667296,2147,2139
39.158799401002675,2150,2136
39.16270590533238,2136,2126
39.16661240966209,2136,2121
39.1705189139918,2145,2140
39.17442541832151,2111,2108
39.17833192265122,2120,2114
39.18223842698092,2099,2088
39.186144931310636,2109,2091
39.19005143564034,2114,2111
39.193957939970055,2105,2093
39.19786444429976,2113,2103
39.20177094862947,2144,2132
39.20567745295918,2154,2125
39.20958395728889,2173,2161
39.2134904616186,2146,2130
39.21739696594831,2108,2099
39.221303470278016,2135,2128
39.22520997460772,2096,2086
39.229116478937435,2083,2078
39.23302298326714,2049,2046
39.23692948759685,2043,2043
39.24083599192656,2042,2047
39.24474249625627,2070,2067
39.24864900058598,2053,2059
39.25255550491569,2050,2050
39.256462009245396,2074,2065
39.2603685135751,2043,2046
39.264275017904815,2044,2045
39.26818152223452,2012,2017
39.272088026564234,1965,1969
39.27599453089394,1991,1996
39.27990103522365,1953,1972
39.28380753955336,1953,1954
39.28771404388307,1937,1949
39.29162054821278,1934,1938
39.29552705254249,1953,1961
39.299433556872195,1963,1976
39.3033400612019,1971,1970
39.307246565531614,1992,1992
39.31115306986132,1982,1981
39.31505957419103,1963,1965
39.31896607852074,1995,2003
39.32287258285045,1989,1993
39.32677908718016,1984,1997
39.33068559150987,1949,1948
39.334592095839575,1962,1984
39.33849860016929,1961,1968
39.342405104498994,1963,1971
39.3463116088287,1936,1944
39.35021811315841,1952,1963
39.35412461748812,1981,1984
39.35803112181783,1987,1997
39.36193762614754,1972,1975
39.36584413047725,1973,1980
39.369750634806955,1969,1982
39.37365713913667,1963,1978
39.377563643466374,1956,1968
39.38147014779609,1970,1976
39.38537665212579,1945,1953
39.3892831564555,1946,1952
39.39318966078521,1927,1945
39.39709616511492,1972,1978
39.40100266944463,1973,1980
39.404909173774335,2008,2016
39.40881567810405,1982,1977
39.412722182433754,1988,1992
39.41662868676347,1982,1995
39.42053519109317,1978,1992
39.424441695422885,1965,1971
39.42834819975259,1947,1959
39.4322547040823,1942,1934
39.43616120841201,1947,1960
39.440067712741715,1971,1981
39.44397421707143,1933,1945
39.447880721401134,1946,1961
39.45178722573085,1962,1968
39.45569373006055,1982,1987
39.459600234390265,1975,1989
39.46350673871997,1993,1993
39.467413243049684,1986,1989
39.47131974737939,1981,1976
39.475226251709095,1986,1981
39.47913275603881,1989,1997
39.483039260368514,1979,1988
39.48694576469823,1970,1975
39.49085226902793,2001,2009
39.494758773357646,1991,1994
39.49866527768735,2061,2066
39.502571782017064,2050,2051
39.50647828634677,2084,2081
39.51038479067648,2093,2087
39.51429129500619,2113,2106
39.518197799335894,2125,2119
39.52210430366561,2128,2112
39.52601080799531,2117,2106
39.529917312325026,2122,2117
39.53382381665473,2140,2135
39.537730320984444,2112,2106
39.54163682531415,2080,2083
39.54554332964386,2118,2101
39.54944983397357,2109,2097
39.55335633830328,2121,2114
39.55726284263299,2134,2126
39.56116934696269,2155,2152
39.565075851292406,2150,2140
39.56898235562211,2131,2129
39.572888859951824,2122,2101
39.57679536428153,2131,2120
39.58070186861124,2096,2094
39.58460837294095,2127,2128
39.58851487727066,2070,2067
39.59242138160037,2108,2109
39.59632788593008,2129,2126
39.600234390259786,2156,2149
39.60414089458949,2153,2143
39.608047398919204,2158,2138
39.61195390324891,2155,2143
39.61586040757862,2135,2121
39.61976691190833,2129,2126
39.62367341623804,2142,2140
39.62757992056775,2130,2115
39.63148642489746,2139,2134
39.635392929227166,2127,2121
39.63929943355688,2128,2105
39.643205937886584,2101,2091
39.64711244221629,2108,2097
39.651018946546,2122,2101
39.65492545087571,2133,2111
39.65883195520542,2147,2137
39.66273845953513,2147,2125
39.66664496386484,2122,2102
39.670551468194546,2132,2122
39.67445797252426,2122,2127
39.678364476853965,2119,2100
39.68227098118368,2101,2106
39.68617748551338,2132,2115
39.69008398984309,2114,2104
39.6939904941728,2102,2093
39.69789699850251,2100,2095
39.70180350283222,2131,2131
39.705710007161926,2153,2149
39.70961651149164,2157,2139
39.713523015821345,2129,2124
39.71742952015106,2151,2141
39.72133602448076,2141,2122
39.725242528810476,2107,2091
39.72914903314018,2102,2093
39.73305553746989,2056,2062
39.7369620417996,2069,2062
39.740868546129306,2028,2029
39.74477505045902,2044,2030
39.748681554788725,2025,2026
39.75258805911844,2039,2031
39.75649456344814,2036,2037
39.760401067777856,2061,2066
39.76430757210756,2005,2004
39.768214076437275,2003,2016
39.77212058076698,1997,2010
39.776027085096686,1985,1997
39.7799335894264,1981,1989
39.783840093756105,1958,1965
39.78774659808582,1940,1962
39.79165310241552,1956,1968
39.795559606745236,1957,1974
39.79946611107494,1957,1964
39.803372615404655,1951,1958
39.80727911973436,1990,1991
39.81118562406407,1977,1985
39.81509212839378,1976,1972
39.818998632723485,1967,1972
39.8229051370532,1988,1991
39.8268116413829,1961,1969
39.830718145712616,1937,1949
39.83462465004232,1977,1991
39.838531154372035,1968,1982
39.84243765870174,1956,1964
39.84634416303145,1977,1982
39.85025066736116,1971,1974
39.854157171690865,1981,1996
39.85806367602058,2006,2000
39.86197018035028,1976,1981
39.865876684679996,1975,1980
39.8697831890097,1970,1980
39.873689693339415,1959,1961
39.87759619766912,1941,1949
39.88150270199883,1967,1979
39.88540920632854,1938,1946
39.88931571065825,1947,1959
39.89322221498796,1943,1943
39.897128719317664,1945,1956
39.901035223647376,1975,1982
39.90494172797708,1969,1968
39.908848232306795,1997,1997
39.9127547366365,2014,2014
39.916661240966214,1985,1990
39.92056774529592,1962,1967
39.92447424962563,1967,1977
39.92838075395534,1953,1975
39.93228725828505,1942,1952
39.93619376261476,1949,1964
39.94010026694446,1925,1945
39.944006771274175,1936,1942
39.94791327560388,1992,1999
39.951819779933594,1962,1980
39.9557262842633,1999,2007
39.95963278859301,2003,2015
39.96353929292272,1994,1998
39.96744579725243,1994,1994
39.97135230158214,1986,1992
39.97525880591185,2009,2014
39.979165310241555,1989,1993
39.98307181457126,1990,1996
39.986978318900974,2007,2008
39.99088482323068,2017,2004
39.99479132756039,2029,2025
39.9986978318901,2062,2073
40.00260433621981,2058,2061
40.00651084054952,2072,2079
40.01041734487923,2089,2084
40.014323849208935,2106,2105
40.01823035353865,2101,2107
40.022136857868354,2102,2102
40.02604336219806,2089,2087
40.02994986652777,2112,2112
40.03385637085748,2096,2085
40.03776287518719,2136,2116
40.0416693795169,2089,2077
40.04557588384661,2132,2120
40.049482388176315,2136,2121
40.05338889250603,2146,2134
40.057295396835734,2138,2123
40.06120190116545,2152,2131
40.06510840549515,2151,2141
40.06901490982486,2135,2125
40.07292141415457,2093,2076
40.07682791848428,2126,2118
40.08073442281399,2121,2123
40.084640927143695,2099,2100
40.08854743147341,2101,2091
40.092453935803114,2082,2076
40.09636044013283,2120,2105
40.10026694446253,2144,2120
40.104173448792245,2134,2124
40.10807995312195,2145,2138
40.11198645745166,2140,2137
40.11589296178137,2140,2133
40.119799466111076,2142,2121
40.12370597044079,2119,2119
40.127612474770494,2132,2125
40.13151897910021,2111,2109
40.13542548342991,2104,2100
40.139331987759626,2107,2106
40.14323849208933,2104,2098
40.147144996419044,2132,2136
40.15105150074875,2155,2142
40.154958005078456,2143,2127
40.15886450940817,2142,2130
40.162771013737874,2131,2124
40.16667751806759,2140,2135
40.17058402239729,2108,2103
40.174490526727006,2122,2114
40.17839703105671,2121,2118
40.182303535386424,2114,2108
40.18621003971613,2105,2112
40.19011654404584,2108,2104
40.19402304837555,2121,2122
40.197929552705254,2118,2113
40.20183605703497,2133,2126
40.20574256136467,2146,2129
40.209649065694386,2144,2132
40.21355557002409,2123,2118
40.217462074353804,2120,2109
40.22136857868351,2131,2135
40.22527508301322,2118,2110
40.22918158734293,2097,2089
40.23308809167264,2077,2077
40.23699459600235,2079,2076
40.24090110033205,2064,2068
40.244807604661766,2048,2042
40.24871410899147,2048,2045
40.252620613321184,2036,2032
40.25652711765089,2027,2034
40.2604336219806,2036,2035
40.26434012631031,2038,2043
40.26824663064002,2009,2007
40.27215313496973,2011,2012
40.27605963929944,1986,1994
40.279966143629146,1958,1962
40.28387264795885,1961,1967
40.287779152288564,1954,1960
40.29168565661827,1929,1939
40.29559216094798,1968,1970
40.29949866527769,1953,1962
40.3034051696074,1961,1961
40.30731167393711,1990,1995
40.31121817826682,1991,1998
40.315124682596526,1967,1971
40.31903118692624,1967,1973
40.322937691255945,1977,1979
40.32684419558565,1970,1979
40.33075069991536,1948,1964
40.33465720424507,1968,1979
40.33856370857478,1962,1975
40.34247021290449,1948,1963
40.3463767172342,1967,1985
40.350283221563906,1961,1966
40.35418972589362,1970,1973
40.358096230223325,1977,1984
40.36200273455304,1969,1977
40.36590923888274,1988,1996
40.36981574321245,1977,1973
40.37372224754216,1965,1983
40.37762875187187,1931,1943
40.38153525620158,1959,1970
40.385441760531286,1938,1957
40.389348264861,1945,1964
40.393254769190705,1952,1964
40.39716127352042,1943,1953
40.40106777785012,1965,1978
40.404974282179836,1980,1985
40.40888078650954,1998,2008
40.41278729083925,2014,2023
40.41669379516896,1991,2001
40.420600299498666,1981,1980
40.42450680382838,1977,1984
40.428413308158085,1977,1977
40.4323198124878,1978,1975
40.4362263168175,1951,1959
40.440132821147216,1950,1967
40.44403932547692,1948,1956
40.447945829806635,1936,1942
40.45185233413634,1974,1967
40.455758838466046,1970,1978
40.45966534279576,1983,1994
40.463571847125465,1962,1966
40.46747835145518,2004,2011
40.47138485578488,1995,2002
40.475291360114596,1980,1981
40.4791978644443,1992,2005
40.483104368774015,2025,2031
40.48701087310372,2000,2005
40.490917377433426,2010,2012
40.49482388176314,2023,2025
40.498730386092845,2045,2045
40.50263689042256,2063,2050
40.50654339475226,2062,2057
40.510449899081976,2086,2074
40.51435640341168,2104,2091
40.518262907741395,2118,2099
40.5221694120711,2116,2104
40.52607591640081,2113,2100
40.52998242073052,2101,2098
40.533888925060225,2116,2112
40.53779542938994,2104,2099
40.541701933719644,2116,2105
40.545608438049356,2126,2111
40.54951494237906,2129,2117
40.553421446708775,2145,2145
40.55732795103848,2153,2145
40.561234455368194,2163,2163
40.5651409596979,2137,2118
40.56904746402761,2123,2123
40.57295396835732,2135,2125
40.576860472687024,2118,2111
40.58076697701674,2120,2120
40.58467348134644,2106,2112
40.588579985676155,2128,2124
40.59248649000586,2089,2083
40.596392994335574,2094,2096
40.60029949866528,2123,2109
40.60420600299499,2132,2120
40.6081125073247,2154,2142
40.61201901165441,2159,2143
40.61592551598412,2124,2117
40.61983202031382,2126,2115
40.623738524643535,2145,2136
40.62764502897324,2137,2134
40.631551533302954,2145,2133
40.63545803763266,2099,2085
40.63936454196237,2102,2095
40.64327104629208,2103,2089
40.64717755062179,2132,2128
40.6510840549515,2137,2125
40.65499055928121,2147,2132
40.658897063610915,2155,2142
40.66280356794062,2150,2142
40.666710072270334,2131,2114
40.67061657660004,2124,2113
40.67452308092975,2142,2141
40.67842958525946,2107,2095
40.68233608958917,2096,2083
40.68624259391888,2104,2093
40.69014909824859,2096,2100
40.694055602578295,2099,2088
40.69796210690801,2112,2105
40.701868611237714,2146,2134
40.70577511556742,2150,2130
40.70968161989713,2153,2138
40.71358812422684,2146,2131
40.71749462855655,2120,2101
40.72140113288626,2131,2121
40.72530763721597,2093,2095
40.729214141545675,2091,2087
40.73312064587539,2084,2075
40.737027150205094,2039,2042
40.74093365453481,2059,2055
40.74484015886451,2056,2056
40.74874666319422,2015,2013
40.75265316752393,2054,2060
40.75655967185364,2050,2044
40.76046617618335,2042,2037
40.764372680513056,2032,2039
40.76827918484277,2013,2015
40.772185689172474,1998,2003
40.77609219350219,1958,1964
40.77999869783189,1974,1984
40.783905202161606,1985,1994
40.78781170649131,1932,1934
40.79171821082102,1975,1989
40.79562471515073,1965,1975
40.799531219480436,1950,1966
40.80343772381015,1960,1969
40.807344228139854,2001,2010
40.81125073246957,1972,1969
40.81515723679927,1974,1986
40.819063741128986,1967,1971
40.82297024545869,1976,1991
40.826876749788404,2000,2006
40.83078325411811,1963,1967
40.834689758447816,1960,1986
40.83859626277753,1949,1948
40.842502767107234,1952,1963
40.84640927143695,1923,1936
40.85031577576665,1966,1973
40.854222280096366,1987,1996
40.85812878442607,1995,1995
40.862035288755784,1998,2008
40.86594179308549,1986,1996
40.8698482974152,1960,1961
40.87375480174491,1950,1949
40.877661306074614,1985,1991
40.88156781040433,1939,1946
40.88547431473403,1936,1955
40.889380819063746,1945,1963
40.89328732339345,1935,1945
40.897193827723164,1946,1961
40.90110033205287,1979,1987
40.90500683638258,1983,1983
40.90891334071229,1993,2005
40.912819845042,1983,1994
40.91672634937171,1986,1988
40.92063285370141,1968,1982
40.924539358031126,1955,1964
40.92844586236083,1977,1990
40.932352366690544,1968,1974
40.93625887102025,1956,1964
40.94016537534996,1951,1959
40.94407187967967,1957,1973
40.94797838400938,1953,1947
40.95188488833909,1975,1973
40.9557913926688,1999,2003
40.959697896998506,1983,1981
40.96360440132821,1980,1990
40.967510905657925,1975,1980
40.97141740998763,1983,1996
40.97532391431734,1974,1973
40.97923041864705,1978,1981
40.98313692297676,1957,1970
40.98704342730647,1992,1990
40.99094993163618,2000,2012
40.994856435965886,2025,2034
40.9987629402956,2023,2020
41.002669444625305,2053,2052
41.00657594895501,2073,2073
41.01048245328472,2078,2074
41.01438895761443,2115,2108
41.01829546194414,2117,2115
41.02220196627385,2113,2108
41.02610847060356,2118,2113
41.030014974933266,2099,2095
41.03392147926298,2083,2079
41.037827983592685,2096,2099
41.0417344879224,2121,2111
41.0456409922521,2114,2101
41.04954749658181,2138,2132
41.05345400091152,2158,2143
41.05736050524123,2155,2159
41.06126700957094,2134,2134
41.065173513900646,2129,2112
41.06908001823036,2134,2122
41.072986522560065,2118,2101
41.07689302688978,2132,2126
41.08079953121948,2127,2117
41.084706035549196,2110,2112
41.0886125398789,2113,2109
41.09251904420861,2102,2096
41.09642554853832,2112,2120
41.100332052868026,2140,2125
41.10423855719774,2150,2135
41.108145061527445,2152,2136
41.11205156585716,2152,2145
41.11595807018686,2142,2124
41.119864574516576,2165,2145
41.12377107884628,2138,2128
41.12767758317599,2144,2128
41.1315840875057,2142,2140
41.135490591835406,2097,2079
41.13939709616512,2104,2093
41.143303600494825,2109,2105
41.14721010482454,2124,2121
41.15111660915424,2126,2102
41.155023113483956,2134,2129
41.15892961781366,2136,2124
41.162836122143375,2124,2112
41.16674262647308,2130,2125
41.170649130802786,2146,2136
41.1745556351325,2140,2135
41.178462139462205,2102,2092
41.18236864379192,2117,2116
41.186275148121624,2135,2113
41.190181652451336,2100,2110
41.19408815678104,2090,2080
41.197994661110755,2120,2114
41.20190116544046,2138,2127
41.205807669770174,2127,2117
41.20971417409988,2152,2137
41.213620678429585,2147,2140
41.2175271827593,2135,2120
41.221433687089004,2105,2087
41.22534019141872,2107,2104
41.22924669574842,2080,2073
41.233153200078135,2081,2066
41.23705970440784,2072,2071
41.240966208737554,2027,2026
41.24487271306726,2065,2059
41.24877921739697,2065,2071
41.25268572172668,2045,2032
41.256592226056384,2042,2044
41.2604987303861,2047,2053
41.2644052347158,2025,2027
41.268311739045515,1996,1996
41.27221824337522,2008,2011
41.276124747704934,1963,1972
41.28003125203464,1987,2006
41.28393775636435,1978,1986
41.28784426069406,1949,1958
41.29175076502377,1940,1955
41.29565726935348,1954,1960
41.29956377368318,1979,1986
41.303470278012895,1995,1999
41.3073767823426,1988,1986
41.311283286672314,1988,2003
41.31518979100202,1992,1995
41.31909629533173,1985,1990
41.32300279966144,1978,1988
41.32690930399115,1969,1980
41.33081580832086,1984,1992
41.33472231265057,1949,1960
41.338628816980275,1955,1974
41.34253532130998,1955,1964
41.346441825639694,1953,1962
41.3503483299694,1982,1995
41.35425483429911,1963,1963
41.35816133862882,1982,1979
41.36206784295853,1990,1991
41.36597434728824,1967,1977
41.36988085161795,1939,1957
41.373787355947655,1954,1972
41.37769386027737,1951,1954
41.381600364607074,1939,1944
41.38550686893678,1955,1975
41.38941337326649,1934,1944
41.3933198775962,1942,1963
41.39722638192591,1954,1958
41.40113288625562,1976,1976
41.40503939058533,1985,1991
41.408945894915036,1994,2001
41.41285239924475,2001,2001
41.416758903574454,1999,2010
41.42066540790417,1978,1989
41.42457191223387,1976,1994
41.42847841656358,1985,1993
41.43238492089329,1955,1961
41.436291425223,1938,1948
41.44019792955271,1957,1962
41.444104433882416,1943,1945
41.44801093821213,1966,1983
41.451917442541834,1958,1964
41.45582394687155,1979,1988
41.45973045120125,1992,2001
41.463636955530966,1998,2004
41.46754345986067,1982,1984
41.47144996419038,1997,1996
41.47535646852009,1991,1997
41.479262972849796,2003,2021
41.48316947717951,1991,1995
41.487075981509214,2007,2015
41.49098248583893,2014,2018
41.49488899016863,2025,2033
41.498795494498346,2026,2033
41.50270199882805,2064,2063
41.506608503157764,2068,2069
41.51051500748747,2107,2097
41.514421511817176,2088,2084
41.51832801614689,2114,2103
41.522234520476594,2130,2117
41.52614102480631,2099,2084
41.53004752913601,2112,2109
41.533954033465726,2110,2101
41.53786053779543,2107,2099
41.541767042125144,2104,2095
41.54567354645485,2117,2116
41.54958005078456,2127,2120
41.55348655511427,2124,2107
41.557393059443974,2157,2133
41.56129956377369,2149,2143
41.56520606810339,2150,2142
41.569112572433106,2128,2123
41.57301907676281,2122,2118
41.576925581092524,2136,2137
41.58083208542223,2134,2122
41.58473858975194,2107,2111
41.58864509408165,2108,2097
41.59255159841136,2114,2110
41.59645810274107,2125,2122
41.60036460707077,2120,2120
41.604271111400486,2137,2127
41.60817761573019,2136,2130
41.612084120059905,2145,2138
41.61599062438961,2133,2127
41.61989712871932,2142,2129
41.62380363304903,2159,2153
41.62771013737874,2111,2106
41.63161664170845,2102,2084
41.63552314603816,2123,2107
41.639429650367866,2131,2123
41.64333615469757,2123,2109
41.647242659027285,2118,2105
41.65114916335699,2147,2133
41.6550556676867,2142,2122
41.65896217201641,2140,2142
41.66286867634612,2148,2146
41.66677518067583,2123,2110
41.67068168500554,2126,2119
41.674588189335246,2119,2120
41.67849469366496,2126,2122
41.682401197994665,2096,2099
41.68630770232437,2101,2094
41.69021420665408,2114,2115
41.69412071098379,2113,2112
41.6980272153135,2104,2090
41.70193371964321,2131,2132
41.70584022397292,2144,2149
41.709746728302626,2112,2109
41.71365323263234,2158,2143
41.717559736962045,2124,2114
41.72146624129176,2138,2128
41.72537274562146,2117,2110
41.72927924995117,2088,2079
41.73318575428088,2083,2082
41.73709225861059,2074,2069
41.7409987629403,2060,2055
41.744905267270006,2035,2044
41.74881177159972,2047,2054
41.752718275929425,2067,2068
41.75662478025914,2034,2050
41.76053128458884,2039,2041
41.76443778891855,2028,2025
41.76834429324826,1991,1993
41.77225079757797,1995,1996
41.77615730190768,1956,1965
41.780063806237386,1972,1972
41.7839703105671,1973,1978
41.787876814896805,1956,1966
41.79178331922652,1949,1952
41.79568982355622,1941,1956
41.799596327885936,1943,1959
41.80350283221564,1975,1980
41.80740933654535,1972,1979
41.81131584087506,1988,1988
41.815222345204766,1967,1972
41.81912884953448,1962,1969
41.823035353864185,1981,1976
41.8269418581939,1974,1970
41.830848362523604,1959,1965
41.83475486685332,1978,1994
41.83866137118302,1946,1949
41.842567875512735,1954,1964
41.84647437984244,1989,1991
41.85038088417215,1978,1986
41.85428738850186,1984,1988
41.858193892831565,1970,1981
41.86210039716128,1982,1995
41.866006901490984,1974,1977
41.8699134058207,1984,1979
41.8738199101504,1977,1987
41.877726414480115,1954,1961
41.88163291880982,1975,1987
41.885539423139534,1918,1934
41.88944592746924,1946,1961
41.893352431798945,1935,1953
41.89725893612866,1953,1962
41.901165440458364,1969,1968
41.90507194478808,1998,1990
41.90897844911778,2011,2009
41.912884953447495,1980,1994
41.9167914577772,1996,1999
41.920697962106914,1972,1975
41.92460446643662,1964,1972
41.92851097076633,1979,1997
41.93241747509604,1966,1983
41.936323979425744,1971,1983
41.94023048375546,1956,1962
41.94413698808516,1963,1963
41.948043492414875,1967,1981
41.95194999674458,1962,1976
41.955856501074294,1961,1959
41.959763005404,1984,1996
41.96366950973371,2012,2012
41.96757601406342,1976,1999
41.97148251839313,1985,1994
41.97538902272284,1988,2003
41.97929552705254,1982,1993
41.983202031382255,1984,1982
41.98710853571196,1986,1980
41.991015040041674,2013,2019
41.99492154437138,2031,2036
41.99882804870109,2033,2034
42.0027345530308,2045,2047
42.00664105736051,2095,2096
42.01054756169022,2080,2080
42.01445406601993,2109,2119
42.018360570349635,2116,2106
42.02226707467934,2116,2096
42.026173579009054,2130,2121
42.03008008333876,2096,2096
42.03398658766847,2128,2123
42.03789309199818,2072,2061
42.04179959632789,2140,2126
42.0457061006576,2119,2108
42.04961260498731,2122,2109
42.053519109317016,2152,2150
42.05742561364673,2160,2149
42.061332117976434,2149,2134
42.06523862230614,2153,2153
42.06914512663585,2132,2119
42.07305163096556,2122,2116
42.07695813529527,2129,2121
42.08086463962498,2121,2104
42.08477114395469,2111,2113
42.088677648284396,2095,2092
42.09258415261411,2084,2072
42.096490656943814,2112,2102
42.10039716127353,2124,2126
42.10430366560323,2143,2140
42.10821016993294,2153,2149
42.11211667426265,2129,2130
42.11602317859236,2152,2146
42.11992968292207,2127,2118
42.123836187251776,2129,2116
42.12774269158149,2132,2143
42.131649195911194,2149,2138
42.13555570024091,2099,2091
42.13946220457061,2121,2115
42.143368708900326,2125,2113
42.14727521323003,2116,2102
42.15118171755974,2129,2131
42.15508822188945,2124,2110
42.158994726219156,2135,2124
42.16290123054887,2137,2125
42.166807734878574,2124,2123
42.17071423920829,2117,2103
42.17462074353799,2115,2110
42.178527247867706,2120,2118
42.18243375219741,2104,2101
42.186340256527124,2097,2083
42.19024676085683,2091,2088
42.194153265186536,2145,2132
42.19805976951625,2131,2122
42.201966273845954,2137,2132
42.20587277817567,2134,2127
42.20977928250537,2150,2142
42.213685786835086,2126,2130
42.21759229116479,2154,2150
42.221498795494504,2113,2118
42.22540529982421,2095,2086
42.22931180415392,2078,2071
42.23321830848363,2097,2105
42.237124812813335,2067,2064
42.24103131714305,2049,2046
42.24493782147275,2053,2049
42.248844325802466,2062,2065
42.25275083013217,2035,2039
42.256657334461885,2052,2055
42.26056383879159,2040,2051
42.2644703431213,2037,2037
42.26837684745101,2019,2026
42.27228335178072,2008,2009
42.27618985611043,1981,1986
42.28009636044013,1957,1961
42.284002864769846,1969,1980
42.28790936909955,1962,1976
42.291815873429265,1943,1955
42.29572237775897,1947,1954
42.29962888208868,1980,1990
42.30353538641839,1963,1977
42.3074418907481,1960,1970
42.31134839507781,1993,2004
42.31525489940752,1994,1999
42.319161403737226,1967,1983
42.32306790806693,1977,1987
42.326974412396645,1986,2001
42.33088091672635,1972,1969
42.33478742105606,1920,1931
42.33869392538577,1945,1960
42.34260042971548,1941,1946
42.34650693404519,1956,1954
42.3504134383749,1981,1985
42.354319942704606,1978,1978
42.35822644703431,1974,1978
42.362132951364025,1971,1978
42.36603945569373,1982,1995
42.36994596002344,1978,1985
42.37385246435315,1942,1950
42.37775896868286,1958,1961
42.38166547301257,1961,1959
42.38557197734228,1950,1956
42.389478481671986,1921,1929
42.3933849860017,1960,1966
42.397291490331405,1967,1961
42.40119799466111,1965,1972
42.40510449899082,1998,2000
42.40901100332053,1963,1981
42.41291750765024,1994,1999
42.41682401197995,1997,2006
42.42073051630966,1980,1990
42.424637020639366,1959,1945
42.42854352496908,1962,1974
42.432450029298785,1978,1976
42.4363565336285,1943,1958
42.4402630379582,1936,1937
42.44416954228791,1948,1957
42.44807604661762,1966,1973
42.45198255094733,1959,1975
42.45588905527704,1960,1970
42.45979555960675,1982,1994
42.46370206393646,1996,2002
42.467608568266165,1970,1975
42.47151507259588,1966,1981
42.475421576925584,2003,2000
42.4793280812553,1973,1976
42.483234585585,1994,1986
42.48714108991471,1990,2000
42.49104759424442,1972,1976
42.49495409857413,2020,2019
42.49886060290384,2020,2032
42.502767107233545,2049,2056
42.50667361156326,2103,2102
42.510580115892964,2097,2081
42.51448662022268,2091,2088
42.51839312455238,2113,2108
42.522299628882095,2102,2102
42.5262061332118,2115,2109
42.53011263754151,2107,2102
42.53401914187122,2118,2109
42.537925646200925,2115,2109
42.54183215053064,2101,2096
42.545738654860344,2126,2110
42.54964515919006,2117,2108
42.55355166351976,2149,2134
42.557458167849475,2147,2139
42.56136467217918,2148,2140
42.565271176508894,2150,2137
42.5691776808386,2154,2142
42.573084185168305,2124,2125
42.57699068949802,2123,2116
42.580897193827724,2116,2111
42.58480369815744,2111,2097
42.58871020248714,2105,2103
42.592616706816855,2121,2112
42.59652321114656,2131,2119
42.600429715476274,2125,2112
42.60433621980598,2140,2139
42.60824272413569,2150,2140
42.6121492284654,2174,2161
42.616055732795104,2148,2136
42.61996223712482,2128,2118
42.62386874145452,2135,2128
42.627775245784235,2139,2137
42.63168175011394,2145,2128
42.635588254443654,2094,2099
42.63949475877336,2112,2113
42.64340126310307,2118,2112
42.64730776743278,2106,2114
42.65121427176249,2130,2120
42.6551207760922,2132,2132
42.6590272804219,2124,2122
42.662933784751615,2140,2126
42.66684028908132,2150,2144
42.670746793411034,2150,2138
42.67465329774074,2105,2097
42.67855980207045,2101,2094
42.68246630640016,2114,2107
42.68637281072987,2115,2112
42.69027931505958,2115,2101
42.69418581938929,2106,2105
42.698092323718996,2109,2098
42.7019988280487,2141,2137
42.705905332378414,2135,2124
42.70981183670812,2152,2143
42.71371834103783,2139,2133
42.71762484536754,2124,2123
42.72153134969725,2118,2112
42.72543785402696,2102,2087
42.72934435835667,2090,2088
42.733250862686376,2112,2103
42.73715736701609,2091,2089
42.741063871345794,2057,2058
42.7449703756755,2030,2024
42.74887688000521,2077,2073
42.75278338433492,2049,2046
42.75668988866463,2041,2043
42.76059639299434,2038,2029
42.76450289732405,2028,2036
42.768409401653756,2036,2033
42.77231590598347,1985,1986
42.776222410313174,1989,2004
42.78012891464289,1965,1969
42.78403541897259,1948,1960
42.7879419233023,1962,1975
42.79184842763201,1941,1954
42.79575493196172,1963,1977
42.79966143629143,1949,1956
42.803567940621136,1963,1968
42.80747444495085,2004,2013
42.811380949280554,1982,1983
42.81528745361027,1998,2007
42.81919395793997,1995,1991
42.823100462269686,1986,1991
42.82700696659939,1945,1943
42.8309134709291,1974,1984
42.83481997525881,1971,1984
42.838726479588516,1962,1973
42.84263298391823,1954,1958
42.846539488247934,1956,1964
42.85044599257765,1964,1967
42.85435249690735,1971,1984
42.858259001237066,1990,1993
42.86216550556677,1998,1994
42.866072009896484,1963,1977
42.86997851422619,1952,1960
42.873885018555896,1967,1982
42.87779152288561,1943,1951
42.881698027215315,1932,1945
42.88560453154503,1953,1960
42.88951103587473,1951,1959
42.893417540204446,1946,1959
42.89732404453415,1954,1955
42.901230548863865,1978,1984
42.90513705319357,2011,2016
42.90904355752328,1990,2004
42.91295006185299,1982,1988
42.916856566182695,2001,1999
42.92076307051241,2001,2013
42.92466957484211,1979,1988
42.928576079171826,1953,1953
42.93248258350153,1948,1955
42.936389087831245,1976,1977
42.94029559216095,1937,1943
42.94420209649066,1959,1961
42.94810860082037,1962,1960
42.95201510515008,1968,1985
42.95592160947979,1954,1969
42.95982811380949,1970,1972
42.963734618139206,2013,2014
42.96764112246891,1959,1961
42.971547626798625,1987,1994
42.97545413112833,1989,1986
42.97936063545804,1992,2011
42.98326713978775,1977,1989
42.98717364411746,1986,1992
42.99108014844717,1974,1984
42.99498665277687,2026,2031
42.998893157106586,2051,2055
43.00279966143629,2070,2074
43.006706165766005,2105,2096
43.01061267009571,2097,2091
43.01451917442542,2109,2104
43.01842567875513,2117,2105
43.02233218308484,2115,2112
43.02623868741455,2090,2089
43.03014519174426,2109,2101
43.034051696073966,2101,2097
43.03795820040367,2105,2098
43.041864704733385,2108,2096
43.04577120906309,2128,2126
43.0496777133928,2142,2139
43.05358421772251,2150,2138
43.05749072205222,2133,2128
43.06139722638193,2123,2116
43.06530373071164,2143,2132
43.069210235041346,2152,2138
43.07311673937106,2127,2123
43.077023243700765,2130,2129
43.08092974803047,2094,2097
43.08483625236018,2088,2080
43.08874275668989,2091,2081
43.0926492610196,2124,2111
43.09655576534931,2100,2092
43.10046226967902,2123,2113
43.10436877400873,2157,2139
43.10827527833844,2158,2147
43.112181782668145,2139,2132
43.11608828699786,2139,2128
43.119994791327564,2142,2134
43.12390129565727,2131,2128
43.12780779998698,2135,2130
43.13171430431669,2107,2097
43.1356208086464,2127,2119
43.13952731297611,2107,2110
43.14343381730582,2111,2104
43.147340321635525,2108,2107
43.15124682596524,2144,2134
43.155153330294944,2150,2138
43.15905983462466,2124,2108
43.16296633895436,2139,2138
43.16687284328407,2155,2146
43.17077934761378,2122,2110
43.17468585194349,2126,2130
43.1785923562732,2132,2129
43.182498860602905,2089,2082
43.18640536493262,2108,2108
43.190311869262324,2122,2109
43.19421837359204,2118,2105
43.19812487792174,2127,2120
43.202031382251455,2127,2122
43.20593788658116,2135,2139
43.20984439091087,2159,2140
43.21375089524058,2146,2134
43.217657399570285,2139,2140
43.2215639039,2128,2118
43.225470408229704,2073,2072
43.22937691255942,2082,2082
43.23328341688912,2070,2070
43.237189921218835,2072,2070
43.24109642554854,2048,2047
43.245002929878254,2069,2060
43.24890943420796,2064,2075
43.252815938537665,2050,2057
43.25672244286738,2017,2031
43.260628947197084,2010,2011
43.2645354515268,2004,2014
43.2684419558565,2016,2026
43.272348460186215,1979,1981
43.27625496451592,1980,1993
43.280161468845634,1958,1967
43.28406797317534,1949,1957
43.28797447750505,1952,1962
43.29188098183476,1955,1957
43.295787486164464,1962,1974
43.29969399049418,1943,1943
43.30360049482388,1984,1988
43.307506999153595,2000,1995
43.3114135034833,1977,1993
43.315320007813014,1968,1978
43.31922651214272,1935,1953
43.32313301647243,1963,1965
43.32703952080214,1950,1963
43.33094602513185,1946,1965
43.33485252946156,1964,1974
43.33875903379126,1947,1976
43.342665538120976,1937,1948
43.34657204245068,1964,1971
43.350478546780394,1956,1971
43.3543850511101,1955,1968
43.35829155543981,2000,2006
43.36219805976952,1997,2007
43.36610456409923,1976,1977
43.37001106842894,1978,1982
43.37391757275865,1930,1942
43.377824077088356,1942,1950
43.38173058141806,1949,1965
43.385637085747774,1947,1960
43.38954359007748,1947,1947
43.39345009440719,1965,1971
43.3973565987369,1940,1950
43.40126310306661,1941,1946
43.40516960739632,1985,1993
43.40907611172603,1992,1991
43.412982616055736,1990,1993
43.41688912038545,1998,2007
43.420795624715154,1970,1976
43.42470212904486,1974,1975
43.42860863337457,1953,1962
43.43251513770428,1940,1949
43.43642164203399,1954,1952
43.4403281463637,1957,1966
43.44423465069341,1940,1952
43.448141155023116,1962,1983
43.45204765935283,1958,1975
43.455954163682534,1987,1987
43.45986066801225,1981,1988
43.46376717234195,1976,1984
43.46767367667166,2010,2024
43.47158018100137,1990,1990
43.47548668533108,1985,1995
43.47939318966079,1982,1989
43.483299693990496,1971,1973
43.48720619832021,1982,1992
43.491112702649914,1987,1983
43.49501920697963,2002,2015
43.49892571130933,2040,2037
43.502832215639046,2074,2074
43.50673871996875,2070,2071
43.51064522429846,2094,2100
43.51455172862817,2079,2076
43.518458232957876,2090,2085
43.52236473728759,2120,2102
43.526271241617295,2101,2098
43.53017774594701,2078,2072
43.53408425027671,2102,2105
43.537990754606426,2098,2092
43.54189725893613,2109,2101
43.545803763265845,2104,2108
43.54971026759555,2107,2102
43.553616771925256,2159,2144
43.55752327625497,2132,2124
43.561429780584675,2126,2129
43.56533628491439,2125,2128
43.56924278924409,2135,2114
43.573149293573806,2146,2146
43.57705579790351,2134,2126
43.580962302233225,2120,2114
43.58486880656293,2110,2095
43.58877531089264,2101,2100
43.59268181522235,2093,2089
43.596588319552055,2116,2106
43.60049482388177,2124,2124
43.60440132821147,2148,2132
43.608307832541186,2151,2143
43.61221433687089,2162,2151
43.616120841200605,2147,2134
43.62002734553031,2142,2134
43.62393384986002,2124,2115
43.62784035418973,2125,2111
43.631746858519435,2110,2110
43.63565336284915,2122,2111
43.63955986717885,2111,2101
43.643466371508566,2123,2116
43.64737287583827,2121,2113
43.651279380167985,2140,2125
43.65518588449769,2106,2101
43.6590923888274,2135,2123
43.66299889315711,2118,2105
43.66690539748682,2116,2114
43.67081190181653,2124,2114
43.67471840614623,2128,2126
43.678624910475946,2151,2156
43.68253141480565,2117,2102
43.686437919135365,2085,2079
43.69034442346507,2104,2095
43.69425092779478,2137,2125
43.69815743212449,2097,2087
43.7020639364542,2107,2097
43.70597044078391,2140,2136
43.70987694511362,2144,2140
43.713783449443326,2169,2162
43.71768995377303,2123,2127
43.721596458102745,2120,2114
43.72550296243245,2099,2097
43.729409466762164,2088,2091
43.73331597109187,2066,2073
43.73722247542158,2062,2062
43.74112897975129,2052,2061
43.745035484081,2051,2051
43.74894198841071,2034,2028
43.75284849274042,2052,2044
43.756754997070125,2045,2045
43.76066150139983,2018,2025
43.764568005729544,2012,2027
43.76847451005925,2005,2002
43.77238101438896,1989,1991
43.77628751871867,2000,2002
43.78019402304838,1974,1972
43.78410052737809,1954,1962
43.7880070317078,1946,1959
43.791913536037505,1955,1977
43.79582004036722,1922,1929
43.799726544696924,1955,1959
43.80363304902663,1973,1987
43.80753955335634,1984,1987
43.81144605768605,1998,2007
43.81535256201576,1996,2010
43.81925906634547,1960,1957
43.82316557067518,1958,1968
43.827072075004885,1960,1967
43.8309785793346,1955,1968
43.834885083664304,1954,1964
43.83879158799402,1954,1957
43.84269809232372,1943,1964
43.84660459665343,1950,1973
43.85051110098314,1965,1978
43.85441760531285,1974,1987
43.85832410964256,1993,1987
43.862230613972265,1983,1984
43.86613711830198,1976,1984
43.870043622631684,1975,1972
43.8739501269614,1938,1952
43.8778566312911,1930,1947
43.881763135620815,1935,1955
43.88566963995052,1958,1973
43.88957614428023,1961,1968
43.89348264860994,1958,1981
43.897389152939645,1956,1965
43.90129565726936,1974,1985
43.905202161599064,1992,1997
43.90910866592878,1991,1996
43.91301517025848,1993,1991
43.916921674588195,1980,1988
43.9208281789179,1967,1973
43.924734683247614,1981,1981
43.92864118757732,1990,2000
43.932547691907025,1959,1966
43.93645419623674,1957,1963
43.940360700566444,1974,1976
43.94426720489616,1958,1966
43.94817370922586,1970,1974
43.952080213555575,1956,1957
43.95598671788528,1988,1987
43.959893222214994,1980,1987
43.9637997265447,1992,1994
43.96770623087441,1987,2004
43.97161273520412,1997,2000
43.975519239533824,1992,1996
43.97942574386354,1996,2005
43.98333224819324,1982,1979
43.987238752522956,1992,1990
43.99114525685266,2003,2009
43.995051761182374,2032,2037
43.99895826551208,2030,2027
44.00286476984179,2065,2061
44.0067712741715,2084,2076
44.01067777850121,2110,2099
44.01458428283092,2095,2094
44.01849078716062,2117,2110
44.022397291490336,2094,2097
44.02630379582004,2141,2127
44.030210300149754,2093,2074
44.03411680447946,2117,2116
44.03802330880917,2118,2118
44.04192981313888,2109,2107
44.04583631746859,2096,2104
44.0497428217983,2123,2114
44.05364932612801,2137,2127
44.057555830457716,2151,2148
44.06146233478742,2138,2124
44.065368839117134,2132,2124
44.06927534344684,2139,2133
44.07318184777655,2137,2136
44.07708835210626,2130,2133
44.08099485643597,2108,2092
44.08490136076568,2104,2101
44.08880786509539,2112,2095
44.092714369425096,2110,2101
44.09662087375481,2120,2115
44.100527378084514,2132,2129
44.10443388241422,2142,2131
44.10834038674393,2131,2130
44.11224689107364,2161,2154
44.11615339540335,2148,2145
44.12005989973306,2123,2119
44.12396640406277,2150,2138
44.127872908392476,2117,2115
44.13177941272219,2121,2117
44.135685917051894,2120,2120
44.13959242138161,2089,2076
44.14349892571131,2101,2095
44.14740543004102,2102,2096
44.15131193437073,2123,2113
44.15521843870044,2138,2135
44.15912494303015,2154,2154
44.163031447359856,2145,2147
44.16693795168957,2151,2130
44.170844456019275,2142,2136
44.17475096034899,2132,2126
44.17865746467869,2124,2115
44.182563969008406,2124,2122
44.18647047333811,2099,2083
44.19037697766782,2105,2100
44.19428348199753,2095,2094
44.198189986327236,2149,2142
44.20209649065695,2151,2140
44.206002994986655,2140,2122
44.20990949931637,2162,2152
44.21381600364607,2157,2141
44.217722507975786,2133,2128
44.22162901230549,2139,2126
44.225535516635205,2111,2093
44.22944202096491,2062,2055
44.233348525294616,2059,2052
44.23725502962433,2067,2067
44.241161533954035,2051,2046
44.24506803828375,2027,2031
44.24897454261345,2041,2050
44.252881046943166,2045,2039
44.25678755127287,2046,2044
44.260694055602585,2025,2038
44.26460055993229,2003,2008
44.268507064261996,2005,2007
44.27241356859171,2009,2016
44.276320072921415,1967,1971
44.28022657725113,1975,1972
44.28413308158083,1959,1966
44.288039585910546,1966,1970
44.29194609024025,1961,1967
44.295852594569965,1946,1948
44.29975909889967,1958,1974
44.30366560322938,1976,1971
44.30757210755909,1968,1967
44.311478611888795,1966,1956
44.31538511621851,1980,1984
44.31929162054821,1975,1989
44.323198124877926,1974,1980
44.32710462920763,1969,1971
44.331011133537345,1971,1972
44.33491763786705,1944,1962
44.33882414219676,1965,1968
44.34273064652647,1961,1978
44.34663715085618,1962,1981
44.35054365518589,1957,1959
44.354450159515594,1979,1991
44.358356663845306,1998,2000
44.36226316817501,1979,1991
44.366169672504725,1975,1972
44.37007617683443,1966,1975
44.373982681164144,1971,1976
44.37788918549385,1951,1957
44.38179568982356,1947,1959
44.38570219415327,1946,1966
44.38960869848298,1942,1945
44.39351520281269,1956,1969
44.39742170714239,1967,1965
44.401328211472105,1977,1984
44.40523471580181,1992,1999
44.409141220131524,1983,1989
44.41304772446123,1968,1972
44.41695422879094,1996,2001
44.42086073312065,1977,1989
44.42476723745036,1990,1997
44.42867374178007,1966,1979
44.43258024610978,1952,1957
44.436486750439485,1955,1955
44.44039325476919,1935,1944
44.444299759098904,1957,1973
44.44820626342861,1980,1976
44.45211276775832,1958,1965
44.45601927208803,1996,2008
44.45992577641774,1979,1990
44.46383228074745,1966,1966
44.46773878507716,1979,1984
44.471645289406865,1967,1975
44.47555179373658,1983,1993
44.479458298066284,1989,2008
44.48336480239599,2002,2005
44.4872713067257,1994,2016
44.49117781105541,2007,2014
44.49508431538512,2020,2020
44.49899081971483,2027,2025
44.50289732404454,2064,2058
44.506803828374245,2067,2070
44.51071033270396,2095,2089
44.514616837033664,2082,2079
44.51852334136338,2116,2103
44.52242984569308,2123,2113
44.52633635002279,2105,2089
44.5302428543525,2106,2099
44.53414935868221,2113,2106
44.53805586301192,2110,2096
44.541962367341625,2103,2096
44.54586887167134,2111,2108
44.549775376001044,2153,2150
44.55368188033076,2125,2117
44.55758838466046,2146,2136
44.561494888990175,2142,2135
44.56540139331988,2155,2152
44.56930789764959,2137,2125
44.5732144019793,2120,2111
44.577120906309005,2121,2118
44.58102741063872,2099,2088
44.584933914968424,2105,2097
44.58884041929814,2134,2123
44.59274692362784,2090,2089
44.596653427957555,2106,2102
44.60055993228726,2109,2097
44.604466436616974,2138,2122
44.60837294094668,2129,2105
44.612279445276386,2162,2145
44.6161859496061,2141,2126
44.620092453935804,2152,2140
44.62399895826552,2118,2103
44.62790546259522,2134,2130
44.631811966924936,2109,2107
44.63571847125464,2110,2107
44.639624975584354,2118,2112
44.64353147991406,2126,2119
44.64743798424377,2120,2119
44.65134448857348,2116,2113
44.655250992903184,2136,2123
44.6591574972329,2134,2117
44.6630640015626,2167,2155
44.666970505892316,2143,2131
44.67087701022202,2125,2118
44.674783514551734,2119,2123
44.67869001888144,2128,2122
44.68259652321115,2109,2108
44.68650302754086,2123,2124
44.69040953187057,2096,2094
44.69431603620028,2117,2113
44.69822254052998,2115,2104
44.702129044859696,2155,2139
44.7060355491894,2158,2150
44.709942053519114,2144,2127
44.71384855784882,2113,2117
44.71775506217853,2145,2137
44.72166156650824,2122,2118
44.72556807083795,2113,2110
44.72947457516766,2101,2105
44.73338107949737,2073,2077
44.737287583827076,2040,2033
44.74119408815678,2063,2057
44.745100592486494,2056,2061
44.7490070968162,2047,2053
44.75291360114591,2060,2062
44.75682010547562,2038,2050
44.76072660980533,2035,2035
44.76463311413504,2003,1985
44.76853961846475,1985,1994
44.772446122794456,2000,2016
44.77635262712417,1978,1984
44.780259131453874,1958,1970
44.78416563578358,1970,1983
44.78807214011329,1939,1949
44.791978644443,1940,1946
44.79588514877271,1935,1952
44.79979165310242,1962,1976
44.80369815743213,1975,1981
44.807604661761836,1969,1968
44.81151116609155,2004,2014
44.815417670421255,1974,1995
44.81932417475097,1979,1998
44.82323067908067,1956,1966
44.82713718341038,1964,1957
44.83104368774009,1972,1976
44.8349501920698,1956,1966
44.83885669639951,1949,1956
44.842763200729216,1951,1968
44.84666970505893,1971,1982
44.850576209388635,1957,1967
44.85448271371835,1981,2002
44.85838921804805,1979,1990
44.862295722377766,1961,1961
44.86620222670747,1977,1985
44.87010873103718,1980,1980
44.87401523536689,1952,1961
44.877921739696596,1959,1975
44.88182824402631,1941,1947
44.885734748356015,1931,1938
44.88964125268573,1953,1967
44.89354775701543,1957,1969
44.897454261345146,1963,1974
44.90136076567485,1963,1985
44.90526727000456,1977,1988
44.90917377433427,1979,1988
44.913080278663976,1990,1995
44.91698678299369,2003,2012
44.920893287323395,1983,1972
44.92479979165311,1963,1973
44.92870629598281,1972,1987
44.932612800312526,1950,1970
44.93651930464223,1950,1957
44.940425808971945,1947,1948
44.94433231330165,1957,1960
44.948238817631356,1947,1958
44.95214532196107,1989,1989
44.956051826290775,1984,1993
44.95995833062049,1969,1966
44.96386483495019,2008,2016
44.967771339279906,1967,1975
44.97167784360961,1999,2008
44.975584347939325,1976,1988
44.97949085226903,1970,1983
44.98339735659874,1993,1996
44.98730386092845,2008,2022
44.991210365258155,1994,2003
44.99511686958787,2024,2026
44.999023373917574,2044,2043
45.002929878247286,2062,2056
45.00683638257699,2101,2104
45.010742886906705,2088,2082
45.01464939123641,2111,2102
45.018555895566124,2108,2110
45.02246239989583,2097,2093
45.02636890422554,2108,2094
45.03027540855525,2090,2113
45.034181912884954,2112,2111
45.03808841721467,2086,2082
45.04199492154437,2114,2110
45.045901425874085,2133,2128
45.04980793020379,2120,2108
45.053714434533504,2142,2128
45.05762093886321,2123,2122
45.06152744319292,2133,2133
45.06543394752263,2126,2127
45.06934045185234,2123,2117
45.07324695618205,2116,2110
45.07715346051175,2103,2086
45.081059964841465,2104,2102
45.08496646917117,2105,2105
45.088872973500884,2104,2090
45.09277947783059,2126,2126
45.0966859821603,2115,2103
45.10059248649001,2144,2139
45.10449899081972,2118,2108
45.10840549514943,2151,2143
45.11231199947914,2138,2128
45.116218503808845,2126,2122
45.12012500813855,2136,2130
45.124031512468264,2123,2111
45.12793801679797,2104,2088
45.13184452112768,2114,2106
45.13575102545739,2114,2099
45.1396575297871,2124,2114
45.14356403411681,2089,2094
45.14747053844652,2122,2118
45.151377042776225,2145,2142
45.15528354710594,2153,2146
45.159190051435644,2129,2125
45.16309655576535,2141,2132
45.16700306009506,2151,2135
45.17090956442477,2124,2120
45.17481606875448,2120,2120
45.17872257308419,2139,2131
45.1826290774139,2111,2108
45.186535581743605,2095,2092
45.19044208607332,2095,2081
45.194348590403024,2116,2107
45.19825509473274,2113,2102
45.20216159906244,2122,2103
45.20606810339215,2157,2148
45.20997460772186,2146,2135
45.21388111205157,2138,2132
45.21778761638128,2127,2122
45.221694120710985,2122,2115
45.2256006250407,2096,2096
45.229507129370404,2077,2077
45.23341363370012,2081,2064
45.23732013802982,2072,2065
45.241226642359536,2064,2068
45.24513314668924,2019,2022
45.24903965101895,2043,2052
45.25294615534866,2027,2029
45.256852659678366,2044,2047
45.26075916400808,2040,2042
45.264665668337784,2037,2028
45.2685721726675,2013,2028
45.2724786769972,1994,2006
45.276385181326916,1960,1967
45.28029168565662,2000,2002
45.284198189986334,1973,1978
45.28810469431604,1951,1950
45.292011198645746,1948,1960
45.29591770297546,1969,1979
45.299824207305164,1966,1976
45.30373071163488,1966,1973
45.30763721596458,1964,1978
45.311543720294296,1977,1976
45.315450224624,1987,2005
45.319356728953714,1969,1986
45.32326323328342,1980,1973
45.32716973761313,1963,1968
45.33107624194284,1970,1975
45.334982746272544,1936,1951
45.33888925060226,1951,1957
45.34279575493196,1969,1979
45.346702259261676,1967,1971
45.35060876359138,1963,1981
45.354515267921094,1991,1992
45.3584217722508,1992,1994
45.36232827658051,1997,2004
45.36623478091022,1970,1972
45.37014128523993,1960,1973
45.37404778956964,1940,1951
45.37795429389934,1962,1976
45.381860798229056,1942,1952
45.38576730255876,1928,1937
45.389673806888474,1938,1948
45.39358031121818,1957,1965
45.39748681554789,1953,1966
45.4013933198776,1957,1963
45.40529982420731,1984,1991
45.40920632853702,1982,1984
45.41311283286673,1976,1981
45.417019337196436,1998,1998
45.42092584152614,1983,1982
45.424832345855854,1961,1974
45.42873885018556,1968,1981
45.43264535451527,1972,1985
45.43655185884498,1937,1947
45.44045836317469,1927,1940
45.4443648675044,1943,1951
45.44827137183411,1948,1958
45.452177876163816,1963,1972
45.45608438049353,1957,1967
45.459990884823235,1996,2003
45.46389738915294,1973,1977
45.46780389348265,1983,1998
45.47171039781236,1977,1977
45.47561690214207,1992,1992
45.47952340647178,1986,1994
45.48342991080149,1970,1979
45.487336415131196,1991,1992
45.49124291946091,2012,1996
45.495149423790615,2050,2035
45.49905592812032,2041,2032
45.50296243245003,2062,2062
45.50686893677974,2063,2064
45.51077544110945,2092,2089
45.51468194543916,2092,2091
45.51858844976887,2123,2113
45.522494954098576,2121,2112
45.52640145842829,2095,2094
45.530307962757995,2115,2108
45.53421446708771,2102,2097
45.53812097141741,2103,2098
45.54202747574712,2122,2124
45.54593398007683,2102,2101
45.54984048440654,2126,2127
45.55374698873625,2138,2123
45.557653493065956,2132,2129
45.56155999739567,2158,2144
45.565466501725375,2134,2124
45.56937300605509,2130,2121
45.57327951038479,2137,2135
45.577186014714506,2096,2088
45.58109251904421,2085,2083
45.58499902337392,2136,2120
45.58890552770363,2086,2078
45.592812032033336,2125,2120
45.59671853636305,2129,2116
45.600625040692755,2134,2129
45.60453154502247,2160,2133
45.60843804935217,2166,2150
45.612344553681886,2158,2137
45.61625105801159,2155,2135
45.620157562341305,2140,2130
45.62406406667101,2126,2124
45.627970571000716,2138,2123
45.63187707533043,2139,2125
45.635783579660135,2123,2125
45.63969008398985,2105,2099
45.643596588319554,2113,2100
45.647503092649266,2126,2119
45.65140959697897,2136,2120
45.655316101308685,2146,2137
45.65922260563839,2157,2140
45.663129109968104,2138,2126
45.66703561429781,2144,2128
45.670942118627515,2157,2145
45.67484862295723,2114,2104
45.678755127286934,2136,2134
45.68266163161665,2109,2112
45.68656813594635,2103,2100
45.690474640276065,2133,2129
45.69438114460577,2111,2101
45.698287648935484,2125,2114
45.70219415326519,2136,2133
45.7061006575949,2148,2143
45.71000716192461,2146,2133
45.713913666254314,2164,2151
45.71782017058403,2089,2083
45.72172667491373,2134,2129
45.725633179243445,2116,2107
45.72953968357315,2094,2088
45.733446187902864,2113,2128
45.73735269223257,2069,2065
45.74125919656228,2023,2026
45.74516570089199,2035,2031
45.7490722052217,2029,2020
45.75297870955141,2042,2051
45.75688521388111,2060,2065
45.760791718210825,2039,2051
45.76469822254053,2023,2032
45.768604726870244,2013,2014
45.77251123119995,1991,2004
45.77641773552966,1967,1971
45.78032423985937,1995,1994
45.78423074418908,1943,1951
45.78813724851879,1942,1957
45.7920437528485,1947,1962
45.795950257178205,1949,1962
45.79985676150791,1948,1954
45.803763265837624,1963,1979
45.80766977016733,1969,1978
45.81157627449704,1967,1971
45.81548277882675,1977,1987
45.81938928315646,1983,1986
45.82329578748617,1977,1990
45.82720229181588,1951,1963
45.831108796145585,1947,1963
45.8350153004753,1968,1971
45.838921804805004,1949,1968
45.84282830913471,1960,1960
45.84673481346442,1933,1948
45.85064131779413,1973,1976
45.85454782212384,1964,1970
45.85845432645355,1981,1985
45.86236083078326,1970,1968
45.866267335112965,1978,1991
45.87017383944268,1961,1966
45.874080343772384,1976,1987
45.8779868481021,1948,1955
45.8818933524318,1970,1980
45.88579985676151,1949,1960
45.88970636109122,1961,1980
45.89361286542093,1950,1951
45.89751936975064,1975,1981
45.901425874080346,1951,1964
45.90533237841006,1993,1998
45.909238882739764,1984,1995
45.91314538706948,1984,1998
45.91705189139918,1999,2009
45.920958395728896,1982,1975
45.9248649000586,1963,1961
45.92877140438831,1995,2003
45.93267790871802,1967,1981
45.936584413047726,1952,1958
45.94049091737744,1968,1976
45.944397421707144,1945,1948
45.94830392603686,1971,1993
45.95221043036656,1977,1979
45.956116934696276,1964,1976
45.96002343902598,1981,1977
45.963929943355694,1969,1971
45.9678364476854,1995,2004
45.971742952015106,2001,2000
45.97564945634482,1999,1993
45.979555960674524,1987,2001
45.98346246500424,1984,1988
45.98736896933394,1993,1996
45.991275473663656,1995,1999
45.99518197799336,2002,2015
45.999088482323074,2050,2047
46.00299498665278,2091,2090
46.00690149098249,2095,2080
46.0108079953122,2103,2104
46.014714499641904,2141,2147
46.01862100397162,2090,2091
46.02252750830132,2123,2113
46.026434012631036,2107,2098
46.03034051696074,2134,2122
46.034247021290454,2105,2104
46.03815352562016,2127,2127
46.04206002994987,2124,2123
46.04596653427958,2115,2110
46.04987303860929,2126,2122
46.053779542939,2154,2138
46.0576860472687,2159,2152
46.061592551598416,2148,2140
46.06549905592812,2173,2162
46.069405560257835,2112,2103
46.07331206458754,2124,2110
46.07721856891725,2121,2118
46.08112507324696,2106,2111
46.08503157757667,2117,2103
46.08893808190638,2095,2082
46.09284458623609,2114,2122
46.096751090565796,2100,2092
46.1006575948955,2141,2122
46.104564099225215,2144,2130
46.10847060355492,2156,2146
46.11237710788463,2151,2134
46.11628361221434,2158,2147
46.12019011654405,2127,2124
46.12409662087376,2157,2146
46.12800312520347,2124,2110
46.131909629533176,2129,2116
46.13581613386288,2115,2113
46.139722638192595,2138,2125
46.1436291425223,2097,2094
46.14753564685201,2143,2119
46.15144215118172,2138,2136
46.15534865551143,2150,2142
46.15925515984114,2126,2123
46.16316166417085,2131,2124
46.167068168500556,2129,2109
46.17097467283027,2127,2106
46.174881177159975,2130,2126
46.17878768148968,2121,2115
46.18269418581939,2101,2108
46.1866006901491,2100,2094
46.19050719447881,2102,2091
46.19441369880852,2108,2093
46.19832020313823,2103,2095
46.202226707467936,2142,2132
46.20613321179765,2148,2140
46.210039716127355,2145,2138
46.21394622045707,2119,2115
46.21785272478677,2145,2142
46.22175922911648,2100,2083
46.22566573344619,2100,2103
46.2295722377759,2103,2103
46.23347874210561,2073,2066
46.237385246435316,2063,2086
46.24129175076503,2044,2031
46.245198255094735,2035,2037
46.24910475942445,2038,2041
46.25301126375415,2028,2040
46.256917768083866,2051,2066
46.26082427241357,2033,2029
46.26473077674328,2001,2003
46.26863728107299,2004,2006
46.272543785402696,1992,1991
46.27645028973241,1990,1997
46.280356794062115,1979,1996
46.28426329839183,1954,1974
46.288169802721534,1982,1991
46.292076307051246,1926,1932
46.29598281138095,1958,1967
46.299889315710665,1966,1978
46.30379582004037,1947,1956
46.30770232437008,1977,1981
46.31160882869979,1992,2004
46.315515333029495,1995,2007
46.31942183735921,1962,1970
46.323328341688914,1985,1991
46.32723484601863,1984,1995
46.33114135034833,1953,1960
46.335047854678045,1958,1974
46.33895435900775,1953,1964
46.342860863337464,1951,1961
46.34676736766717,1965,1974
46.350673871996875,1961,1976
46.35458037632659,1991,2010
46.358486880656294,1975,1987
46.36239338498601,1969,1972
46.36629988931571,1976,1981
46.370206393645425,1962,1971
46.37411289797513,1969,1974
46.378019402304844,1954,1947
46.38192590663455,1976,1977
46.38583241096426,1942,1954
46.38973891529397,1956,1964
46.393645419623674,1968,1977
46.39755192395339,1984,1981
46.40145842828309,1958,1963
46.405364932612805,1988,1997
46.40927143694251,1993,1993
46.413177941272224,1984,1988
46.41708444560193,1985,1995
46.42099094993164,1991,1986
46.42489745426135,1996,1995
46.42880395859106,1980,1985
46.43271046292077,1970,1988
46.43661696725047,1960,1975
46.440523471580185,1946,1959
46.44442997590989,1955,1964
46.448336480239604,1933,1943
46.45224298456931,1984,1985
46.45614948889902,1960,1962
46.46005599322873,1957,1962
46.46396249755844,1990,1996
46.46786900188815,1996,2009
46.47177550621786,1976,1982
46.475682010547565,2000,2007
46.47958851487727,1973,1979
46.483495019206984,1981,1996
46.48740152353669,1992,1986
46.4913080278664,1982,1991
46.49521453219611,2004,1999
46.49912103652582,2030,2044
46.50302754085553,2050,2040
46.50693404518524,2068,2073
46.510840549514946,2096,2104
46.51474705384466,2124,2121
46.518653558174364,2125,2114
46.52256006250407,2106,2097
46.52646656683378,2112,2108
46.53037307116349,2116,2106
46.5342795754932,2094,2089
46.53818607982291,2098,2098
46.54209258415262,2103,2098
46.545999088482326,2116,2117
46.54990559281204,2129,2123
46.553812097141744,2139,2131
46.55771860147146,2148,2138
46.56162510580116,2142,2128
46.56553161013087,2133,2123
46.56943811446058,2131,2133
46.57334461879029,2116,2118
46.57725112312,2098,2096
46.581157627449706,2092,2094
46.58506413177942,2100,2091
46.588970636109124,2108,2109
46.59287714043884,2115,2096
46.59678364476854,2118,2111
46.600690149098256,2136,2126
46.60459665342796,2153,2137
46.60850315775767,2134,2132
46.61240966208738,2157,2151
46.616316166417086,2151,2140
46.6202226707468,2131,2116
46.624129175076504,2150,2145
46.62803567940622,2128,2106
46.63194218373592,2148,2133
46.635848688065636,2132,2126
46.63975519239534,2095,2092
46.643661696725054,2117,2112
46.64756820105476,2137,2125
46.651474705384466,2121,2112
46.65538120971418,2136,2121
46.659287714043884,2141,2127
46.6631942183736,2135,2121
46.6671007227033,2136,2125
46.671007227033016,2115,2099
46.67491373136272,2127,2118
46.678820235692434,2129,2121
46.68272674002214,2104,2102
46.68663324435185,2090,2091
46.69053974868156,2107,2107
46.694446253011265,2118,2113
46.69835275734098,2109,2098
46.70225926167068,2143,2124
46.706165766000396,2131,2119
46.7100722703301,2166,2158
46.713978774659815,2133,2120
46.71788527898952,2140,2120
46.72179178331923,2126,2117
46.72569828764894,2088,2074
46.72960479197865,2092,2082
46.73351129630836,2068,2053
46.73741780063806,2071,2063
46.741324304967776,2080,2084
46.74523080929748,2033,2033
46.749137313627195,2047,2054
46.7530438179569,2069,2076
46.75695032228661,2050,2043
46.76085682661632,2034,2021
46.76476333094603,2017,2020
46.76866983527574,1994,1997
46.77257633960544,2008,2005
46.776482843935156,1989,1986
46.78038934826486,1979,1992
46.784295852594575,1948,1963
46.78820235692428,1942,1961
46.79210886125399,1950,1973
46.7960153655837,1938,1945
46.79992186991341,1960,1964
46.80382837424312,1984,1993
46.80773487857283,1992,1992
46.811641382902536,1990,1992
46.81554788723224,1972,1987
46.819454391561955,1990,1991
46.82336089589166,1980,1984
46.82726740022137,1984,1997
46.83117390455108,1976,1982
46.83508040888079,1960,1976
46.8389869132105,1960,1967
46.84289341754021,1971,1987
46.846799921869916,1939,1956
46.85070642619963,1975,1989
46.854612930529335,1997,1996
46.85851943485904,1973,1982
46.86242593918875,1956,1970
46.86633244351846,1974,1987
46.87023894784817,1969,1993
46.87414545217788,1975,1976
46.87805195650759,1939,1938
46.881958460837296,1950,1955
46.88586496516701,1963,1962
46.889771469496715,1955,1967
46.89367797382643,1934,1954
46.89758447815613,1966,1979
46.90149098248584,1979,1995
46.90539748681555,1981,1982
46.90930399114526,2011,2017
46.91321049547497,2014,2000
46.917116999804676,1991,1991
46.92102350413439,2000,1999
46.924930008464095,1974,1977
46.92883651279381,1961,1968
46.932743017123514,1962,1981
46.936649521453226,1949,1952
46.94055602578293,1949,1957
46.94446253011264,1955,1968
46.94836903444235,1970,1990
46.95227553877206,1966,1987
46.95618204310177,1993,1999
46.960088547431475,1974,1989
46.96399505176119,1982,1993
46.967901556090894,1984,1986
46.97180806042061,1977,1991
46.97571456475031,1964,1962
46.979621069080025,1992,1995
46.98352757340973,1978,1986
46.98743407773944,2008,2006
46.99134058206915,1989,1993
46.995247086398855,2028,2027
46.99915359072857,2041,2051
47.003060095058274,2065,2069
47.00696659938799,2066,2068
47.01087310371769,2089,2085
47.014779608047405,2089,2088
47.01868611237711,2109,2098
47.022592616706824,2103,2094
47.02649912103653,2103,2092
47.030405625366235,2105,2090
47.03431212969595,2094,2081
47.038218634025654,2105,2101
47.04212513835537,2112,2104
47.04603164268507,2088,2078
47.049938147014785,2131,2130
47.05384465134449,2138,2123
47.057751155674204,2119,2112
47.06165766000391,2173,2157
47.06556416433362,2136,2129
47.06947066866333,2133,2121
47.073377172993034,2132,2134
47.07728367732275,2136,2136
47.08119018165245,2101,2087
47.085096685982165,2087,2084
47.08900319031187,2097,2089
47.092909694641584,2107,2103
47.09681619897129,2118,2116
47.100722703301,2138,2133
47.10462920763071,2165,2147
47.10853571196042,2155,2140
47.11244221629013,2170,2154
47.11634872061983,2140,2135
47.120255224949545,2153,2134
47.12416172927925,2139,2126
47.128068233608964,2130,2124
47.13197473793867,2135,2128
47.13588124226838,2103,2094
47.13978774659809,2119,2119
47.1436942509278,2118,2116
47.14760075525751,2140,2127
47.15150725958722,2155,2145
47.155413763916926,2135,2130
47.15932026824663,2132,2119
47.163226772576344,2160,2158
47.16713327690605,2131,2116
47.17103978123576,2117,2111
47.17494628556547,2146,2141
47.17885278989518,2116,2111
47.18275929422489,2105,2095
47.1866657985546,2122,2120
47.190572302884306,2100,2098
47.19447880721402,2120,2121
47.198385311543724,2100,2091
47.20229181587343,2161,2158
47.20619832020314,2144,2122
47.21010482453285,2143,2127
47.21401132886256,2135,2123
47.21791783319227,2142,2123
47.22182433752198,2121,2110
47.225730841851686,2123,2117
47.2296373461814,2085,2078
47.233543850511104,2083,2076
47.23745035484082,2061,2052
47.24135685917052,2039,2027
47.24526336350023,2058,2067
47.24916986782994,2030,2024
47.25307637215965,2049,2044
47.25698287648936,2065,2062
47.260889380819066,2044,2040
47.26479588514878,2022,2025
47.268702389478484,2011,2014
47.2726088938082,1993,1991
47.2765153981379,1968,1979
47.280421902467616,1952,1956
47.28432840679732,1955,1973
47.28823491112703,1941,1947
47.29214141545674,1941,1951
47.296047919786446,1945,1953
47.29995442411616,1929,1939
47.303860928445864,1986,1996
47.30776743277558,1983,1985
47.31167393710528,1987,1991
47.315580441434996,1990,1994
47.3194869457647,1964,1978
47.323393450094414,1989,1999
47.32729995442412,1976,1981
47.331206458753826,1958,1959
47.33511296308354,1943,1957
47.339019467413245,1941,1959
47.34292597174296,1945,1950
47.34683247607266,1936,1947
47.350738980402376,1975,1982
47.35464548473208,1978,1984
47.358551989061795,1984,1980
47.3624584933915,1971,1986
47.36636499772121,1970,1975
47.37027150205092,1978,1996
47.374178006380625,1965,1969
47.37808451071034,1957,1964
47.38199101504004,1943,1950
47.385897519369756,1937,1941
47.38980402369946,1940,1950
47.393710528029175,1942,1957
47.39761703235888,1961,1977
47.40152353668859,1959,1974
47.4054300410183,1980,1986
47.409336545348005,1977,1984
47.41324304967772,1983,1994
47.41714955400742,1963,1960
47.421056058337136,1958,1965
47.42496256266684,1989,2002
47.428869066996555,1980,1989
47.43277557132626,1975,1984
47.43668207565597,1938,1945
47.44058857998568,1943,1947
47.44449508431539,1966,1968
47.4484015886451,1961,1972
47.4523080929748,1984,1991
47.456214597304516,1978,1992
47.46012110163422,1969,1979
47.464027605963935,2006,2016
47.46793411029364,1999,2003
47.47184061462335,1982,1988
47.47574711895306,1989,1999
47.47965362328277,1982,1980
47.48356012761248,2003,2014
47.48746663194219,1967,1965
47.491373136271896,1999,2005
47.4952796406016,2013,2018
47.499186144931315,2042,2045
47.50309264926102,2052,2060
47.50699915359073,2091,2083
47.51090565792044,2110,2110
47.51481216225015,2090,2091
47.51871866657986,2122,2112
47.52262517090957,2112,2101
47.526531675239276,2115,2119
47.53043817956899,2099,2089
47.534344683898695,2100,2095
47.5382511882284,2103,2111
47.54215769255811,2102,2100
47.54606419688782,2116,2103
47.54997070121753,2117,2114
47.55387720554724,2134,2127
47.55778370987695,2147,2132
47.561690214206656,2131,2119
47.56559671853637,2170,2162
47.569503222866075,2145,2146
47.57340972719579,2147,2141
47.577316231525494,2113,2106
47.5812227358552,2105,2089
47.58512924018491,2100,2093
47.58903574451462,2117,2109
47.59294224884433,2123,2121
47.59684875317404,2114,2104
47.60075525750375,2136,2128
47.604661761833455,2152,2144
47.60856826616317,2163,2148
47.612474770492874,2138,2136
47.61638127482259,2152,2141
47.62028777915229,2147,2140
47.624194283482,2123,2112
47.62810078781171,2142,2132
47.63200729214142,2122,2110
47.63591379647113,2081,2075
47.639820300800835,2105,2105
47.64372680513055,2105,2091
47.647633309460254,2131,2132
47.65153981378997,2142,2131
47.65544631811967,2119,2114
47.659352822449385,2143,2134
47.66325932677909,2148,2147
47.6671658311088,2141,2144
47.67107233543851,2133,2125
47.674978839768215,2121,2100
47.67888534409793,2126,2122
47.682791848427634,2108,2098
47.68669835275735,2132,2120
47.69060485708705,2100,2091
47.694511361416765,2106,2108
47.69841786574647,2129,2127
47.702324370076184,2127,2129
47.70623087440589,2143,2129
47.710137378735595,2139,2133
47.71404388306531,2129,2127
47.717950387395014,2134,2122
47.72185689172473,2108,2099
47.72576339605443,2104,2095
47.729669900384145,2097,2089
47.73357640471385,2061,2050
47.737482909043564,2086,2070
47.74138941337327,2061,2064
47.74529591770298,2063,2063
47.74920242203269,2043,2054
47.753108926362394,2027,2033
47.75701543069211,2051,2051
47.76092193502181,2041,2032
47.764828439351525,2012,2021
47.76873494368123,2016,2013
47.772641448010944,1996,2007
47.77654795234065,1976,1994
47.78045445667036,1968,1968
47.78436096100007,1969,1977
47.78826746532978,1953,1970
47.79217396965949,1955,1960
47.79608047398919,1986,2002
47.799986978318906,1979,1989
47.80389348264861,1965,1975
47.807799986978324,2002,2007
47.81170649130803,2006,2019
47.81561299563774,1979,1993
47.81951949996745,1985,2002
47.82342600429716,1985,1995
47.82733250862687,1960,1967
47.83123901295658,1960,1967
47.835145517286286,1969,1983
47.83905202161599,1950,1961
47.842958525945704,1940,1935
47.84686503027541,1946,1970
47.85077153460512,1966,1983
47.85467803893483,1968,1977
47.85858454326454,1967,1978
47.86249104759425,2006,2003
47.86639755192396,2003,2012
47.870304056253666,1976,1984
47.87421056058338,1966,1965
47.878117064913084,1961,1970
47.88202356924279,1945,1949
47.8859300735725,1937,1946
47.88983657790221,1932,1944
47.89374308223192,1955,1969
47.89764958656163,1939,1954
47.90155609089134,1993,1996
47.905462595221046,1995,1999
47.90936909955076,2002,2015
47.913275603880464,1988,2003
47.91718210821018,1975,1988
47.92108861253988,1983,1996
47.92499511686959,1984,1980
47.9289016211993,1953,1964
47.93280812552901,1947,1946
47.93671462985872,1945,1950
47.940621134188426,1937,1943
47.94452763851814,1953,1967
47.948434142847844,1995,2010
47.95234064717756,1961,1972
47.95624715150726,1983,1997
47.960153655836976,1980,1987
47.96406016016668,1964,1964
47.96796666449639,1988,1997
47.9718731688261,1982,1994
47.975779673155806,2005,1998
47.97968617748552,1979,1982
47.983592681815225,1974,1968
47.98749918614494,1998,2010
47.99140569047464,2016,2018
47.995312194804356,2012,2020
47.99921869913406,2040,2040
48.00312520346377,2067,2073
48.00703170779348,2099,2094
48.010938212123186,2117,2114
48.0148447164529,2096,2091
48.018751220782605,2090,2082
48.02265772511232,2113,2099
48.02656422944202,2084,2082
48.030470733771736,2115,2110
48.03437723810144,2113,2110
48.038283742431155,2112,2112
48.04219024676086,2115,2100
48.046096751090566,2127,2122
48.05000325542028,2131,2130
48.053909759749985,2152,2135
48.0578162640797,2142,2131
48.0617227684094,2155,2141
48.065629272739116,2151,2130
48.06953577706882,2129,2119
48.073442281398535,2139,2123
48.07734878572824,2134,2118
48.08125529005795,2114,2104
48.08516179438766,2122,2116
48.089068298717365,2091,2090
48.09297480304708,2109,2100
48.09688130737678,2123,2121
48.100787811706496,2126,2116
48.1046943160362,2155,2145
48.108600820365915,2157,2138
48.11250732469562,2150,2130
48.11641382902533,2159,2147
48.12032033335504,2150,2136
48.12422683768475,2110,2106
48.12813334201446,2107,2104
48.13203984634416,2132,2125
48.135946350673876,2096,2091
48.13985285500358,2104,2113
48.143759359333295,2132,2120
48.147665863663,2128,2117
48.15157236799271,2122,2117
48.15547887232242,2131,2126
48.15938537665213,2128,2116
48.16329188098184,2138,2122
48.16719838531155,2122,2131
48.171104889641256,2149,2135
48.17501139397096,2130,2118
48.178917898300675,2120,2105
48.18282440263038,2116,2109
48.18673090696009,2096,2094
48.1906374112898,2115,2107
48.19454391561951,2131,2123
48.19845041994922,2120,2116
48.20235692427893,2146,2133
48.206263428608636,2154,2149
48.21016993293835,2143,2127
48.214076437268055,2149,2145
48.21798294159776,2125,2114
48.221889445927474,2126,2112
48.22579595025718,2126,2120
48.22970245458689,2102,2095
48.2336089589166,2066,2068
48.23751546324631,2057,2055
48.24142196757602,2049,2044
48.24532847190573,2065,2076
48.249234976235435,2034,2031
48.25314148056515,2051,2052
48.257047984894854,2050,2063
48.26095448922456,2055,2060
48.26486099355427,2031,2039
48.26876749788398,1992,2005
48.27267400221369,1981,1977
48.2765805065434,1961,1974
48.28048701087311,1952,1963
48.284393515202815,1965,1969
48.28830001953253,1917,1923
48.292206523862234,1951,1965
48.29611302819195,1936,1947
48.30001953252165,1972,1976
48.30392603685136,1981,1990
48.30783254118107,1984,2005
48.31173904551078,1967,1977
48.31564554984049,1985,1986
48.319552054170195,1974,1988
48.32345855849991,1988,1998
48.327365062829614,1973,1977
48.33127156715933,1953,1971
48.33517807148903,1934,1947
48.339084575818745,1944,1971
48.34299108014845,1950,1952
48.34689758447816,1980,1975
48.35080408880787,1980,1985
48.354710593137575,1980,1983
48.35861709746729,1993,2004
48.362523601796994,1979,1989
48.36643010612671,1962,1954
48.37033661045641,1963,1977
48.374243114786125,1969,1978
48.37814961911583,1954,1962
48.382056123445544,1938,1936
48.38596262777525,1959,1967
48.389869132104955,1951,1969
48.39377563643467,1957,1957
48.397682140764374,1972,1966
48.40158864509409,1977,1985
48.40549514942379,1981,1987
48.409401653753505,1990,1991
48.41330815808321,1972,1975
48.417214662412924,2003,2010
48.42112116674263,1969,1978
48.42502767107234,1960,1976
48.42893417540205,1957,1969
48.432840679731754,1969,1980
48.43674718406147,1931,1945
48.44065368839117,1941,1943
48.444560192720886,1970,1964
48.44846669705059,1947,1953
48.452373201380304,1961,1978
48.45627970571001,1991,1993
48.46018621003972,1975,1979
48.46409271436943,1974,1982
48.46799921869914,1980,1994
48.47190572302885,2007,2018
48.47581222735855,1980,1977
48.479718731688266,2005,2005
48.48362523601797,1986,1998
48.487531740347684,1979,1998
48.49143824467739,1995,2003
48.4953447490071,2002,2007
48.49925125333681,2039,2043
48.50315775766652,2057,2066
48.50706426199623,2083,2089
48.51097076632594,2105,2094
48.514877270655646,2106,2107
48.51878377498535,2099,2091
48.522690279315064,2119,2119
48.52659678364477,2083,2072
48.53050328797448,2125,2105
48.53440979230419,2122,2107
48.5383162966339,2123,2114
48.54222280096361,2109,2106
48.54612930529332,2103,2098
48.550035809623026,2137,2125
48.55394231395274,2141,2125
48.557848818282444,2163,2149
48.56175532261215,2161,2143
48.56566182694186,2151,2147
48.56956833127157,2142,2139
48.57347483560128,2112,2099
48.57738133993099,2122,2121
48.5812878442607,2101,2111
48.585194348590406,2109,2103
48.58910085292012,2113,2103
48.593007357249824,2126,2105
48.59691386157954,2122,2107
48.60082036590924,2136,2116
48.60472687023895,2132,2123
48.60863337456866,2145,2137
48.61253987889837,2148,2148
48.61644638322808,2142,2137
48.620352887557786,2135,2131
48.6242593918875,2144,2127
48.628165896217205,2126,2121
48.63207240054692,2098,2097
48.63597890487662,2103,2098
48.63988540920633,2097,2081
48.64379191353604,2113,2110
48.64769841786575,2123,2127
48.65160492219546,2149,2142
48.655511426525166,2137,2140
48.65941793085488,2134,2127
48.663324435184585,2127,2122
48.6672309395143,2119,2114
48.671137443844,2126,2118
48.675043948173716,2127,2112
48.67895045250342,2124,2115
48.68285695683313,2115,2094
48.68676346116284,2119,2117
48.690669965492546,2108,2106
48.69457646982226,2095,2089
48.698482974151965,2099,2093
48.70238947848168,2153,2142
48.70629598281138,2148,2143
48.710202487141096,2154,2137
48.7141089914708,2129,2120
48.718015495800515,2139,2136
48.72192200013022,2126,2111
48.725828504459926,2121,2108
48.72973500878964,2090,2080
48.733641513119345,2070,2067
48.73754801744906,2095,2085
48.74145452177876,2062,2056
48.745361026108476,2029,2031
48.74926753043818,2049,2052
48.753174034767895,2055,2043
48.7570805390976,2031,2025
48.76098704342731,2037,2035
48.76489354775702,2040,2045
48.768800052086725,2016,2020
48.77270655641644,1979,1990
48.77661306074614,1976,1976
48.780519565075856,1952,1956
48.78442606940556,1975,1975
48.788332573735275,1960,1964
48.79223907806498,1947,1957
48.79614558239469,1952,1968
48.8000520867244,1956,1957
48.80395859105411,1986,1988
48.80786509538382,1968,1978
48.81177159971352,1973,1972
48.815678104043236,1971,1985
48.81958460837294,1968,1964
48.823491112702655,1957,1962
48.82739761703236,1942,1955
48.83130412136207,1970,1978
48.83521062569178,1951,1961
48.83911713002149,1964,1967
48.8430236343512,1959,1968
48.84693013868091,1953,1964
48.85083664301062,1953,1958
48.85474314734032,1999,2011
48.858649651670035,1995,2004
48.86255615599974,1991,2000
48.866462660329454,1992,1992
48.87036916465916,1988,1995
48.87427566898887,1958,1962
48.87818217331858,1980,1981
48.88208867764829,1946,1965
48.885995181978,1943,1972
48.88990168630771,1940,1953
48.893808190637415,1947,1958
48.89771469496712,1969,1983
48.901621199296834,1984,1988
48.90552770362654,1978,1988
48.90943420795625,2002,2001
48.91334071228596,2002,2016
48.91724721661567,2008,2014
48.92115372094538,1958,1973
48.92506022527509,1994,2006
48.928966729604795,1974,1972
48.93287323393451,1970,1970
48.936779738264214,1954,1960
48.94068624259392,1944,1950
48.94459274692363,1965,1969
48.94849925125334,1977,1987
48.95240575558305,1953,1958
48.95631225991276,1967,1969
48.96021876424247,2003,2009
48.964125268572175,1974,1986
48.96803177290189,1993,2005
48.971938277231594,1974,1980
48.97584478156131,1987,1998
48.97975128589101,1992,1985
48.98365779022072,1986,1987
48.98756429455043,1977,1981
48.99147079888014,1991,2000
48.99537730320985,2035,2028
48.999283807539555,2046,2050
49.00319031186927,2067,2066
49.007096816198974,2090,2097
49.01100332052869,2084,2083
49.01490982485839,2096,2101
49.018816329188105,2118,2108
49.02272283351781,2102,2100
49.02662933784752,2118,2100
49.03053584217723,2110,2103
49.034442346506935,2079,2075
49.03834885083665,2090,2081
49.042255355166354,2097,2104
49.04616185949607,2138,2126
49.05006836382577,2134,2119
49.053974868155485,2121,2122
49.05788137248519,2146,2139
49.061787876814904,2142,2126
49.06569438114461,2131,2132
49.069600885474316,2126,2124
49.07350738980403,2128,2124
49.077413894133734,2132,2126
49.08132039846345,2110,2109
49.08522690279315,2105,2087
49.089133407122866,2117,2125
49.09303991145257,2117,2115
49.096946415782284,2105,2104
49.10085292011199,2132,2114
49.1047594244417,2134,2123
49.10866592877141,2151,2142
49.112572433101114,2146,2145
49.11647893743083,2133,2130
49.12038544176053,2141,2135
49.124291946090246,2131,2131
49.12819845041995,2124,2126
49.132104954749664,2118,2124
49.13601145907937,2116,2109
49.13991796340908,2104,2095
49.14382446773879,2104,2098
49.1477309720685,2132,2125
49.15163747639821,2133,2130
49.15554398072791,2127,2122
49.159450485057626,2140,2122
49.16335698938733,2124,2110
49.167263493717044,2122,2118
49.17116999804675,2116,2111
49.17507650237646,2113,2121
49.17898300670617,2108,2111
49.18288951103588,2132,2113
49.18679601536559,2085,2093
49.1907025196953,2129,2125
49.194609024025006,2127,2119
49.19851552835471,2110,2099
49.202422032684424,2142,2136
49.20632853701413,2141,2121
49.21023504134384,2139,2137
49.21414154567355,2142,2137
49.21804805000326,2124,2120
49.22195455433297,2114,2113
49.22586105866268,2089,2093
49.229767562992386,2095,2096
49.2336740673221,2085,2083
49.237580571651804,2058,2065
49.24148707598151,2052,2053
49.24539358031122,2043,2044
49.24930008464093,2051,2044
49.25320658897064,2060,2063
49.25711309330035,2028,2027
49.26101959763006,2054,2065
49.264926101959766,2022,2023
49.26883260628948,1988,1993
49.272739110619185,1980,1984
49.27664561494889,1998,1995
49.2805521192786,1962,1963
49.28445862360831,1947,1947
49.28836512793802,1946,1959
49.29227163226773,1964,1973
49.29617813659744,1929,1937
49.300084640927146,1959,1955
49.30399114525686,1968,1963
49.307897649586565,1998,2000
49.31180415391628,1990,1997
49.31571065824598,2021,2033
49.31961716257569,2000,2018
49.3235236669054,1994,1993
49.32743017123511,1972,1976
49.33133667556482,1963,1957
49.335243179894526,1954,1963
49.33914968422424,1952,1958
49.343056188553945,1972,1967
49.34696269288366,1962,1963
49.35086919721336,1977,1977
49.354775701543076,1966,1978
49.35868220587278,1972,1975
49.36258871020249,1973,1975
49.3664952145322,1958,1974
49.370401718861906,1978,1976
49.37430822319162,1946,1961
49.378214727521325,1958,1976
49.38212123185104,1961,1962
49.38602773618074,1940,1940
49.389934240510456,1929,1943
49.39384074484016,1934,1937
49.397747249169875,1957,1974
49.40165375349958,1978,1981
49.405560257829286,1950,1962
49.409466762159,2013,2015
49.413373266488705,2001,2012
49.41727977081842,1975,1984
49.42118627514812,1985,1993
49.425092779477836,1974,1974
49.42899928380754,1956,1964
49.432905788137255,1935,1958
49.43681229246696,1965,1967
49.44071879679667,1943,1958
49.44462530112638,1966,1974
49.448531805456085,1978,1984
49.4524383097858,1963,1967
49.4563448141155,1996,2005
49.460251318445216,1984,1992
49.46415782277492,1966,1978
49.468064327104635,1980,1989
49.47197083143434,1996,2007
49.475877335764054,1973,1983
49.47978384009376,1963,1975
49.48369034442347,2006,2014
49.48759684875318,2000,1999
49.491503353082884,2019,2023
49.4954098574126,2033,2027
49.4993163617423,2060,2060
49.503222866072015,2073,2081
49.50712937040172,2092,2083
49.511035874731434,2085,2085
49.51494237906114,2112,2102
49.51884888339085,2108,2092
49.52275538772056,2097,2088
49.52666189205027,2103,2094
49.53056839637998,2127,2109
49.53447490070968,2126,2122
49.538381405039395,2090,2099
49.5422879093691,2112,2101
49.546194413698814,2108,2102
49.55010091802852,2120,2124
49.55400742235823,2156,2158
49.55791392668794,2137,2121
49.56182043101765,2129,2111
49.56572693534736,2133,2133
49.56963343967707,2155,2138
49.573539944006775,2116,2112
49.57744644833648,2110,2101
49.581352952666194,2115,2121
49.5852594569959,2089,2084
49.58916596132561,2117,2099
49.59307246565532,2111,2104
49.59697896998503,2117,2126
49.60088547431474,2122,2122
49.60479197864445,2161,2156
49.608698482974155,2154,2143
49.61260498730387,2140,2142
49.616511491633574,2158,2149
49.62041799596328,2146,2146
49.62432450029299,2135,2124
49.6282310046227,2133,2124
49.63213750895241,2107,2092
49.63604401328212,2106,2105
49.63995051761183,2105,2093
49.643857021941535,2096,2081
49.64776352627125,2129,2114
49.651670030600954,2111,2094
49.65557653493067,2149,2126
49.65948303926037,2128,2116
49.66338954359008,2149,2131
49.66729604791979,2114,2117
49.6712025522495,2115,2112
49.67510905657921,2118,2105
49.679015560908915,2122,2117
49.68292206523863,2127,2117
49.686828569568334,2113,2100
49.69073507389805,2094,2091
49.69464157822775,2138,2128
49.698548082557465,2114,2109
49.70245458688717,2149,2146
49.70636109121688,2161,2150
49.71026759554659,2168,2162
49.714174099876296,2155,2140
49.71808060420601,2132,2121
49.721987108535714,2113,2113
49.72589361286543,2111,2111
49.72980011719513,2094,2088
49.733706621524846,2074,2066
49.73761312585455,2058,2053
49.741519630184264,2059,2053
49.74542613451397,2035,2039
49.749332638843676,2043,2047
49.75323914317339,2062,2054
49.757145647503094,2036,2032
49.76105215183281,2028,2019
49.76495865616251,2021,2034
49.768865160492226,2017,2021
49.77277166482193,2000,2008
49.776678169151644,1989,1987
49.78058467348135,1973,1976
49.78449117781106,1967,1976
49.78839768214077,1936,1952
49.792304186470474,1957,1965
49.79621069080019,1953,1963
49.80011719512989,1978,1990
49.804023699459606,1968,1975
49.80793020378931,1984,1998
49.811836708119024,2013,2013
49.81574321244873,1973,1972
49.81964971677844,1992,1996
49.82355622110815,1961,1969
49.82746272543786,1972,1987
49.83136922976757,1962,1967
49.83527573409727,1969,1978
49.839182238426986,1963,1972
49.84308874275669,1948,1965
49.846995247086404,1959,1975
49.85090175141611,1965,1983
49.85480825574582,1978,1982
49.85871476007553,1983,1984
49.86262126440524,2000,1998
49.86652776873495,1976,1971
49.87043427306466,1956,1970
49.874340777394366,1982,1993
49.87824728172407,1955,1960
49.882153786053784,1942,1957
49.88606029038349,1926,1939
49.8899667947132,1946,1961
49.89387329904291,1945,1968
49.89777980337262,1961,1965
49.90168630770233,1968,1973
49.90559281203204,1989,1992
49.909499316361746,1992,2003
49.91340582069145,1998,2000
49.917312325021165,1975,1983
49.92121882935087,1971,1981
49.92512533368058,1978,2001
49.92903183801029,1985,1985
49.93293834234,1984,1989
49.93684484666971,1955,1966
49.94075135099942,1967,1982
49.944657855329126,1956,1962
49.94856435965884,1976,1989
49.952470863988545,2002,2019
49.95637736831825,1992,1998
49.96028387264796,2003,2012
49.96419037697767,1991,1997
49.96809688130738,1982,1984
49.97200338563709,1997,2005
49.9759098899668,1971,1977
49.979816394296506,1998,2002
49.98372289862622,2024,2027
49.987629402955925,1986,2002
49.99153590728564,2006,2013
49.99544241161534,2028,2030
49.99934891594505,2039,2050
50.00325542027476,2059,2058
50.00716192460447,2086,2076
50.01106842893418,2097,2085
50.014974933263886,2103,2093
50.0188814375936,2120,2126
50.022787941923305,2114,2097
50.02669444625302,2090,2086
50.03060095058272,2124,2117
50.034507454912436,2115,2113
50.03841395924214,2100,2083
50.04232046357185,2094,2101
50.04622696790156,2114,2116
50.050133472231266,2147,2140
50.05403997656098,2134,2125
50.057946480890685,2144,2135
50.0618529852204,2143,2136
50.0657594895501,2142,2136
50.069665993879816,2135,2136
50.07357249820952,2111,2102
50.077479002539235,2116,2118
50.08138550686894,2104,2111
50.085292011198646,2112,2106
50.08919851552836,2110,2114
50.093105019858065,2105,2093
50.09701152418778,2120,2112
50.10091802851748,2123,2121
50.104824532847196,2138,2137
50.1087310371769,2135,2130
50.112637541506615,2134,2114
50.11654404583632,2139,2123
50.120450550166034,2134,2133
50.12435705449574,2131,2119
50.128263558825445,2124,2115
50.13217006315516,2121,2114
50.136076567484864,2128,2117
50.13998307181458,2118,2115
50.14388957614428,2128,2123
50.147796080473995,2126,2113
50.1517025848037,2126,2124
50.155609089133414,2144,2125
50.15951559346312,2152,2137
50.16342209779283,2155,2142
50.16732860212254,2116,2116
50.171235106452244,2141,2130
50.17514161078196,2123,2111
50.17904811511166,2108,2102
50.182954619441375,2100,2099
50.18686112377108,2102,2093
50.190767628100794,2098,2090
50.1946741324305,2112,2095
50.19858063676021,2115,2111
50.20248714108992,2137,2128
50.20639364541963,2165,2152
50.21030014974934,2145,2144
50.21420665407904,2130,2111
50.218113158408755,2140,2132
50.22201966273846,2130,2121
50.225926167068174,2112,2099
50.22983267139788,2085,2081
50.23373917572759,2064,2056
50.2376456800573,2089,2083
50.24155218438701,2072,2063
50.24545868871672,2037,2042
50.24936519304643,2051,2062
50.253271697376135,2049,2065
50.25717820170584,2055,2060
50.261084706035554,2039,2035
50.26499121036526,2022,2028
50.26889771469497,2009,2017
50.27280421902468,1996,2001
50.27671072335439,1986,1987
50.2806172276841,1971,1976
50.28452373201381,1982,1997
50.288430236343515,1935,1950
50.29233674067323,1918,1933
50.296243245002934,1952,1956
50.30014974933264,1942,1957
50.30405625366235,1989,1993
50.30796275799206,1978,1982
50.31186926232177,1985,1992
50.31577576665148,1977,1992
50.31968227098119,1976,1983
50.323588775310895,1972,1986
50.32749527964061,1962,1973
50.331401783970314,1955,1966
50.33530828830003,1947,1961
50.33921479262973,1944,1950
50.34312129695944,1945,1947
50.34702780128915,1945,1954
50.35093430561886,1982,1989
50.35484080994857,1976,1993
50.358747314278276,1980,1983
50.36265381860799,1961,1967
50.366560322937694,1968,1977
50.37046682726741,1976,1985
50.37437333159711,1965,1988
50.378279835926826,1947,1943
50.38218634025653,1959,1975
50.38609284458624,1951,1957
50.38999934891595,1938,1935
50.393905853245656,1959,1959
50.39781235757537,1947,1963
50.401718861905074,1974,1982
50.40562536623479,1980,1984
50.40953187056449,2000,2010
50.413438374894206,1986,1980
50.41734487922391,1961,1977
50.421251383553624,1982,1988
50.42515788788333,1952,1964
50.429064392213036,1985,1987
50.43297089654275,1926,1933
50.436877400872454,1950,1974
50.44078390520217,1953,1966
50.44469040953187,1944,1964
50.448596913861586,1951,1966
50.45250341819129,1974,1986
50.456409922521004,1987,1988
50.46031642685071,2004,2014
50.46422293118042,1999,2003
50.46812943551013,1977,1979
50.472035939839834,1990,2001
50.47594244416955,1971,1973
50.47984894849925,1999,1995
50.483755452828966,1979,1985
50.48766195715867,1977,1988
50.491568461488384,2001,2006
50.49547496581809,2039,2047
50.4993814701478,2025,2029
50.50328797447751,2042,2035
50.50719447880722,2087,2075
50.51110098313693,2084,2086
50.51500748746663,2110,2111
50.518913991796346,2092,2085
50.52282049612605,2116,2119
50.526727000455764,2107,2097
50.53063350478547,2088,2088
50.53454000911518,2114,2105
50.53844651344489,2111,2114
50.5423530177746,2117,2117
50.54625952210431,2123,2114
50.55016602643401,2124,2115
50.554072530763726,2122,2119
50.55797903509343,2151,2149
50.561885539423145,2138,2132
50.56579204375285,2163,2147
50.56969854808256,2122,2111
50.57360505241227,2126,2120
50.57751155674198,2115,2100
50.58141806107169,2111,2095
50.5853245654014,2104,2104
50.589231069731106,2119,2115
50.59313757406081,2108,2096
50.597044078390525,2101,2086
50.60095058272023,2138,2133
50.60485708704994,2158,2138
50.60876359137965,2141,2135
50.61267009570936,2136,2134
50.61657660003907,2181,2165
50.62048310436878,2137,2124
50.624389608698486,2138,2132
50.6282961130282,2133,2127
50.632202617357905,2136,2133
50.63610912168761,2124,2125
50.64001562601732,2127,2121
50.64392213034703,2130,2120
50.64782863467674,2125,2122
50.65173513900645,2136,2125
50.65564164333616,2164,2150
50.659548147665866,2135,2120
50.66345465199558,2143,2132
50.667361156325285,2142,2127
50.671267660655,2138,2131
50.6751741649847,2137,2127
50.67908066931441,2093,2089
50.68298717364412,2116,2104
50.68689367797383,2108,2093
50.69080018230354,2117,2124
50.694706686633246,2121,2114
50.69861319096296,2120,2109
50.702519695292665,2103,2092
50.70642619962238,2142,2126
50.71033270395208,2139,2121
50.714239208281796,2142,2129
50.7181457126115,2141,2124
50.72205221694121,2124,2124
50.72595872127092,2115,2102
50.729865225600626,2084,2087
50.73377172993034,2094,2094
50.737678234260045,2059,2051
50.74158473858976,2051,2063
50.745491242919464,2069,2057
50.749397747249176,2043,2042
50.75330425157888,2042,2051
50.757210755908595,2056,2046
50.7611172602383,2055,2056
50.76502376456801,2019,2010
50.76893026889772,2010,2009
50.772836773227425,1977,1988
50.77674327755714,1983,1997
50.780649781886844,1969,1972
50.78455628621656,1954,1973
50.78846279054626,1963,1981
50.792369294875975,1946,1948
50.79627579920568,1950,1958
50.800182303535394,1941,1951
50.8040888078651,1961,1967
50.807995312194805,1984,1998
50.81190181652452,1984,1993
50.815808320854224,1969,1982
50.81971482518394,1988,1996
50.82362132951364,1983,1986
50.827527833843355,1975,1996
50.83143433817306,1976,1987
50.835340842502774,1945,1960
50.83924734683248,1943,1952
50.84315385116219,1951,1959
50.8470603554919,1952,1969
50.850966859821604,1976,1975
50.85487336415132,1976,1979
50.85877986848102,1972,1979
50.862686372810735,1980,1980
50.86659287714044,1984,1984
50.870499381470154,1978,1979
50.87440588579986,1970,1984
50.87831239012957,1958,1968
50.88221889445928,1951,1953
50.88612539878899,1959,1975
50.8900319031187,1941,1954
50.8939384074484,1959,1965
50.897844911778115,1959,1962
50.90175141610782,1975,1978
50.905657920437534,1990,1993
50.90956442476724,1987,1991
50.91347092909695,1984,1989
50.91737743342666,1960,1970
50.92128393775637,1959,1960
50.92519044208608,1955,1969
50.92909694641579,1945,1949
50.933003450745495,1959,1969
50.9369099550752,1957,1951
50.940816459404914,1950,1953
50.94472296373462,1950,1955
50.94862946806433,1976,1976
50.95253597239404,1938,1956
50.95644247672375,1995,2009
50.96034898105346,2008,2013
50.96425548538317,1984,1986
50.968161989712875,1973,1993
50.97206849404259,1986,2001
50.975974998372294,1996,2001
50.979881502702,1977,1992
50.98378800703171,2011,2015
50.98769451136142,1985,1992
50.99160101569113,2018,2013
50.99550752002084,2009,2018
50.99941402435055,2037,2041
51.003320528680256,2083,2083
51.00722703300997,2089,2083
51.011133537339674,2095,2091
51.01504004166939,2093,2099
51.01894654599909,2079,2077
51.0228530503288,2102,2093
51.02675955465851,2105,2090
51.03066605898822,2108,2099
51.03457256331793,2123,2115
51.038479067647636,2114,2118
51.04238557197735,2111,2097
51.046292076307054,2128,2119
51.05019858063677,2129,2129
51.05410508496647,2133,2121
51.058011589296186,2166,2148
51.06191809362589,2136,2128
51.0658245979556,2140,2124
51.06973110228531,2145,2131
51.073637606615016,2124,2122
51.07754411094473,2116,2110
51.081450615274434,2087,2081
51.08535711960415,2091,2083
51.08926362393385,2118,2110
51.093170128263566,2098,2093
51.09707663259327,2114,2102
51.100983136922984,2142,2116
51.10488964125269,2137,2129
51.108796145582396,2158,2144
51.11270264991211,2156,2144
51.116609154241814,2142,2130
51.12051565857153,2149,2143
51.12442216290123,2121,2117
51.128328667230946,2121,2124
51.13223517156065,2113,2103
51.136141675890364,2108,2110
51.14004818022007,2123,2120
51.143954684549776,2118,2110
51.14786118887949,2114,2110
51.151767693209194,2128,2124
51.15567419753891,2131,2112
51.15958070186861,2164,2149
51.163487206198326,2142,2125
51.16739371052803,2154,2148
51.171300214857744,2142,2125
51.17520671918745,2142,2121
51.17911322351716,2130,2121
51.18301972784687,2110,2124
51.186926232176575,2098,2094
51.19083273650629,2114,2108
51.19473924083599,2112,2095
51.198645745165706,2134,2129
51.20255224949541,2129,2112
51.206458753825125,2151,2151
51.21036525815483,2131,2125
51.21427176248454,2123,2107
51.21817826681425,2129,2119
51.22208477114396,2100,2102
51.22599127547367,2083,2088
51.22989777980337,2092,2087
51.233804284133086,2076,2079
51.23771078846279,2040,2039
51.241617292792505,2057,2056
51.24552379712221,2049,2052
51.24943030145192,2026,2038
51.25333680578163,2062,2064
51.25724331011134,2057,2056
51.26114981444105,2032,2039
51.26505631877076,2012,2013
51.268962823100466,2016,2023
51.27286932743017,1977,1975
51.276775831759885,1994,1998
51.28068233608959,1961,1972
51.2845888404193,1939,1949
51.28849534474901,1953,1956
51.29240184907872,1960,1970
51.29630835340843,1937,1954
51.30021485773814,1950,1962
51.304121362067846,1987,1995
51.30802786639756,1980,1981
51.311934370727265,1966,1977
51.31584087505697,1963,1954
51.31974737938668,1974,1987
51.32365388371639,1975,1973
51.3275603880461,1967,1977
51.33146689237581,1972,1974
51.33537339670552,1941,1959
51.339279901035226,1955,1966
51.34318640536494,1941,1945
51.347092909694645,1930,1934
51.35099941402436,1974,1978
51.35490591835406,1967,1972
51.35881242268377,1976,1985
51.36271892701348,1970,1977
51.36662543134319,1954,1967
51.3705319356729,1953,1956
51.374438440002606,1959,1974
51.37834494433232,1947,1960
51.382251448662025,1964,1954
51.38615795299174,1941,1949
51.390064457321444,1952,1958
51.393970961651156,1943,1955
51.39787746598086,1946,1948
51.40178397031057,1984,1985
51.40569047464028,1986,1997
51.40959697896999,1973,1975
51.4135034832997,2009,1996
51.417409987629405,1985,1988
51.42131649195912,1978,1989
51.425222996288824,1966,1982
51.42912950061854,1973,1982
51.43303600494824,1975,1980
51.436942509277955,1947,1957
51.44084901360766,1940,1946
51.44475551793737,1955,1967
51.44866202226708,1946,1951
51.452568526596785,1983,1986
51.4564750309265,1978,1977
51.460381535256204,1990,2002
51.46428803958592,1996,2004
51.46819454391562,1986,1987
51.472101048245335,1973,1980
51.47600755257504,1994,1996
51.479914056904754,1972,1982
51.48382056123446,1960,1974
51.487727065564165,1999,2004
51.49163356989388,2001,1990
51.495540074223584,2030,2038
51.4994465785533,2062,2059
51.503353082883,2070,2065
51.507259587212715,2090,2080
51.51116609154242,2085,2071
51.515072595872134,2106,2088
51.51897910020184,2106,2089
51.52288560453155,2123,2117
51.52679210886126,2112,2092
51.530698613190964,2123,2106
51.53460511752068,2116,2109
51.53851162185038,2107,2103
51.542418126180095,2120,2116
51.5463246305098,2108,2090
51.550231134839514,2127,2128
51.55413763916922,2141,2129
51.55804414349893,2144,2127
51.56195064782864,2124,2115
51.56585715215835,2131,2118
51.56976365648806,2142,2127
51.57367016081776,2110,2115
51.577576665147475,2120,2103
51.58148316947718,2108,2096
51.585389673806894,2106,2098
51.5892961781366,2101,2092
51.59320268246631,2115,2113
51.59710918679602,2117,2109
51.60101569112573,2130,2116
51.60492219545544,2147,2139
51.60882869978515,2155,2142
51.612735204114855,2165,2163
51.61664170844456,2151,2141
51.620548212774274,2125,2109
51.62445471710398,2116,2099
51.62836122143369,2135,2125
51.6322677257634,2123,2120
51.63617423009311,2093,2087
51.64008073442282,2107,2107
51.64398723875253,2095,2085
51.647893743082236,2115,2116
51.65180024741195,2163,2161
51.655706751741654,2130,2132
51.65961325607136,2161,2153
51.66351976040107,2129,2116
51.66742626473078,2143,2133
51.67133276906049,2129,2121
51.6752392733902,2116,2112
51.67914577771991,2119,2120
51.683052282049616,2115,2104
51.68695878637933,2112,2114
51.690865290709034,2114,2111
51.69477179503875,2134,2116
51.69867829936845,2124,2114
51.70258480369816,2120,2109
51.70649130802787,2138,2139
51.71039781235758,2178,2167
51.71430431668729,2143,2132
51.718210821016996,2139,2133
51.72211732534671,2122,2117
51.726023829676414,2100,2098
51.72993033400613,2088,2085
51.73383683833583,2081,2079
51.737743342665546,2044,2037
51.74164984699525,2047,2055
51.74555635132496,2074,2082
51.74946285565467,2071,2074
51.753369359984376,2050,2051
51.75727586431409,2043,2048
51.761182368643794,2021,2023
51.76508887297351,2041,2052
51.76899537730321,2028,2021
51.772901881632926,1990,2003
51.77680838596263,1998,1998
51.78071489029234,1954,1964
51.78462139462205,1953,1957
51.788527898951756,1937,1951
51.79243440328147,1950,1957
51.796340907611174,1947,1960
51.80024741194089,1971,1964
51.80415391627059,1982,1981
51.808060420600306,1971,1981
51.81196692493001,1996,1997
51.815873429259725,1964,1970
51.81977993358943,1979,1979
51.823686437919136,1962,1972
51.82759294224885,1976,1983
51.831499446578555,1939,1958
51.83540595090827,1951,1957
51.83931245523797,1949,1965
51.843218959567686,1957,1979
51.84712546389739,1950,1955
51.851031968227105,1988,1991
51.85493847255681,1958,1976
51.85884497688652,1996,2002
51.86275148121623,1985,1992
51.866657985545935,1986,1994
51.87056448987565,1942,1952
51.87447099420535,1967,1982
51.878377498535066,1969,1972
51.88228400286477,1920,1936
51.886190507194485,1939,1948
51.89009701152419,1956,1979
51.8940035158539,1948,1950
51.89791002018361,1968,1968
51.90181652451332,1972,1984
51.90572302884303,1964,1962
51.90962953317273,1961,1975
51.913536037502446,1976,1978
51.91744254183215,1987,1993
51.921349046161865,1975,1976
51.92525555049157,1944,1950
51.92916205482128,1940,1937
51.93306855915099,1958,1968
51.9369750634807,1949,1956
51.94088156781041,1955,1972
51.94478807214012,1961,1964
51.948694576469826,1945,1950
51.95260108079953,1969,1991
51.956507585129245,1982,1981
51.96041408945895,1965,1970
51.96432059378866,1985,1989
51.96822709811837,1987,1990
51.97213360244808,2003,2011
51.97604010677779,1985,1982
51.9799466111075,2003,2016
51.983853115437206,1977,1997
51.98775961976692,1982,1994
51.991666124096625,2008,2008
51.99557262842633,2023,2025
51.99947913275604,2056,2048
52.00338563708575,2087,2090
52.00729214141546,2089,2090
52.01119864574517,2101,2088
52.01510515007488,2101,2098
52.019011654404586,2114,2110
52.0229181587343,2118,2111
52.026824663064005,2111,2106
52.03073116739372,2104,2103
52.034637671723424,2122,2114
52.03854417605313,2114,2115
52.04245068038284,2105,2097
52.04635718471255,2117,2109
52.05026368904226,2120,2109
52.05417019337197,2138,2135
52.05807669770168,2148,2142
52.061983202031385,2153,2141
52.0658897063611,2171,2163
52.069796210690804,2141,2129
52.07370271502052,2132,2125
52.07760921935022,2115,2102
52.08151572367993,2113,2113
52.08542222800964,2098,2092
52.08932873233935,2110,2094
52.09323523666906,2105,2098
52.097141740998765,2144,2125
52.10104824532848,2148,2124
52.104954749658184,2131,2125
52.1088612539879,2142,2127
52.1127677583176,2145,2136
52.116674262647315,2149,2142
52.12058076697702,2157,2140
52.12448727130673,2145,2136
52.12839377563644,2142,2136
52.132300279966145,2109,2110
52.13620678429586,2103,2113
52.140113288625564,2105,2095
52.14401979295528,2111,2107
52.14792629728498,2117,2111
52.151832801614695,2133,2122
52.1557393059444,2155,2145
52.159645810274114,2141,2131
52.16355231460382,2126,2123
52.167458818933525,2127,2125
52.17136532326324,2126,2131
52.175271827592944,2133,2125
52.17917833192266,2122,2118
52.18308483625236,2107,2099
52.186991340582075,2113,2112
52.19089784491178,2104,2094
52.194804349241494,2115,2110
52.1987108535712,2127,2124
52.20261735790091,2126,2122
52.20652386223062,2159,2136
52.210430366560324,2142,2131
52.21433687089004,2125,2123
52.21824337521974,2121,2122
52.222149879549455,2115,2116
52.22605638387916,2125,2119
52.229962888208874,2091,2086
52.23386939253858,2103,2106
52.23777589686829,2066,2073
52.241682401198,2072,2075
52.24558890552771,2054,2059
52.24949540985742,2036,2035
52.25340191418712,2051,2050
52.257308418516836,2045,2048
52.26121492284654,2043,2048
52.265121427176254,2029,2029
52.26902793150596,2010,2008
52.27293443583567,1986,1985
52.27684094016538,1978,1991
52.28074744449509,1975,1983
52.2846539488248,1973,1984
52.28856045315451,1952,1959
52.292466957484216,1977,1980
52.29637346181392,1960,1974
52.300279966143634,1952,1960
52.30418647047334,1989,1997
52.30809297480305,1977,1985
52.31199947913276,1966,1971
52.31590598346247,1974,1986
52.31981248779218,1983,1997
52.32371899212189,1968,1972
52.327625496451596,1972,1988
52.33153200078131,1946,1957
52.335438505111014,1974,1983
52.33934500944072,1964,1970
52.34325151377043,1949,1965
52.34715801810014,1948,1962
52.35106452242985,1972,1982
52.35497102675956,1985,1983
52.35887753108927,1988,1988
52.362784035418976,1979,1988
52.36669053974869,1972,1974
52.370597044078394,1973,1977
52.37450354840811,1952,1962
52.37841005273781,1977,1994
52.38231655706752,1967,1967
52.38622306139723,1955,1972
52.39012956572694,1947,1972
52.39403607005665,1925,1937
52.397942574386356,1978,1984
52.40184907871607,1980,1980
52.405755583045774,1976,1972
52.40966208737549,1982,1995
52.41356859170519,1974,1990
52.4174750960349,2004,2009
52.42138160036461,1967,1982
52.42528810469432,1934,1936
52.42919460902403,1952,1958
52.433101113353736,1959,1968
52.43700761768345,1942,1955
52.440914122013154,1948,1959
52.44482062634287,1974,1986
52.44872713067257,1967,1986
52.452633635002286,2002,1996
52.45654013933199,1969,1978
52.4604466436617,1998,2004
52.46435314799141,1987,1993
52.468259652321116,1978,1976
52.47216615665083,2005,2012
52.476072660980535,1976,1982
52.47997916531025,1985,1988
52.48388566963995,1999,1997
52.487792173969666,1986,1986
52.49169867829937,1993,2003
52.495605182629085,2001,2005
52.49951168695879,2037,2043
52.503418191288496,2046,2049
52.50732469561821,2066,2072
52.511231199947915,2096,2089
52.51513770427763,2122,2115
52.51904420860733,2115,2109
52.522950712937046,2107,2105
52.52685721726675,2135,2122
52.530763721596465,2086,2077
52.53467022592617,2127,2120
52.53857673025588,2127,2123
52.54248323458559,2109,2108
52.546389738915295,2122,2106
52.55029624324501,2122,2105
52.55420274757471,2150,2144
52.558109251904426,2119,2108
52.56201575623413,2130,2119
52.565922260563845,2130,2126
52.56982876489355,2140,2139
52.57373526922326,2125,2123
52.57764177355297,2118,2114
52.58154827788268,2125,2112
52.58545478221239,2106,2109
52.58936128654209,2098,2090
52.593267790871806,2100,2104
52.59717429520151,2125,2110
52.601080799531225,2134,2115
52.60498730386093,2137,2136
52.60889380819064,2155,2138
52.61280031252035,2127,2114
52.61670681685006,2144,2132
52.62061332117977,2166,2165
52.62451982550948,2136,2121
52.628426329839186,2135,2127
52.63233283416889,2128,2127
52.636239338498605,2123,2118
52.64014584282831,2120,2113
52.64405234715802,2090,2094
52.64795885148773,2125,2114
52.65186535581744,2128,2116
52.65577186014715,2115,2109
52.65967836447686,2147,2131
52.663584868806566,2142,2131
52.66749137313628,2126,2120
52.671397877465985,2124,2125
52.67530438179569,2112,2105
52.679210886125404,2106,2110
52.68311739045511,2118,2108
52.68702389478482,2102,2095
52.69093039911453,2103,2094
52.69483690344424,2112,2096
52.69874340777395,2139,2129
52.70264991210366,2126,2114
52.706556416433365,2148,2153
52.71046292076308,2129,2126
52.714369425092784,2148,2152
52.71827592942249,2137,2130
52.7221824337522,2126,2121
52.72608893808191,2106,2100
52.72999544241162,2069,2063
52.73390194674133,2091,2088
52.73780845107104,2033,2030
52.741714955400745,2013,2021
52.74562145973046,2065,2058
52.749527964060164,2058,2054
52.75343446838988,2032,2030
52.75734097271958,2058,2059
52.76124747704929,2017,2027
52.765153981379,2015,2009
52.76906048570871,2011,2002
52.77296699003842,2002,2013
52.776873494368125,1973,1979
52.78077999869784,1975,1986
52.784686503027544,1954,1966
52.78859300735726,1937,1958
52.79249951168696,1956,1965
52.796406016016675,1954,1961
52.80031252034638,1964,1976
52.80421902467609,1951,1971
52.8081255290058,1968,1977
52.812032033335505,1996,2006
52.81593853766522,1993,1982
52.819845041994924,1977,1994
52.82375154632464,1969,1978
52.82765805065434,1999,2008
52.831564554984055,1972,1976
52.83547105931376,1961,1966
52.839377563643474,1945,1956
52.84328406797318,1952,1960
52.847190572302885,1942,1954
52.8510970766326,1958,1962
52.855003580962304,1972,1989
52.85891008529202,1984,1997
52.86281658962172,1969,1975
52.866723093951435,1965,1977
52.87062959828114,1966,1971
52.874536102610854,1947,1959
52.87844260694056,1977,1983
52.88234911127027,1962,1973
52.88625561559998,1928,1939
52.890162119929684,1964,1965
52.8940686242594,1949,1960
52.8979751285891,1954,1963
52.901881632918816,1972,1981
52.90578813724852,1986,1999
52.909694641578234,1981,1986
52.91360114590794,1988,1997
52.91750765023765,2013,2017
52.92141415456736,1983,2003
52.92532065889707,1965,1966
52.92922716322678,1966,1974
52.93313366755648,1968,1956
52.937040171886196,1932,1939
52.9409466762159,1940,1949
52.944853180545614,1961,1968
52.94875968487532,1972,1977
52.95266618920503,1968,1981
52.95657269353474,1956,1964
52.96047919786445,1980,1977
52.96438570219416,1993,2002
52.96829220652387,1976,1976
52.972198710853576,1981,1987
52.97610521518328,1963,1962
52.980011719512994,1967,1967
52.9839182238427,1990,1991
52.98782472817241,1998,2001
52.99173123250212,2010,2014
52.99563773683183,2029,2030
52.99954424116154,2066,2068
53.00345074549125,2070,2060
53.007357249820956,2094,2092
53.01126375415067,2112,2113
53.015170258480374,2105,2091
53.01907676281008,2129,2114
53.02298326713979,2090,2083
53.0268897714695,2133,2142
53.03079627579921,2116,2111
53.03470278012892,2113,2106
53.03860928445863,2088,2089
53.042515788788336,2110,2108
53.04642229311805,2108,2099
53.050328797447754,2136,2137
53.05423530177746,2136,2130
53.05814180610717,2162,2152
53.06204831043688,2149,2135
53.06595481476659,2138,2138
53.0698613190963,2139,2128
53.07376782342601,2120,2115
53.077674327755716,2123,2122
53.08158083208543,2117,2103
53.085487336415135,2105,2089
53.08939384074485,2097,2091
53.09330034507455,2100,2105
53.09720684940426,2102,2085
53.10111335373397,2130,2129
53.10501985806368,2160,2151
53.10892636239339,2171,2154
53.112832866723096,2166,2152
53.11673937105281,2140,2127
53.120645875382515,2141,2131
53.12455237971223,2114,2116
53.12845888404193,2116,2113
53.132365388371646,2109,2100
53.13627189270135,2128,2123
53.14017839703106,2109,2110
53.14408490136077,2106,2116
53.147991405690476,2113,2108
53.15189791002019,2128,2117
53.155804414349895,2134,2120
53.15971091867961,2156,2146
53.16361742300931,2165,2150
53.167523927339026,2148,2131
53.17143043166873,2150,2136
53.175336935998445,2135,2122
53.17924344032815,2124,2110
53.183149944657856,2099,2097
53.18705644898757,2091,2083
53.190962953317275,2102,2109
53.19486945764699,2115,2108
53.19877596197669,2125,2120
53.202682466306406,2106,2102
53.20658897063611,2168,2158
53.210495474965825,2170,2152
53.21440197929553,2157,2135
53.21830848362524,2124,2111
53.22221498795495,2112,2101
53.226121492284655,2103,2107
53.23002799661437,2087,2076
53.23393450094407,2098,2088
53.237841005273786,2069,2062
53.24174750960349,2073,2065
53.245654013933205,2028,2025
53.24956051826291,2052,2044
53.25346702259262,2073,2075
53.25737352692233,2038,2040
53.26128003125204,2035,2041
53.26518653558175,2026,2026
53.26909303991145,2003,2010
53.272999544241166,1970,1972
53.27690604857087,1976,1985
53.280812552900585,1968,1978
53.28471905723029,1962,1970
53.28862556156,1955,1969
53.29253206588971,1947,1973
53.29643857021942,1983,1992
53.30034507454913,1971,1977
53.30425157887884,1972,1993
53.308158083208546,1957,1958
53.31206458753825,1972,1975
53.315971091867965,1976,1977
53.31987759619767,1996,1996
53.323784100527384,1983,1990
53.32769060485709,1981,1994
53.3315971091868,1939,1955
53.33550361351651,1960,1973
53.33941011784622,1947,1958
53.34331662217593,1942,1951
53.34722312650564,1954,1961
53.351129630835345,1956,1963
53.35503613516505,1986,1994
53.358942639494764,1979,1980
53.36284914382447,1974,1980
53.36675564815418,1958,1964
53.37066215248389,1967,1967
53.3745686568136,1966,1976
53.37847516114331,1953,1969
53.38238166547302,1948,1956
53.386288169802725,1944,1949
53.39019467413244,1950,1950
53.394101178462144,1958,1965
53.39800768279185,1956,1961
53.40191418712156,1967,1988
53.40582069145127,1976,1974
53.40972719578098,1984,2001
53.41363370011069,1983,1996
53.4175402044404,1992,1991
53.421446708770105,1973,1982
53.42535321309982,1971,1972
53.429259717429524,1963,1975
53.43316622175924,1969,1982
53.43707272608894,1946,1961
53.44097923041865,1948,1948
53.44488573474836,1967,1979
53.44879223907807,1960,1980
53.45269874340778,1980,1978
53.456605247737485,1966,1968
53.4605117520672,1987,1995
53.464418256396904,1990,2007
53.46832476072662,1982,1983
53.47223126505632,1988,1993
53.476137769386035,1979,1984
53.48004427371574,2003,2006
53.48395077804545,2003,2013
53.48785728237516,1989,1984
53.491763786704865,1998,2005
53.49567029103458,2024,2019
53.499576795364284,2054,2064
53.503483299694,2069,2069
53.5073898040237,2106,2091
53.511296308353415,2083,2073
53.51520281268312,2103,2090
53.519109317012834,2112,2108
53.52301582134254,2116,2101
53.526922325672246,2106,2105
53.53082883000196,2095,2096
53.534735334331664,2102,2095
53.53864183866138,2110,2112
53.54254834299108,2123,2123
53.546454847320796,2106,2097
53.5503613516505,2146,2138
53.554267855980214,2134,2129
53.55817436030992,2158,2135
53.56208086463963,2152,2136
53.56598736896934,2139,2126
53.569893873299044,2125,2131
53.57380037762876,2114,2104
53.57770688195846,2127,2122
53.581613386288176,2117,2112
53.58551989061788,2104,2096
53.589426394947594,2127,2118
53.5933328992773,2095,2103
53.59723940360701,2109,2105
53.60114590793672,2122,2109
53.60505241226643,2130,2124
53.60895891659614,2152,2144
53.61286542092584,2144,2145
53.616771925255556,2160,2144
53.62067842958526,2146,2141
53.624584933914974,2143,2122
53.62849143824468,2121,2118
53.63239794257439,2126,2124
53.6363044469041,2129,2112
53.64021095123381,2122,2111
53.64411745556352,2118,2115
53.64802395989323,2119,2108
53.651930464222936,2143,2129
53.65583696855264,2130,2118
53.659743472882354,2137,2118
53.66364997721206,2120,2132
53.66755648154177,2144,2129
53.67146298587148,2105,2094
53.67536949020119,2109,2106
53.6792759945309,2122,2110
53.68318249886061,2131,2126
53.687089003190316,2086,2080
53.69099550752002,2104,2093
53.694902011849734,2104,2096
53.69880851617944,2137,2138
53.70271502050915,2125,2119
53.70662152483886,2146,2141
53.71052802916857,2145,2137
53.71443453349828,2132,2126
53.71834103782799,2123,2116
53.722247542157696,2150,2130
53.72615404648741,2106,2096
53.730060550817115,2080,2092
53.73396705514682,2085,2085
53.73787355947653,2051,2043
53.74178006380624,2053,2062
53.74568656813595,2050,2049
53.74959307246566,2040,2048
53.75349957679537,2033,2026
53.757406081125076,2041,2040
53.76131258545479,2041,2046
53.765219089784495,2023,2022
53.76912559411421,2007,2007
53.77303209844391,1994,1998
53.77693860277362,1983,1983
53.78084510710333,1967,1973
53.78475161143304,1945,1963
53.78865811576275,1951,1965
53.792564620092456,1924,1928
53.79647112442217,1950,1959
53.800377628751875,1978,1983
53.80428413308159,1976,1979
53.80819063741129,1955,1962
53.812097141741006,1982,1996
53.81600364607071,1967,1970
53.81991015040042,2003,2022
53.82381665473013,1983,1995
53.827723159059836,1960,1966
53.83162966338955,1957,1962
53.835536167719255,1950,1963
53.83944267204897,1976,1983
53.84334917637867,1956,1967
53.847255680708386,1954,1964
53.85116218503809,1968,1969
53.855068689367805,1958,1960
53.85897519369751,1956,1970
53.862881698027216,1988,1998
53.86678820235693,1978,1991
53.870694706686635,1985,1979
53.87460121101635,1950,1960
53.87850771534605,1960,1980
53.882414219675766,1963,1970
53.88632072400547,1945,1951
53.890227228335185,1967,1980
53.89413373266489,1948,1957
53.8980402369946,1961,1974
53.90194674132431,1984,1993
53.905853245654015,1964,1967
53.90975974998373,1979,1986
53.91366625431343,1979,1976
53.917572758643146,1970,1966
53.92147926297285,1981,1983
53.925385767302565,1968,1979
53.92929227163227,1949,1967
53.93319877596198,1937,1944
53.93710528029169,1975,1989
53.9410117846214,1956,1956
53.94491828895111,1953,1973
53.948824793280814,1971,1985
53.952731297610526,1954,1964
53.95663780194023,1976,1975
53.960544306269945,1969,1981
53.96445081059965,1981,1993
53.968357314929364,1963,1970
53.97226381925907,1994,1999
53.97617032358878,1992,2002
53.98007682791849,1974,1976
53.9839833322482,1964,1967
53.98788983657791,1998,1998
53.99179634090761,1989,1994
53.995702845237325,2023,2023
53.99960934956703,2049,2056
54.003515853896744,2054,2051
54.00742235822645,2086,2082
54.01132886255616,2093,2089
54.01523536688587,2099,2085
54.01914187121558,2137,2121
54.02304837554529,2121,2115
54.026954879875,2108,2097
54.030861384204705,2109,2100
54.03476788853441,2106,2092
54.038674392864124,2099,2095
54.04258089719383,2114,2104
54.04648740152354,2132,2129
54.05039390585325,2128,2121
54.05430041018296,2133,2125
54.05820691451267,2158,2149
54.06211341884238,2164,2155
54.066019923172085,2135,2131
54.0699264275018,2140,2132
54.073832931831504,2135,2128
54.07773943616121,2107,2092
54.08164594049092,2101,2097
54.08555244482063,2120,2111
54.08945894915034,2131,2118
54.09336545348005,2095,2095
54.09727195780976,2125,2104
54.101178462139465,2112,2113
54.10508496646918,2141,2134
54.108991470798884,2129,2120
54.1128979751286,2143,2128
54.1168044794583,2147,2145
54.12071098378801,2152,2138
54.12461748811772,2138,2143
54.12852399244743,2124,2109
54.13243049677714,2135,2125
54.136337001106845,2105,2105
54.14024350543656,2125,2109
54.144150009766264,2112,2098
54.14805651409598,2108,2099
54.15196301842568,2115,2108
54.155869522755395,2141,2127
54.1597760270851,2149,2136
54.16368253141481,2150,2131
54.16758903574452,2129,2117
54.171495540074226,2140,2117
54.17540204440394,2135,2126
54.179308548733644,2122,2113
54.18321505306336,2093,2084
54.18712155739306,2128,2124
54.191028061722776,2120,2118
54.19493456605248,2109,2105
54.198841070382194,2116,2098
54.2027475747119,2152,2141
54.206654079041606,2133,2124
54.21056058337132,2163,2156
54.214467087701024,2148,2143
54.21837359203074,2126,2113
54.22228009636044,2113,2109
54.226186600690156,2105,2106
54.23009310501986,2084,2078
54.233999609349574,2074,2071
54.23790611367928,2076,2076
54.24181261800899,2060,2055
54.2457191223387,2046,2040
54.249625626668404,2070,2067
54.25353213099812,2031,2039
54.25743863532782,2034,2030
54.261345139657536,2005,2018
54.26525164398724,2000,2014
54.269158148316954,2038,2033
54.27306465264666,1988,1992
54.27697115697637,1967,1977
54.28087766130608,1966,1975
54.284784165635784,1972,1975
54.2886906699655,1939,1948
54.2925971742952,1938,1942
54.296503678624916,1949,1951
54.30041018295462,1950,1955
54.304316687284334,1977,1982
54.30822319161404,1983,1993
54.31212969594375,1996,1997
54.31603620027346,1955,1958
54.31994270460317,1973,1984
54.32384920893288,1984,1994
54.32775571326258,1981,1982
54.331662217592296,1964,1972
54.335568721922,1957,1970
54.339475226251714,1961,1972
54.34338173058142,1935,1944
54.34728823491113,1945,1949
54.35119473924084,1953,1966
54.35510124357055,1976,1982
54.35900774790026,1987,1984
54.36291425222997,1979,1987
54.366820756559676,1979,1988
54.37072726088938,1965,1986
54.374633765219095,1986,1996
54.3785402695488,1971,1974
54.38244677387851,1932,1945
54.38635327820822,1961,1958
54.39025978253793,1943,1946
54.39416628686764,1952,1968
54.39807279119735,1969,1981
54.401979295527056,1981,1985
54.40588579985677,1974,1977
54.409792304186475,1987,1988
54.41369880851618,1998,2006
54.41760531284589,1980,1978
54.4215118171756,1982,1988
54.42541832150531,1952,1957
54.42932482583502,1949,1966
54.43323133016473,1948,1959
54.437137834494436,1949,1955
54.44104433882415,1951,1978
54.444950843153855,1943,1961
54.44885734748357,1970,1966
54.45276385181327,1971,1972
54.45667035614298,1973,1977
54.46057686047269,1968,1986
54.4644833648024,1966,1976
54.46838986913211,1982,1989
54.472296373461816,1973,1989
54.47620287779153,1986,1996
54.480109382121235,1981,1998
54.48401588645095,1982,1991
54.48792239078065,1985,1976
54.491828895110366,1992,1989
54.49573539944007,2027,2030
54.49964190376978,2057,2058
54.50354840809949,2087,2086
54.507454912429196,2069,2066
54.51136141675891,2087,2086
54.515267921088615,2110,2107
54.51917442541833,2125,2115
54.52308092974803,2096,2098
54.526987434077746,2110,2107
54.53089393840745,2116,2109
54.534800442737165,2109,2096
54.53870694706687,2103,2099
54.542613451396576,2089,2086
54.54651995572629,2116,2104
54.550426460055995,2122,2124
54.55433296438571,2157,2143
54.55823946871541,2129,2125
54.562145973045126,2145,2133
54.56605247737483,2147,2129
54.569958981704545,2134,2129
54.57386548603425,2135,2110
54.57777199036396,2125,2121
54.58167849469367,2103,2097
54.585584999023375,2107,2102
54.58949150335309,2094,2096
54.593398007682794,2106,2088
54.59730451201251,2125,2111
54.60121101634221,2148,2141
54.605117520671925,2147,2127
54.60902402500163,2135,2127
54.612930529331344,2152,2136
54.61683703366105,2167,2148
54.62074353799076,2131,2105
54.62465004232047,2140,2125
54.628556546650174,2142,2124
54.63246305097989,2104,2106
54.63636955530959,2092,2090
54.640276059639305,2105,2106
54.64418256396901,2118,2120
54.648089068298724,2126,2119
54.65199557262843,2115,2110
54.65590207695814,2163,2137
54.65980858128785,2147,2144
54.66371508561756,2140,2131
54.66762158994727,2150,2132
54.67152809427697,2161,2144
54.675434598606685,2116,2117
54.67934110293639,2125,2102
54.683247607266104,2087,2086
54.68715411159581,2121,2123
54.69106061592552,2103,2095
54.69496712025523,2103,2097
54.69887362458494,2112,2106
54.70278012891465,2142,2131
54.70668663324436,2141,2139
54.710593137574065,2151,2151
54.71449964190377,2135,2126
54.718406146233484,2127,2120
54.72231265056319,2114,2105
54.7262191548929,2097,2095
54.73012565922261,2085,2072
54.73403216355232,2076,2065
54.73793866788203,2072,2064
54.74184517221174,2061,2067
54.745751676541445,2070,2058
54.74965818087116,2038,2034
54.753564685200864,2036,2043
54.75747118953057,2045,2039
54.76137769386028,2047,2054
54.76528419818999,2006,2020
54.7691907025197,1988,1991
54.77309720684941,1968,1974
54.77700371117912,1980,1996
54.780910215508825,1951,1972
54.78481671983854,1948,1958
54.788723224168244,1960,1968
54.79262972849796,1943,1947
54.79653623282766,1969,1976
54.80044273715737,1953,1962
54.80434924148708,1993,1992
54.80825574581679,1986,2000
54.8121622501465,2016,2021
54.816068754476206,1972,1972
54.81997525880592,1980,1989
54.823881763135624,1991,1978
54.82778826746534,1956,1974
54.83169477179504,1980,1981
54.835601276124756,1956,1970
54.83950778045446,1956,1964
54.84341428478417,1934,1948
54.84732078911388,1973,1978
54.851227293443586,1959,1960
54.8551337977733,1975,1981
54.859040302103004,2020,2020
54.86294680643272,1947,1965
54.86685331076242,1976,1987
54.870759815092136,1984,1987
54.87466631942184,1958,1961
54.878572823751554,1956,1982
54.88247932808126,1915,1935
54.886385832410966,1981,1987
54.89029233674068,1943,1960
54.894198841070384,1954,1962
54.8981053454001,1937,1941
54.9020118497298,1987,1982
54.905918354059516,1992,1996
54.90982485838922,1983,1975
54.913731362718934,1976,1981
54.91763786704864,1986,1993
54.921544371378346,1958,1966
54.92545087570806,1960,1969
54.929357380037764,1950,1968
54.93326388436748,1964,1974
54.93717038869718,1968,1985
54.941076893026896,1970,1968
54.9449833973566,1946,1956
54.948889901686314,1964,1985
54.95279640601602,1981,1992
54.95670291034573,1977,1975
54.96060941467544,1988,1985
54.964515919005144,1994,1999
54.96842242333486,1972,1972
54.97232892766456,1977,1981
54.976235431994276,1991,1990
54.98014193632398,1985,1991
54.984048440653694,1955,1963
54.9879549449834,2004,1998
54.99186144931311,2013,2017
54.99576795364282,2024,2021
54.99967445797253,2053,2055
55.00358096230224,2066,2071
55.00748746663194,2090,2089
55.011393970961656,2105,2103
55.01530047529136,2099,2098
55.019206979621075,2113,2114
55.02311348395078,2115,2108
55.02701998828049,2127,2117
55.0309264926102,2118,2123
55.03483299693991,2113,2100
55.03873950126962,2112,2106
55.04264600559933,2115,2112
55.046552509929036,2122,2111
55.05045901425874,2150,2139
55.054365518588455,2147,2134
55.05827202291816,2148,2135
55.06217852724787,2156,2133
55.06608503157758,2151,2137
55.06999153590729,2128,2113
55.073898040237,2139,2131
55.07780454456671,2115,2117
55.081711048896416,2122,2123
55.08561755322613,2127,2116
55.089524057555835,2116,2112
55.09343056188554,2101,2094
55.09733706621525,2112,2096
55.10124357054496,2124,2115
55.10515007487467,2143,2130
55.10905657920438,2148,2146
55.11296308353409,2134,2119
55.116869587863796,2169,2160
55.12077609219351,2137,2121
55.124682596523215,2132,2134
55.12858910085293,2094,2090
55.13249560518263,2103,2099
55.13640210951234,2120,2111
55.14030861384205,2106,2096
55.14421511817176,2101,2089
55.14812162250147,2127,2120
55.152028126831176,2120,2108
55.15593463116089,2132,2134
55.159841135490595,2156,2142
55.16374763982031,2136,2124
55.16765414415001,2134,2114
55.171560648479726,2112,2092
55.17546715280943,2121,2114
55.17937365713914,2116,2113
55.18328016146885,2099,2095
55.187186665798556,2111,2107
55.19109317012827,2091,2086
55.194999674457975,2120,2116
55.19890617878769,2146,2133
55.20281268311739,2134,2128
55.206719187447106,2152,2141
55.21062569177681,2159,2160
55.214532196106525,2154,2140
55.21843870043623,2128,2118
55.222345204765936,2115,2116
55.22625170909565,2081,2073
55.230158213425355,2102,2096
55.23406471775507,2078,2072
55.237971222084774,2062,2059
55.24187772641449,2061,2062
55.24578423074419,2059,2053
55.249690735073905,2034,2041
55.25359723940361,2008,2012
55.257503743733324,2042,2048
55.26141024806303,2023,2018
55.265316752392735,2018,2021
55.26922325672245,2002,2012
55.273129761052154,2015,2016
55.27703626538187,1975,1987
55.28094276971157,1968,1974
55.284849274041285,1955,1966
55.28875577837099,1941,1945
55.292662282700704,1945,1957
55.29656878703041,1954,1968
55.30047529136012,1946,1952
55.30438179568983,1974,1986
55.308288300019534,1998,2011
55.31219480434925,1999,1999
55.31610130867895,1979,1975
55.320007813008665,1977,1991
55.32391431733837,1994,1996
55.327820821668084,1959,1967
55.33172732599779,1963,1968
55.3356338303275,1938,1944
55.33954033465721,1956,1967
55.34344683898692,1947,1954
55.34735334331663,1967,1972
55.35125984764633,1961,1970
55.355166351976045,1985,1982
55.35907285630575,1992,2002
55.362979360635464,1968,1973
55.36688586496517,1988,1993
55.37079236929488,1981,1979
55.37469887362459,1973,1970
55.3786053779543,1958,1962
55.38251188228401,1926,1936
55.38641838661372,1954,1957
55.390324890943425,1960,1966
55.39423139527313,1957,1966
55.398137899602844,1966,1973
55.40204440393255,1981,1990
55.40595090826226,1966,1978
55.40985741259197,1998,1996
55.41376391692168,1981,1979
55.41767042125139,1969,1970
55.4215769255811,1981,1978
55.425483429910805,1977,1979
55.42938993424052,1975,1978
55.433296438570224,1958,1964
55.43720294289993,1967,1968
55.44110944722964,1920,1919
55.44501595155935,1938,1944
55.44892245588906,1966,1971
55.45282896021877,1970,1974
55.45673546454848,1976,1987
55.460641968878186,1984,2003
55.4645484732079,1969,1986
55.468454977537604,1992,1997
55.47236148186732,1991,2000
55.47626798619702,1967,1969
55.48017449052673,1990,1985
55.48408099485644,1981,1989
55.48798749918615,1993,2009
55.49189400351586,1983,1995
55.495800507845566,1994,1992
55.49970701217528,2057,2068
55.503613516504984,2065,2054
55.5075200208347,2084,2077
55.5114265251644,2110,2108
55.515333029494116,2109,2101
55.51923953382382,2125,2126
55.52314603815353,2099,2096
55.52705254248324,2108,2108
55.530959046812946,2096,2086
55.53486555114266,2109,2111
55.538772055472364,2102,2094
55.54267855980208,2103,2097
55.54658506413178,2087,2085
55.550491568461496,2137,2127
55.5543980727912,2130,2128
55.55830457712091,2128,2116
55.56221108145062,2146,2142
55.566117585780326,2152,2137
55.57002409011004,2137,2120
55.573930594439744,2133,2137
55.57783709876946,2114,2106
55.58174360309916,2128,2120
55.585650107428876,2092,2096
55.58955661175858,2107,2096
55.593463116088294,2101,2101
55.597369620418,2112,2106
55.601276124747706,2129,2126
55.60518262907742,2140,2129
55.609089133407124,2165,2146
55.61299563773684,2154,2143
55.61690214206654,2132,2120
55.620808646396256,2148,2143
55.62471515072596,2132,2131
55.628621655055674,2121,2114
55.63252815938538,2132,2125
55.63643466371509,2124,2101
55.6403411680448,2113,2114
55.644247672374505,2102,2093
55.64815417670422,2125,2114
55.65206068103392,2104,2098
55.655967185363636,2141,2118
55.65987368969334,2148,2145
55.663780194023055,2106,2105
55.66768669835276,2120,2111
55.67159320268247,2115,2097
55.67549970701218,2143,2139
55.67940621134189,2113,2110
55.6833127156716,2117,2111
55.6872192200013,2128,2122
55.691125724331016,2088,2081
55.69503222866072,2098,2097
55.698938732990435,2139,2137
55.70284523732014,2137,2126
55.70675174164985,2130,2134
55.71065824597956,2130,2117
55.71456475030927,2134,2126
55.71847125463898,2143,2131
55.72237775896869,2130,2124
55.726284263298396,2103,2092
55.7301907676281,2085,2078
55.734097271957815,2081,2080
55.73800377628752,2064,2067
55.74191028061723,2052,2042
55.74581678494694,2030,2035
55.74972328927665,2047,2049
55.75362979360636,2053,2061
55.75753629793607,2040,2042
55.761442802265776,2024,2025
55.76534930659549,2012,2019
55.769255810925195,1987,1998
55.7731623152549,1984,1979
55.77706881958461,2007,2000
55.78097532391432,1944,1950
55.78488182824403,1951,1967
55.78878833257374,1972,1989
55.79269483690345,1966,1968
55.796601341233156,1948,1958
55.80050784556287,1967,1983
55.804414349892575,1997,2001
55.80832085422229,1964,1989
55.81222735855199,1980,1988
55.8161338628817,1982,1990
55.82004036721141,1951,1959
55.82394687154112,1972,1977
55.82785337587083,1973,1973
55.831759880200536,1952,1956
55.83566638453025,1960,1971
55.839572888859955,1932,1943
55.84347939318967,1963,1960
55.84738589751937,1970,1973
55.851292401849086,1946,1957
55.85519890617879,1996,2006
55.8591054105085,1972,1974
55.86301191483821,1982,1995
55.86691841916792,1998,2003
55.87082492349763,1972,1977
55.874731427827335,1957,1979
55.87863793215705,1959,1975
55.882544436486754,1936,1952
55.88645094081647,1960,1972
55.89035744514617,1985,1997
55.894263949475885,1954,1965
55.89817045380559,1944,1955
55.9020769581353,1948,1954
55.90598346246501,1994,1998
55.909889966794715,1972,1975
55.91379647112443,1972,1976
55.917702975454134,1958,1968
55.92160947978385,1964,1973
55.92551598411355,1964,1980
55.929422488443265,1937,1949
55.93332899277297,1955,1964
55.937235497102684,1955,1959
55.94114200143239,1968,1976
55.945048505762095,1946,1947
55.94895501009181,1970,1982
55.952861514421514,1972,1977
55.95676801875123,1952,1964
55.96067452308093,1983,1995
55.964581027410645,2010,2012
55.96848753174035,1994,2000
55.972394036070064,1995,2001
55.97630054039977,1968,1987
55.98020704472948,1997,2004
55.98411354905919,1988,1997
55.988020053388894,1997,1992
55.99192655771861,2010,2026
55.99583306204831,2017,2018
55.999739566378025,2044,2043
56.00364607070773,2054,2048
56.007552575037444,2081,2091
56.01145907936715,2083,2084
56.01536558369686,2102,2098
56.01927208802657,2119,2110
56.02317859235628,2110,2099
56.02708509668599,2102,2088
56.03099160101569,2098,2105
56.034898105345405,2119,2112
56.03880460967511,2093,2076
56.042711114004824,2098,2103
56.04661761833453,2108,2095
56.05052412266424,2121,2117
56.05443062699395,2130,2119
56.05833713132366,2145,2125
56.06224363565337,2166,2156
56.06615013998308,2162,2148
56.070056644312785,2128,2117
56.07396314864249,2133,2121
56.077869652972204,2115,2105
56.08177615730191,2118,2102
56.08568266163162,2115,2104
56.08958916596133,2111,2103
56.09349567029104,2112,2102
56.09740217462075,2155,2151
56.10130867895046,2153,2148
56.105215183280166,2130,2111
56.10912168760988,2167,2163
56.113028191939584,2138,2124
56.11693469626929,2162,2154
56.120841200599,2128,2115
56.12474770492871,2150,2137
56.12865420925842,2130,2118
56.13256071358813,2138,2130
56.13646721791784,2123,2120
56.140373722247546,2109,2104
56.14428022657726,2133,2131
56.148186730906964,2122,2112
56.15209323523668,2123,2115
56.15599973956638,2128,2126
56.15990624389609,2145,2143
56.1638127482258,2150,2138
56.16771925255551,2134,2121
56.17162575688522,2140,2134
56.175532261214926,2128,2116
56.17943876554464,2110,2099
56.183345269874344,2110,2119
56.18725177420406,2137,2127
56.19115827853376,2114,2113
56.19506478286347,2114,2108
56.19897128719318,2118,2113
56.20287779152289,2143,2138
56.2067842958526,2157,2155
56.210690800182306,2133,2116
56.21459730451202,2131,2123
56.218503808841724,2133,2124
56.22241031317144,2083,2078
56.22631681750114,2093,2076
56.230223321830856,2111,2116
56.23412982616056,2072,2078
56.23803633049027,2083,2074
56.24194283481998,2065,2070
56.245849339149686,2030,2044
56.2497558434794,2050,2041
56.253662347809104,2051,2049
56.25756885213882,2046,2045
56.26147535646852,2045,2039
56.265381860798236,2027,2028
56.26928836512794,2009,2005
56.273194869457654,1980,1991
56.27710137378736,1946,1955
56.281007878117066,1997,1994
56.28491438244678,1977,1992
56.288820886776485,1946,1955
56.2927273911062,1947,1958
56.2966338954359,1971,1981
56.300540399765616,1971,1979
56.30444690409532,1976,1980
56.308353408425035,1990,1999
56.31225991275474,1997,1999
56.31616641708445,1975,1979
56.32007292141416,1960,1972
56.323979425743865,1970,1985
56.32788593007358,1943,1953
56.33179243440328,1955,1964
56.335698938732996,1958,1969
56.3396054430627,1965,1976
56.343511947392415,1976,1984
56.34741845172212,1961,1977
56.35132495605183,1978,1989
56.35523146038154,1964,1978
56.35913796471125,1980,1993
56.36304446904096,2002,2002
56.36695097337066,1978,1994
56.370857477700376,1976,1987
56.37476398203008,1973,1981
56.378670486359795,1961,1964
56.3825769906895,1943,1962
56.38648349501921,1939,1956
56.39038999934892,1952,1961
56.39429650367863,1961,1973
56.39820300800834,1971,1972
56.40210951233805,1967,1979
56.406016016667756,1982,1981
56.40992252099746,1972,1988
56.413829025327175,1985,1992
56.41773552965688,1993,2002
56.42164203398659,1972,1981
56.4255485383163,1955,1967
56.42945504264601,1977,1975
56.43336154697572,1958,1969
56.43726805130543,1966,1975
56.441174555635136,1944,1958
56.44508105996485,1952,1960
56.448987564294555,1951,1962
56.45289406862426,1963,1967
56.45680057295397,1986,1988
56.46070707728368,1984,1989
56.46461358161339,1990,1999
56.4685200859431,1984,1985
56.47242659027281,1984,1999
56.476333094602516,1988,2002
56.48023959893223,1990,1991
56.484146103261935,2001,2003
56.48805260759165,2005,2018
56.491959111921354,1999,1996
56.49586561625106,2011,2020
56.49977212058077,2043,2038
56.50367862491048,2051,2060
56.50758512924019,2095,2090
56.5114916335699,2086,2077
56.51539813789961,2081,2088
56.519304642229315,2113,2118
56.52321114655903,2109,2100
56.527117650888734,2120,2111
56.53102415521845,2109,2098
56.53493065954815,2112,2109
56.53883716387786,2095,2089
56.54274366820757,2104,2108
56.54665017253728,2119,2120
56.55055667686699,2140,2125
56.554463181196695,2158,2161
56.55836968552641,2138,2135
56.562276189856114,2138,2137
56.56618269418583,2158,2155
56.57008919851553,2126,2121
56.573995702845245,2142,2135
56.57790220717495,2102,2108
56.58180871150466,2071,2062
56.58571521583437,2106,2100
56.589621720164075,2110,2099
56.59352822449379,2116,2110
56.597434728823494,2130,2130
56.60134123315321,2121,2121
56.60524773748291,2153,2148
56.609154241812625,2131,2121
56.61306074614233,2148,2150
56.616967250472044,2137,2133
56.62087375480175,2147,2139
56.624780259131455,2152,2127
56.62868676346117,2115,2115
56.632593267790874,2117,2101
56.63649977212059,2110,2108
56.64040627645029,2117,2109
56.644312780780005,2099,2092
56.64821928510971,2118,2103
56.652125789439424,2136,2128
56.65603229376913,2131,2126
56.65993879809884,2140,2120
56.66384530242855,2138,2119
56.667751806758254,2108,2094
56.67165831108797,2143,2134
56.67556481541767,2101,2088
56.679471319747385,2114,2108
56.68337782407709,2123,2116
56.687284328406804,2107,2097
56.69119083273651,2111,2100
56.69509733706622,2115,2117
56.69900384139593,2122,2111
56.70291034572564,2130,2122
56.70681685005535,2148,2133
56.71072335438505,2154,2132
56.714629858714765,2116,2112
56.71853636304447,2154,2146
56.722442867374184,2113,2111
56.72634937170389,2122,2115
56.7302558760336,2082,2071
56.73416238036331,2088,2077
56.73806888469302,2056,2073
56.74197538902273,2076,2064
56.74588189335244,2043,2037
56.749788397682146,2052,2051
56.75369490201185,2051,2056
56.757601406341564,2014,2018
56.76150791067127,2028,2041
56.76541441500098,2023,2032
56.76932091933069,2012,2017
56.7732274236604,1980,1976
56.77713392799011,1979,1986
56.78104043231982,1983,1980
56.784946936649526,1960,1968
56.78885344097923,1955,1962
56.792759945308944,1927,1953
56.79666644963865,1953,1968
56.80057295396836,1970,1987
56.80447945829807,1980,1986
56.80838596262778,2027,2036
56.81229246695749,1975,1973
56.8161989712872,1971,1972
56.820105475616906,1989,1991
56.82401197994662,1972,1983
56.827918484276324,1960,1967
56.83182498860603,1954,1966
56.83573149293574,1950,1949
56.83963799726545,1948,1955
56.84354450159516,1984,1994
56.84745100592487,1969,1975
56.85135751025458,1964,1976
56.855264014584286,1989,1991
56.859170518914,1993,1998
56.863077023243704,1996,1997
56.86698352757342,1987,1995
56.87089003190312,1956,1966
56.87479653623283,1956,1957
56.87870304056254,1950,1949
56.88260954489225,1938,1951
56.88651604922196,1915,1928
56.890422553551666,1943,1960
56.89432905788138,1926,1943
56.898235562211084,1979,1988
56.9021420665408,1969,1981
56.9060485708705,1991,2000
56.909955075200216,1999,2003
56.91386157952992,2003,2003
56.91776808385963,1975,1986
56.92167458818934,2001,2009
56.925581092519046,1975,1983
56.92948759684876,1962,1976
56.933394101178465,1953,1961
56.93730060550818,1939,1944
56.94120710983788,1956,1961
56.945113614167596,1952,1963
56.9490201184973,1940,1956
56.952926622827015,1975,1988
56.95683312715672,1973,1976
56.960739631486426,1996,1998
56.96464613581614,1988,1992
56.968552640145845,1975,1992
56.97245914447556,1975,1979
56.97636564880526,1980,1985
56.980272153134976,2001,2013
56.98417865746468,1992,2004
56.988085161794395,1980,1989
56.9919916661241,1994,1998
56.99589817045381,2026,2022
56.99980467478352,2042,2032
57.003711179113225,2068,2062
57.00761768344294,2079,2079
57.01152418777264,2102,2088
57.015430692102356,2099,2100
57.01933719643206,2096,2081
57.023243700761775,2105,2100
57.02715020509148,2107,2099
57.03105670942119,2093,2090
57.0349632137509,2117,2122
57.03886971808061,2109,2097
57.04277622241032,2117,2101
57.04668272674002,2097,2092
57.050589231069736,2133,2126
57.05449573539944,2120,2117
57.058402239729155,2174,2167
57.06230874405886,2165,2149
57.06621524838857,2148,2132
57.07012175271828,2139,2136
57.07402825704799,2122,2119
57.0779347613777,2108,2113
57.08184126570741,2124,2115
57.085747770037116,2090,2079
57.08965427436682,2103,2102
57.093560778696535,2116,2108
57.09746728302624,2105,2099
57.10137378735595,2144,2128
57.10528029168566,2160,2155
57.10918679601537,2164,2166
57.11309330034508,2157,2150
57.11699980467479,2158,2138
57.120906309004496,2155,2148
57.12481281333421,2159,2150
57.128719317663915,2131,2120
57.13262582199362,2120,2114
57.136532326323334,2106,2098
57.14043883065304,2119,2110
57.14434533498275,2130,2115
57.14825183931246,2105,2100
57.15215834364217,2109,2106
57.15606484797188,2144,2131
57.15997135230159,2125,2127
57.163877856631295,2134,2123
57.16778436096101,2124,2119
57.171690865290714,2119,2115
57.17559736962042,2123,2110
57.17950387395013,2133,2119
57.18341037827984,2105,2101
57.18731688260955,2138,2118
57.19122338693926,2118,2110
57.19512989126897,2115,2108
57.199036395598675,2099,2089
57.20294289992839,2135,2136
57.206849404258094,2163,2152
57.21075590858781,2155,2142
57.21466241291751,2140,2126
57.21856891724722,2121,2117
57.22247542157693,2128,2137
57.22638192590664,2104,2103
57.23028843023635,2081,2075
57.234194934566055,2083,2083
57.23810143889577,2056,2067
57.242007943225474,2062,2048
57.24591444755519,2071,2062
57.24982095188489,2055,2060
57.253727456214605,2028,2033
57.25763396054431,2054,2051
57.26154046487402,2021,2026
57.26544696920373,2027,2022
57.269353473533435,2007,2018
57.27325997786315,1992,2004
57.277166482192854,1989,2000
57.28107298652257,1977,1986
57.28497949085227,1956,1972
57.288885995181985,1944,1949
57.29279249951169,1960,1974
57.296699003841404,1952,1965
57.30060550817111,1975,1975
57.304512012500815,1979,1978
57.30841851683053,1961,1973
57.312325021160234,1975,1982
57.31623152548995,1968,1976
57.32013802981965,1964,1966
57.324044534149365,1986,1990
57.32795103847907,1952,1949
57.331857542808784,1971,1974
57.33576404713849,1959,1955
57.3396705514682,1932,1945
57.34357705579791,1953,1969
57.347483560127614,1963,1960
57.35139006445733,1978,1987
57.35529656878703,1963,1967
57.359203073116745,1998,2017
57.36310957744645,1961,1975
57.367016081776164,1971,1979
57.37092258610587,1968,1975
57.37482909043558,1925,1935
57.37873559476529,1941,1946
57.382642099095,1981,1994
57.38654860342471,1942,1945
57.39045510775441,1956,1967
57.394361612084126,1945,1956
57.39826811641383,1957,1974
57.402174620743544,1963,1970
57.40608112507325,2000,2007
57.40998762940296,1994,1998
57.41389413373267,1986,1984
57.41780063806238,1973,1976
57.42170714239209,1962,1963
57.42561364672179,1974,1985
57.429520151051506,1983,1986
57.43342665538121,1951,1968
57.437333159710924,1957,1971
57.44123966404063,1959,1966
57.44514616837034,1966,1970
57.44905267270005,1963,1968
57.45295917702976,1975,1983
57.45686568135947,1963,1980
57.46077218568918,2003,2006
57.464678690018886,2012,2012
57.46858519434859,1993,1999
57.472491698678304,1984,1997
57.47639820300801,1979,1986
57.48030470733772,1996,2000
57.48421121166743,1973,1978
57.48811771599714,2008,2008
57.49202422032685,1989,1990
57.49593072465656,2008,2015
57.499837228986266,2035,2042
57.50374373331598,2072,2057
57.507650237645684,2067,2067
57.51155674197539,2109,2091
57.5154632463051,2100,2087
57.51936975063481,2099,2099
57.52327625496452,2116,2112
57.52718275929423,2102,2100
57.53108926362394,2118,2115
57.534995767953646,2088,2080
57.53890227228336,2118,2102
57.542808776613064,2132,2119
57.54671528094278,2137,2112
57.55062178527248,2133,2127
57.55452828960219,2125,2114
57.5584347939319,2132,2126
57.56234129826161,2148,2127
57.56624780259132,2156,2151
57.570154306921026,2138,2126
57.57406081125074,2128,2125
57.577967315580445,2129,2131
57.58187381991016,2119,2102
57.58578032423986,2098,2096
57.589686828569576,2106,2103
57.59359333289928,2105,2102
57.59749983722899,2139,2138
57.6014063415587,2138,2138
57.605312845888406,2147,2120
57.60921935021812,2133,2121
57.613125854547825,2139,2119
57.61703235887754,2154,2143
57.62093886320724,2135,2124
57.624845367536956,2122,2109
57.62875187186666,2124,2116
57.632658376196375,2115,2111
57.63656488052608,2111,2111
57.640471384855786,2119,2114
57.6443778891855,2110,2101
57.648284393515205,2130,2114
57.65219089784492,2125,2122
57.65609740217462,2132,2137
57.660003906504336,2157,2145
57.66391041083404,2108,2103
57.667816915163755,2142,2128
57.67172341949346,2122,2111
57.67562992382317,2098,2089
57.67953642815288,2123,2120
57.683442932482585,2126,2115
57.6873494368123,2101,2098
57.691255941142,2105,2091
57.695162445471716,2097,2092
57.69906894980142,2119,2106
57.702975454131135,2132,2123
57.70688195846084,2143,2133
57.71078846279055,2145,2141
57.71469496712026,2136,2127
57.71860147144997,2150,2142
57.72250797577968,2117,2108
57.72641448010938,2111,2094
57.730320984439096,2070,2055
57.7342274887688,2052,2064
57.738133993098515,2064,2055
57.74204049742822,2024,2019
57.74594700175793,2025,2033
57.74985350608764,2038,2044
57.75376001041735,2046,2053
57.75766651474706,2056,2057
57.76157301907677,2060,2058
57.765479523406476,2012,2006
57.76938602773618,2011,2021
57.773292532065895,2003,2008
57.7771990363956,1992,1999
57.781105540725314,1977,1990
57.78501204505502,1958,1963
57.78891854938473,1955,1963
57.79282505371444,1932,1939
57.79673155804415,1973,1987
57.80063806237386,1975,1976
57.80454456670357,1981,1986
57.808451071033275,1966,1976
57.81235757536298,1990,1986
57.816264079692694,1985,1987
57.8201705840224,1967,1982
57.82407708835211,1968,1970
57.82798359268182,1968,1975
57.83189009701153,1936,1949
57.83579660134124,1939,1946
57.83970310567095,1940,1943
57.843609610000655,1956,1982
57.84751611433037,1969,1982
57.851422618660074,1977,1980
57.85532912298978,1967,1978
57.85923562731949,1978,1984
57.8631421316492,1980,1989
57.86704863597891,1988,1994
57.87095514030862,1969,1983
57.87486164463833,1954,1970
57.878768148968035,1940,1949
57.88267465329775,1935,1947
57.886581157627454,1938,1961
57.89048766195717,1961,1966
57.89439416628687,1951,1957
57.89830067061658,1960,1986
57.90220717494629,1988,1990
57.906113679276,1966,1968
57.91002018360571,1980,1992
57.913926687935415,2005,2007
57.91783319226513,1972,1974
57.921739696594834,1951,1955
57.92564620092455,1969,1979
57.92955270525425,1989,1986
57.933459209583965,1974,1979
57.93736571391367,1964,1974
57.94127221824338,1944,1958
57.94517872257309,1956,1966
57.949085226902795,1972,1979
57.95299173123251,1982,1988
57.956898235562214,1955,1961
57.96080473989193,1988,2006
57.96471124422163,1987,1990
57.968617748551345,2001,2005
57.97252425288105,1960,1978
57.976430757210764,1996,1998
57.98033726154047,1959,1970
57.984243765870175,1994,2006
57.98815027019989,1994,1994
57.992056774529594,1989,2006
57.99596327885931,2009,2015
57.99986978318901,2057,2053
58.003776287518725,2071,2072
58.00768279184843,2078,2081
58.011589296178144,2096,2088
58.01549580050785,2113,2100
58.01940230483756,2109,2101
58.02330880916727,2127,2121
58.027215313496974,2108,2104
58.03112181782669,2117,2109
58.03502832215639,2115,2105
58.038934826486106,2111,2100
58.04284133081581,2109,2098
58.046747835145524,2129,2119
58.05065433947523,2106,2105
58.05456084380494,2144,2140
58.05846734813465,2135,2125
58.062373852464354,2140,2137
58.06628035679407,2142,2131
58.07018686112377,2121,2122
58.074093365453486,2100,2088
58.07799986978319,2150,2147
58.081906374112904,2110,2103
58.08581287844261,2114,2100
58.08971938277232,2102,2097
58.09362588710203,2114,2117
58.09753239143174,2103,2098
58.10143889576145,2118,2104
58.10534540009115,2133,2127
58.109251904420866,2132,2117
58.11315840875057,2144,2141
58.117064913080284,2134,2125
58.12097141740999,2142,2122
58.1248779217397,2146,2132
58.12878442606941,2116,2109
58.13269093039912,2097,2092
58.13659743472883,2111,2117
58.14050393905854,2129,2119
58.144410443388246,2126,2119
58.14831694771795,2120,2117
58.152223452047664,2133,2124
58.15612995637737,2134,2130
58.16003646070708,2143,2136
58.16394296503679,2133,2122
58.1678494693665,2139,2130
58.17175597369621,2131,2122
58.17566247802592,2108,2105
58.179568982355626,2128,2129
58.18347548668534,2104,2095
58.187381991015044,2103,2090
58.19128849534475,2107,2101
58.19519499967446,2126,2133
58.19910150400417,2103,2090
58.20300800833388,2129,2126
58.20691451266359,2129,2124
58.2108210169933,2141,2126
58.214727521323006,2152,2130
58.21863402565272,2129,2125
58.222540529982425,2119,2112
58.22644703431214,2114,2109
58.23035353864184,2061,2059
58.23426004297155,2090,2087
58.23816654730126,2061,2062
58.24207305163097,2065,2063
58.24597955596068,2021,2019
58.249886060290386,2055,2048
58.2537925646201,2061,2058
58.257699068949805,2035,2032
58.26160557327952,2018,2021
58.26551207760922,2042,2055
58.269418581938936,2006,2011
58.27332508626864,2004,2000
58.27723159059835,1980,1989
58.28113809492806,1953,1963
58.285044599257766,1974,1978
58.28895110358748,1969,1977
58.292857607917185,1952,1959
58.2967641122469,1966,1974
58.3006706165766,1982,1981
58.304577120906316,1991,1995
58.30848362523602,1966,1977
58.312390129565735,1995,2001
58.31629663389544,1977,1978
58.320203138225146,1997,2012
58.32410964255486,1980,1975
58.328016146884565,1980,1989
58.33192265121428,1970,1985
58.33582915554398,1954,1947
58.339735659873696,1961,1976
58.3436421642034,1980,1984
58.347548668533115,1963,1972
58.35145517286282,1964,1977
58.35536167719253,1957,1973
58.35926818152224,1969,1976
58.363174685851945,2004,2016
58.36708119018166,1970,1980
58.37098769451136,1957,1955
58.374894198841076,1945,1946
58.37880070317078,1948,1959
58.382707207500495,1946,1963
58.3866137118302,1931,1947
58.39052021615991,1944,1953
58.39442672048962,1980,1994
58.39833322481933,1960,1963
58.40223972914904,1960,1960
58.406146233478744,2013,2027
58.410052737808456,1988,1980
58.41395924213816,1972,1985
58.417865746467875,2000,2009
58.42177225079758,1981,1984
58.425678755127294,1958,1965
58.429585259457,1965,1966
58.43349176378671,1962,1966
58.43739826811642,1934,1951
58.44130477244613,1949,1965
58.44521127677584,1939,1957
58.44911778110554,1953,1967
58.453024285435255,1965,1976
58.45693078976496,1983,1986
58.460837294094674,2019,2029
58.46474379842438,1984,1991
58.46865030275409,2010,2012
58.4725568070838,1977,1981
58.47646331141351,1993,1994
58.48036981574322,1984,1990
58.48427632007293,2005,2001
58.488182824402635,1995,2000
58.49208932873234,2001,1998
58.495995833062054,2012,2013
58.49990233739176,2057,2056
58.50380884172147,2085,2080
58.50771534605118,2076,2064
58.51162185038089,2094,2086
58.5155283547106,2096,2084
58.51943485904031,2108,2106
58.523341363370015,2109,2101
58.52724786769973,2119,2124
58.531154372029434,2108,2102
58.53506087635914,2095,2081
58.53896738068885,2112,2111
58.54287388501856,2118,2104
58.54678038934827,2139,2131
58.55068689367798,2136,2127
58.55459339800769,2137,2125
58.558499902337395,2165,2152
58.56240640666711,2157,2146
58.566312910996814,2126,2120
58.57021941532653,2125,2119
58.57412591965623,2125,2115
58.57803242398594,2106,2110
58.58193892831565,2094,2096
58.58584543264536,2099,2099
58.58975193697507,2092,2088
58.593658441304775,2121,2104
58.59756494563449,2099,2087
58.601471449964194,2146,2139
58.60537795429391,2120,2096
58.60928445862361,2162,2152
58.613190962953325,2168,2165
58.61709746728303,2134,2131
58.62100397161274,2176,2157
58.62491047594245,2123,2110
58.628816980272155,2128,2115
58.63272348460187,2119,2098
58.636629988931574,2113,2107
58.64053649326129,2097,2087
58.64444299759099,2118,2118
58.648349501920706,2125,2114
58.65225600625041,2123,2120
58.656162510580124,2119,2118
58.66006901490983,2144,2131
58.663975519239536,2145,2126
58.66788202356925,2150,2145
58.671788527898954,2131,2120
58.67569503222867,2133,2120
58.67960153655837,2133,2119
58.683508040888086,2088,2083
58.68741454521779,2089,2075
58.691321049547504,2090,2083
58.69522755387721,2131,2115
58.699134058206916,2142,2139
58.70304056253663,2141,2138
58.706947066866334,2129,2119
58.71085357119605,2131,2119
58.71476007552575,2132,2121
58.718666579855466,2125,2120
58.72257308418517,2103,2099
58.726479588514884,2100,2101
58.73038609284459,2068,2061
58.7342925971743,2066,2069
58.73819910150401,2048,2055
58.742105605833714,2055,2051
58.74601211016343,2041,2041
58.74991861449313,2038,2043
58.753825118822846,2056,2063
58.75773162315255,2047,2043
58.761638127482264,2040,2039
58.76554463181197,2039,2037
58.76945113614168,1999,2009
58.77335764047139,1986,2001
58.7772641448011,1976,1981
58.78117064913081,1956,1960
58.78507715346051,1980,1981
58.788983657790226,1950,1960
58.79289016211993,1964,1979
58.796796666449644,1952,1957
58.80070317077935,1964,1984
58.80460967510906,1973,1982
58.80851617943877,1990,1992
58.81242268376848,1982,1992
58.81632918809819,1987,1997
58.8202356924279,2011,2011
58.824142196757606,1970,1986
58.82804870108731,1966,1980
58.831955205417025,1950,1950
58.83586170974673,1975,1991
58.83976821407644,1970,1968
58.84367471840615,1957,1961
58.84758122273586,1965,1983
58.85148772706557,1963,1965
58.85539423139528,1994,2009
58.859300735724986,1991,2011
58.8632072400547,1967,1971
58.867113744384405,2000,2006
58.87102024871411,1957,1964
58.87492675304382,1939,1951
58.87883325737353,1949,1974
58.88273976170324,1946,1952
58.88664626603295,1913,1923
58.89055277036266,1926,1938
58.894459274692366,1968,1974
58.89836577902208,1975,1967
58.902272283351785,1968,1976
58.9061787876815,1988,1998
58.9100852920112,1982,1988
58.91399179634091,1982,1991
58.91789830067062,1999,2000
58.92180480500033,1985,1994
58.92571130933004,1966,1973
58.929617813659746,1946,1955
58.93352431798946,1938,1950
58.937430822319165,1942,1948
58.94133732664888,1957,1961
58.94524383097858,1944,1958
58.949150335308296,1966,1968
58.953056839638,1977,1988
58.95696334396771,1976,1978
58.96086984829742,1992,1999
58.964776352627126,1989,1980
58.96868285695684,1972,1976
58.972589361286545,1983,1981
58.97649586561626,1998,1996
58.98040236994596,1981,1987
58.984308874275676,1970,1985
58.98821537860538,1996,2013
58.992121882935095,2018,2014
58.9960283872648,2010,2019
58.999934891594506,2080,2086
59.00384139592422,2069,2062
59.007747900253925,2091,2077
59.01165440458364,2115,2111
59.01556090891334,2102,2096
59.019467413243056,2120,2106
59.02337391757276,2108,2103
59.027280421902475,2111,2118
59.03118692623218,2098,2102
59.03509343056189,2115,2101
59.0389999348916,2122,2102
59.042906439221305,2118,2100
59.04681294355102,2128,2120
59.050719447880724,2109,2113
59.054625952210436,2152,2146
59.05853245654014,2160,2147
59.062438960869855,2131,2119
59.06634546519956,2149,2146
59.070251969529274,2138,2116
59.07415847385898,2133,2121
59.07806497818869,2115,2104
59.0819714825184,2124,2111
59.085877986848104,2100,2096
59.08978449117782,2124,2123
59.09369099550752,2111,2102
59.097597499837235,2122,2110
59.10150400416694,2133,2114
59.105410508496654,2151,2147
59.10931701282636,2179,2162
59.11322351715607,2129,2116
59.11713002148578,2142,2127
59.12103652581549,2143,2127
59.1249430301452,2146,2139
59.1288495344749,2107,2107
59.132756038804615,2127,2123
59.13666254313432,2092,2087
59.140569047464034,2101,2101
59.14447555179374,2116,2100
59.14838205612345,2135,2122
59.15228856045316,2113,2112
59.15619506478287,2122,2116
59.16010156911258,2147,2146
59.16400807344229,2136,2136
59.167914577771995,2126,2127
59.1718210821017,2128,2127
59.175727586431414,2120,2104
59.17963409076112,2096,2086
59.18354059509083,2119,2116
59.18744709942054,2107,2099
59.19135360375025,2093,2095
59.19526010807996,2103,2100
59.19916661240967,2122,2117
59.203073116739375,2101,2093
59.20697962106909,2143,2137
59.210886125398794,2151,2148
59.2147926297285,2111,2109
59.21869913405821,2121,2105
59.22260563838792,2145,2130
59.22651214271763,2078,2073
59.23041864704734,2088,2085
59.23432515137705,2098,2094
59.238231655706755,2062,2065
59.24213816003647,2036,2038
59.246044664366174,2019,2023
59.24995116869589,2045,2056
59.25385767302559,2065,2071
59.2577641773553,2012,2013
59.26167068168501,2034,2041
59.26557718601472,2018,2019
59.26948369034443,1999,2005
59.273390194674136,1983,1987
59.27729669900385,1968,1973
59.281203203333554,1945,1955
59.28510970766327,1966,1979
59.28901621199297,1952,1955
59.292922716322686,1941,1961
59.29682922065239,1947,1961
59.3007357249821,1965,1982
59.30464222931181,1967,1981
59.308548733641516,1978,1984
59.31245523797123,2006,2011
59.316361742300934,1976,1996
59.32026824663065,1993,2005
59.32417475096035,1964,1983
59.328081255290066,1949,1957
59.33198775961977,1963,1974
59.33589426394948,1966,1971
59.33980076827919,1962,1974
59.343707272608896,1982,1989
59.34761377693861,1955,1957
59.351520281268314,1965,1982
59.35542678559803,1979,1983
59.35933328992773,1970,1978
59.363239794257446,1983,1975
59.36714629858715,1968,1981
59.371052802916864,1962,1976
59.37495930724657,1965,1966
59.378865811576276,1972,1998
59.38277231590599,1935,1947
59.386678820235694,1955,1964
59.39058532456541,1958,1972
59.39449182889511,1939,1953
59.398398333224826,1979,1984
59.40230483755453,1989,2000
59.406211341884244,1990,2001
59.41011784621395,1976,1979
59.41402435054366,1973,1987
59.41793085487337,1981,1993
59.421837359203074,1987,1979
59.42574386353279,1971,1977
59.42965036786249,1977,1981
59.433556872192206,1960,1964
59.43746337652191,1950,1963
59.441369880851624,1973,1974
59.44527638518133,1954,1954
59.44918288951104,1963,1974
59.45308939384075,1985,1975
59.45699589817046,1975,1982
59.46090240250017,1968,1979
59.46480890682987,1990,1983
59.468715411159586,1988,2001
59.47262191548929,1992,1994
59.476528419819005,1984,1990
59.48043492414871,1986,1979
59.48434142847842,1966,1969
59.48824793280813,2005,2008
59.49215443713784,2013,2031
59.49606094146755,2033,2025
59.49996744579726,2037,2035
59.503873950126966,2060,2065
59.50778045445667,2071,2065
59.511686958786385,2076,2070
59.51559346311609,2123,2120
59.5194999674458,2106,2101
59.52340647177551,2111,2102
59.52731297610522,2141,2139
59.53121948043493,2117,2117
59.53512598476464,2109,2105
59.539032489094346,2081,2080
59.54293899342406,2113,2109
59.546845497753765,2105,2097
59.55075200208347,2121,2107
59.55465850641318,2121,2114
59.55856501074289,2134,2116
59.5624715150726,2140,2121
59.56637801940231,2152,2133
59.57028452373202,2119,2120
59.574191028061726,2120,2101
59.57809753239144,2116,2109
59.582004036721145,2114,2098
59.58591054105086,2111,2099
59.58981704538056,2111,2112
59.59372354971027,2123,2114
59.59763005403998,2108,2113
59.60153655836969,2136,2119
59.6054430626994,2149,2139
59.609349567029106,2155,2144
59.61325607135882,2172,2171
59.617162575688525,2128,2117
59.62106908001824,2129,2122
59.62497558434794,2114,2108
59.628882088677656,2104,2099
59.63278859300736,2124,2115
59.63669509733707,2096,2090
59.64060160166678,2110,2102
59.644508105996486,2119,2114
59.6484146103262,2108,2115
59.652321114655905,2144,2135
59.65622761898562,2116,2113
59.66013412331532,2144,2138
59.664040627645036,2138,2135
59.66794713197474,2126,2116
59.671853636304455,2133,2127
59.67576014063416,2121,2121
59.679666644963866,2128,2108
59.68357314929358,2103,2108
59.687479653623285,2098,2088
59.691386157953,2096,2099
59.695292662282704,2112,2100
59.699199166612416,2135,2120
59.70310567094212,2119,2109
59.707012175271835,2143,2126
59.71091867960154,2168,2142
59.714825183931254,2128,2119
59.71873168826096,2119,2104
59.722638192590665,2123,2108
59.72654469692038,2093,2088
59.730451201250084,2094,2084
59.7343577055798,2075,2072
59.7382642099095,2052,2063
59.742170714239215,2048,2058
59.74607721856892,2046,2051
59.749983722898634,2040,2044
59.75389022722834,2044,2042
59.75779673155805,2033,2029
59.76170323588776,2032,2031
59.765609740217464,2029,2033
59.76951624454718,1994,1996
59.77342274887688,1984,1989
59.777329253206595,1972,1985
59.7812357575363,1966,1961
59.785142261866014,1931,1936
59.78904876619572,1923,1938
59.79295527052543,1945,1963
59.79686177485514,1956,1973
59.80076827918485,1954,1979
59.80467478351456,1968,1973
59.80858128784426,1998,2003
59.812487792173975,1993,1996
59.81639429650368,1960,1970
59.820300800833394,1985,1985
59.8242073051631,1976,1978
59.82811380949281,1974,1980
59.83202031382252,1950,1958
59.83592681815223,1951,1964
59.83983332248194,1927,1947
59.84373982681165,1936,1937
59.847646331141355,1948,1948
59.85155283547106,1989,1997
59.855459339800774,1973,1981
59.85936584413048,1973,1978
59.86327234846019,1981,1983
59.8671788527899,1984,1993
59.87108535711961,1966,1973
59.87499186144932,1955,1961
59.87889836577903,1955,1964
59.882804870108735,1952,1959
59.88671137443845,1943,1932
59.890617878768154,1952,1963
59.89452438309786,1946,1954
59.89843088742757,1970,1970
59.90233739175728,1969,1972
59.90624389608699,1997,1993
59.9101504004167,1986,1990
59.91405690474641,1987,1990
59.917963409076116,2000,1992
59.92186991340583,1962,1963
59.925776417735534,1984,1995
59.92968292206524,1974,1969
59.93358942639495,1940,1954
59.93749593072466,1923,1941
59.94140243505437,1956,1965
59.94530893938408,1958,1961
59.94921544371379,1945,1955
59.953121948043496,1963,1966
59.95702845237321,1981,1985
59.960934956702914,1984,1996
59.96484146103263,1988,1998
59.96874796536233,1979,1984
59.97265446969204,2006,2007
59.97656097402175,1972,1978
59.98046747835146,1982,1980
59.98437398268117,1992,1989
59.988280487010876,1993,1999
59.99218699134059,1996,2010
59.996093495670294,2034,2027
60.0,2060,2069
