Timestamp,ADC_KIRI,ADC_KANAN
0.0,2026,2031
0.003906504329708966,2075,2072
0.007813008659417931,2114,2106
0.011719512989126896,2133,2121
0.015626017318835863,2118,2107
0.01953252164854483,2125,2119
0.023439025978253793,2111,2101
0.02734553030796276,2141,2134
0.031252034637671726,2124,2123
0.03515853896738069,2108,2110
0.03906504329708966,2094,2111
0.042971547626798626,2071,2058
0.046878051956507585,2078,2073
0.05078455628621655,2073,2070
0.05469106061592552,2064,2058
0.058597564945634485,2039,2042
0.06250406927534345,2027,2016
0.06641057360505241,1999,2008
0.07031707793476139,2001,2014
0.07422358226447034,1989,1995
0.07813008659417932,1979,1997
0.08203659092388828,1984,1985
0.08594309525359725,2000,2002
0.08984959958330621,1994,2003
0.09375610391301517,2007,2018
0.09766260824272414,2027,2025
0.1015691125724331,2067,2069
0.10547561690214208,2115,2105
0.10938212123185104,2107,2104
0.11328862556156001,2132,2120
0.11719512989126897,2135,2121
0.12110163422097794,2117,2104
0.1250081385506869,2119,2109
0.12891464288039586,2137,2129
0.13282114721010482,2107,2107
0.1367276515398138,2097,2094
0.14063415586952277,2075,2066
0.14454066019923173,2052,2045
0.1484471645289407,2052,2052
0.15235366885864968,2041,2035
0.15626017318835864,2060,2052
0.1601666775180676,2029,2034
0.16407318184777656,2006,2004
0.16797968617748552,1975,1977
0.1718861905071945,1997,1999
0.17579269483690346,1986,1990
0.17969919916661242,2003,2027
0.18360570349632138,1997,2008
0.18751220782603034,2003,2012
0.19141871215573933,2005,1997
0.1953252164854483,2019,2015
0.19923172081515725,2075,2083
0.2031382251448662,2107,2095
0.2070447294745752,2127,2131
0.21095123380428416,2116,2107
0.21485773813399311,2141,2130
0.21876424246370207,2135,2121
0.22267074679341103,2152,2143
0.22657725112312002,2145,2134
0.23048375545282898,2132,2119
0.23439025978253794,2100,2094
0.2382967641122469,2077,2073
0.2422032684419559,2058,2060
0.24610977277166485,2054,2053
0.2500162771013738,2029,2036
0.25392278143108277,2064,2057
0.2578292857607917,2042,2049
0.2617357900905007,2031,2024
0.26564229442020965,1986,1994
0.26954879874991866,1951,1958
0.2734553030796276,1966,1967
0.2773618074093366,1975,1978
0.28126831173904554,1969,1970
0.2851748160687545,1936,1955
0.28908132039846346,1949,1960
0.2929878247281724,1984,1984
0.2968943290578814,1998,2006
0.30080083338759034,2026,2030
0.30470733771729935,2077,2071
0.3086138420470083,2112,2111
0.3125203463767173,2113,2119
0.31642685070642623,2094,2095
0.3203333550361352,2132,2134
0.32423985936584415,2109,2099
0.3281463636955531,2091,2080
0.33205286802526207,2127,2115
0.33595937235497103,2100,2090
0.33986587668468005,2080,2085
0.343772381014389,2025,2036
0.34767888534409797,2051,2042
0.3515853896738069,2029,2033
0.3554918940035159,2022,2037
0.35939839833322484,2027,2022
0.3633049026629338,1999,2004
0.36721140699264276,1980,1979
0.3711179113223517,1950,1966
0.3750244156520607,1994,1997
0.3789309199817697,1962,1957
0.38283742431147866,1992,1994
0.3867439286411876,1953,1955
0.3906504329708966,1995,2005
0.39455693730060554,1982,1989
0.3984634416303145,2031,2038
0.40236994596002346,2067,2069
0.4062764502897324,2091,2078
0.4101829546194414,2112,2102
0.4140894589491504,2086,2085
0.41799596327885935,2111,2097
0.4219024676085683,2106,2098
0.42580897193827727,2100,2101
0.42971547626798623,2116,2107
0.4336219805976952,2066,2069
0.43752848492740415,2067,2064
0.4414349892571131,2044,2053
0.44534149358682207,2035,2036
0.4492479979165311,2037,2050
0.45315450224624004,2024,2026
0.457061006575949,2025,2017
0.46096751090565796,2008,2008
0.4648740152353669,1976,1996
0.4687805195650759,1965,1967
0.47268702389478484,1976,1986
0.4765935282244938,1963,1970
0.48050003255420276,1968,1969
0.4844065368839118,1955,1969
0.48831304121362074,1972,1971
0.4922195455433297,2000,2007
0.49612604987303865,1991,1994
0.5000325542027476,2047,2051
0.5039390585324566,2109,2104
0.5078455628621655,2124,2121
0.5117520671918745,2135,2129
0.5156585715215835,2121,2110
0.5195650758512924,2125,2126
0.5234715801810014,2152,2159
0.5273780845107103,2139,2125
0.5312845888404193,2124,2114
0.5351910931701283,2108,2100
0.5390975974998373,2067,2067
0.5430041018295463,2037,2035
0.5469106061592552,2076,2060
0.5508171104889642,2061,2069
0.5547236148186732,2089,2087
0.5586301191483821,2054,2065
0.5625366234780911,2021,2015
0.5664431278078,2002,2003
0.570349632137509,1974,1981
0.574256136467218,1995,2001
0.5781626407969269,1985,2000
0.5820691451266359,1973,1974
0.5859756494563448,1963,1970
0.5898821537860538,1967,1970
0.5937886581157628,2006,2001
0.5976951624454717,2035,2038
0.6016016667751807,2078,2077
0.6055081711048896,2101,2086
0.6094146754345987,2134,2118
0.6133211797643077,2116,2109
0.6172276840940166,2100,2099
0.6211341884237256,2129,2123
0.6250406927534345,2116,2111
0.6289471970831435,2122,2118
0.6328537014128525,2101,2094
0.6367602057425614,2063,2077
0.6406667100722704,2064,2063
0.6445732144019793,2047,2051
0.6484797187316883,2045,2051
0.6523862230613973,2070,2062
0.6562927273911062,2055,2061
0.6601992317208152,2048,2054
0.6641057360505241,2001,2001
0.6680122403802331,1996,2010
0.6719187447099421,2007,2010
0.675825249039651,1995,1989
0.6797317533693601,1999,1987
0.683638257699069,1981,1994
0.687544762028778,1986,1991
0.691451266358487,1981,1979
0.6953577706881959,2028,2021
0.6992642750179049,2049,2053
0.7031707793476139,2077,2065
0.7070772836773228,2115,2113
0.7109837880070318,2116,2114
0.7148902923367407,2133,2109
0.7187967966664497,2135,2123
0.7227033009961586,2137,2129
0.7266098053258676,2136,2121
0.7305163096555766,2133,2132
0.7344228139852855,2099,2092
0.7383293183149945,2082,2087
0.7422358226447034,2050,2045
0.7461423269744124,2043,2036
0.7500488313041214,2053,2040
0.7539553356338304,2030,2035
0.7578618399635394,2044,2046
0.7617683442932484,1981,1996
0.7656748486229573,1985,1997
0.7695813529526663,1958,1966
0.7734878572823752,1962,1971
0.7773943616120842,1965,1968
0.7813008659417932,1957,1976
0.7852073702715021,1952,1951
0.7891138746012111,1942,1958
0.79302037893092,1964,1982
0.796926883260629,1979,1984
0.800833387590338,2026,2017
0.8047398919200469,2082,2086
0.8086463962497559,2080,2073
0.8125529005794648,2109,2100
0.8164594049091738,2083,2087
0.8203659092388828,2102,2097
0.8242724135685918,2111,2097
0.8281789178983008,2126,2111
0.8320854222280097,2094,2093
0.8359919265577187,2083,2082
0.8398984308874277,2057,2050
0.8438049352171366,2045,2066
0.8477114395468456,2034,2042
0.8516179438765545,2042,2048
0.8555244482062635,2050,2050
0.8594309525359725,2050,2047
0.8633374568656814,2002,2024
0.8672439611953904,1963,1973
0.8711504655250993,1956,1969
0.8750569698548083,1976,1997
0.8789634741845173,1984,1989
0.8828699785142262,1978,1993
0.8867764828439352,1971,1990
0.8906829871736441,1971,1966
0.8945894915033532,1981,1987
0.8984959958330622,2021,2017
0.9024025001627711,2063,2066
0.9063090044924801,2090,2091
0.910215508822189,2103,2094
0.914122013151898,2127,2116
0.918028517481607,2086,2078
0.9219350218113159,2103,2107
0.9258415261410249,2118,2119
0.9297480304707338,2115,2114
0.9336545348004428,2083,2091
0.9375610391301518,2058,2054
0.9414675434598607,2020,2015
0.9453740477895697,2003,2003
0.9492805521192786,2028,2034
0.9531870564489876,2038,2034
0.9570935607786966,2040,2039
0.9610000651084055,1988,1990
0.9649065694381146,2001,2003
0.9688130737678236,1978,1974
0.9727195780975325,1947,1959
0.9766260824272415,1956,1957
0.9805325867569504,1987,1990
0.9844390910866594,1960,1961
0.9883455954163683,1968,1977
0.9922520997460773,1998,1995
0.9961586040757863,1994,1998
1.0000651084054952,2046,2046
1.0039716127352043,2085,2084
1.0078781170649131,2094,2086
1.0117846213946222,2123,2104
1.015691125724331,2125,2111
1.0195976300540401,2126,2113
1.023504134383749,2130,2118
1.027410638713458,2126,2117
1.031317143043167,2132,2122
1.035223647372876,2096,2090
1.0391301517025848,2074,2068
1.043036656032294,2079,2060
1.0469431603620027,2063,2056
1.0508496646917118,2055,2052
1.0547561690214207,2058,2058
1.0586626733511297,2068,2066
1.0625691776808386,2018,2022
1.0664756820105477,2010,2018
1.0703821863402565,1974,1993
1.0742886906699656,1995,1991
1.0781951949996746,1983,1986
1.0821016993293835,2026,2034
1.0860082036590926,1978,1980
1.0899147079888014,2007,2007
1.0938212123185105,2000,2004
1.0977277166482193,2041,2039
1.1016342209779284,2078,2075
1.1055407253076373,2085,2091
1.1094472296373463,2118,2114
1.1133537339670552,2125,2118
1.1172602382967642,2120,2114
1.121166742626473,2126,2117
1.1250732469561822,2128,2112
1.128979751285891,2124,2121
1.1328862556156,2114,2094
1.136792759945309,2093,2085
1.140699264275018,2046,2049
1.144605768604727,2044,2032
1.148512272934436,2045,2055
1.152418777264145,2050,2052
1.1563252815938538,2085,2083
1.160231785923563,2053,2062
1.1641382902532718,2017,2025
1.1680447945829808,2013,2029
1.1719512989126897,1972,1979
1.1758578032423987,1980,1980
1.1797643075721076,1984,1999
1.1836708119018167,1992,2001
1.1875773162315255,1985,1979
1.1914838205612346,1999,2011
1.1953903248909434,2031,2033
1.1992968292206525,2032,2026
1.2032033335503614,2098,2086
1.2071098378800704,2103,2087
1.2110163422097793,2150,2142
1.2149228465394883,2129,2116
1.2188293508691974,2124,2120
1.2227358551989063,2140,2120
1.2266423595286153,2124,2113
1.2305488638583242,2132,2123
1.2344553681880333,2108,2106
1.238361872517742,2092,2076
1.2422683768474512,2056,2054
1.24617488117716,2066,2066
1.250081385506869,2065,2057
1.253987889836578,2051,2050
1.257894394166287,2046,2033
1.2618008984959959,2005,2008
1.265707402825705,1964,1972
1.2696139071554138,1969,1970
1.2735204114851228,1945,1947
1.2774269158148317,1940,1948
1.2813334201445408,1951,1956
1.2852399244742496,1969,1973
1.2891464288039587,1952,1967
1.2930529331336678,1974,1975
1.2969594374633766,1996,1997
1.3008659417930857,2025,2025
1.3047724461227945,2079,2077
1.3086789504525036,2080,2075
1.3125854547822124,2095,2095
1.3164919591119215,2088,2078
1.3203984634416304,2105,2090
1.3243049677713394,2120,2101
1.3282114721010483,2081,2073
1.3321179764307574,2110,2098
1.3360244807604662,2069,2062
1.3399309850901753,2033,2034
1.3438374894198841,2048,2055
1.3477439937495932,2039,2046
1.351650498079302,2033,2018
1.3555570024090111,2056,2054
1.3594635067387202,2025,2035
1.363370011068429,2003,2008
1.367276515398138,2004,2017
1.371183019727847,1971,1981
1.375089524057556,1977,1982
1.3789960283872649,1979,1983
1.382902532716974,1985,1999
1.3868090370466828,1962,1978
1.3907155413763919,1977,1977
1.3946220457061007,1988,1993
1.3985285500358098,2055,2061
1.4024350543655186,2075,2062
1.4063415586952277,2111,2106
1.4102480630249365,2109,2113
1.4141545673546456,2119,2116
1.4180610716843545,2108,2093
1.4219675760140635,2110,2099
1.4258740803437724,2108,2104
1.4297805846734815,2114,2105
1.4336870890031905,2100,2109
1.4375935933328994,2058,2047
1.4415000976626084,2042,2052
1.4454066019923173,2040,2051
1.4493131063220264,2033,2030
1.4532196106517352,2024,2029
1.4571261149814443,2030,2029
1.4610326193111531,2018,2016
1.4649391236408622,1987,1993
1.468845627970571,1952,1955
1.4727521323002801,1946,1959
1.476658636629989,1954,1964
1.480565140959698,1982,1988
1.484471645289407,1975,1982
1.488378149619116,1950,1946
1.4922846539488248,1994,1987
1.4961911582785339,2004,2005
1.5000976626082427,2062,2065
1.5040041669379518,2095,2091
1.5079106712676609,2131,2128
1.5118171755973697,2170,2159
1.5157236799270788,2116,2110
1.5196301842567876,2125,2127
1.5235366885864967,2158,2149
1.5274431929162056,2138,2130
1.5313496972459146,2114,2097
1.5352562015756235,2100,2104
1.5391627059053326,2108,2107
1.5430692102350414,2044,2058
1.5469757145647505,2075,2072
1.5508822188944593,2054,2051
1.5547887232241684,2084,2080
1.5586952275538772,2028,2026
1.5626017318835863,2028,2024
1.5665082362132952,1999,2006
1.5704147405430042,2001,1999
1.5743212448727133,1996,2007
1.5782277492024221,1959,1972
1.5821342535321312,2008,2027
1.58604075786184,1986,2006
1.5899472621915491,1992,1995
1.593853766521258,1999,1995
1.597760270850967,2031,2029
1.601666775180676,2082,2083
1.605573279510385,2105,2090
1.6094797838400938,2119,2112
1.613386288169803,2112,2105
1.6172927924995117,2135,2125
1.6211992968292208,2121,2124
1.6251058011589297,2118,2117
1.6290123054886387,2123,2123
1.6329188098183476,2117,2108
1.6368253141480567,2090,2087
1.6407318184777655,2058,2063
1.6446383228074746,2026,2037
1.6485448271371836,2093,2091
1.6524513314668925,2056,2047
1.6563578357966016,2067,2061
1.6602643401263104,2045,2034
1.6641708444560195,2013,2015
1.6680773487857283,2008,2008
1.6719838531154374,1981,1984
1.6758903574451463,1964,1965
1.6797968617748553,2010,2007
1.6837033661045642,1989,2000
1.6876098704342732,1978,1980
1.691516374763982,1995,1990
1.6954228790936912,2027,2035
1.6993293834234,2050,2044
1.703235887753109,2118,2110
1.707142392082818,2143,2123
1.711048896412527,2149,2135
1.714955400742236,2110,2106
1.718861905071945,2149,2135
1.722768409401654,2141,2132
1.7266749137313628,2144,2131
1.730581418061072,2135,2125
1.7344879223907808,2118,2121
1.7383944267204898,2093,2069
1.7423009310501987,2078,2077
1.7462074353799077,2068,2067
1.7501139397096166,2036,2025
1.7540204440393257,2041,2038
1.7579269483690345,2021,2023
1.7618334526987436,2014,2017
1.7657399570284524,1967,1978
1.7696464613581615,1959,1970
1.7735529656878704,1948,1966
1.7774594700175794,1945,1961
1.7813659743472883,1965,1973
1.7852724786769973,1971,1983
1.7891789830067064,1957,1960
1.7930854873364153,1957,1966
1.7969919916661243,1997,2004
1.8008984959958332,2024,2035
1.8048050003255423,2085,2088
1.808711504655251,2095,2079
1.8126180089849602,2089,2102
1.816524513314669,2073,2073
1.820431017644378,2096,2094
1.824337521974087,2092,2092
1.828244026303796,2120,2100
1.8321505306335049,2113,2105
1.836057034963214,2090,2091
1.8399635392929228,2060,2062
1.8438700436226318,2047,2037
1.8477765479523407,2038,2038
1.8516830522820498,2041,2037
1.8555895566117586,2039,2037
1.8594960609414677,2008,2009
1.8634025652711768,2025,2025
1.8673090696008856,1985,1988
1.8712155739305947,2003,2017
1.8751220782603035,1976,1986
1.8790285825900126,1961,1974
1.8829350869197214,1957,1970
1.8868415912494305,1970,1977
1.8907480955791394,1976,1991
1.8946545999088484,2009,2013
1.8985611042385573,2025,2026
1.9024676085682664,2046,2042
1.9063741128979752,2101,2105
1.9102806172276843,2108,2109
1.9141871215573931,2112,2109
1.9180936258871022,2115,2111
1.922000130216811,2114,2109
1.9259066345465201,2111,2099
1.9298131388762292,2094,2108
1.933719643205938,2097,2087
1.937626147535647,2044,2042
1.941532651865356,2028,2027
1.945439156195065,2028,2033
1.9493456605247739,2013,2023
1.953252164854483,2040,2044
1.9571586691841918,2028,2032
1.9610651735139009,1987,1989
1.9649716778436097,1975,1971
1.9688781821733188,1956,1968
1.9727846865030276,1951,1950
1.9766911908327367,1932,1941
1.9805976951624455,1978,1988
1.9845041994921546,1954,1961
1.9884107038218635,1973,1987
1.9923172081515725,1956,1967
1.9962237124812814,1992,1992
2.0001302168109905,2064,2070
2.0040367211406993,2093,2088
2.0079432254704086,2117,2103
2.0118497298001174,2138,2124
2.0157562341298263,2131,2118
2.019662738459535,2121,2113
2.0235692427892444,2119,2112
2.0274757471189533,2150,2134
2.031382251448662,2121,2108
2.035288755778371,2112,2106
2.0391952601080803,2072,2078
2.043101764437789,2079,2075
2.047008268767498,2083,2073
2.050914773097207,2070,2069
2.054821277426916,2065,2070
2.058727781756625,2056,2043
2.062634286086334,2036,2028
2.0665407904160427,2011,2023
2.070447294745752,1997,1995
2.074353799075461,1988,1988
2.0782603034051697,1986,1991
2.082166807734879,2003,2006
2.086073312064588,2010,2020
2.0899798163942966,2013,2015
2.0938863207240055,2011,2020
2.097792825053715,2015,2022
2.1016993293834236,2088,2094
2.1056058337131325,2110,2108
2.1095123380428413,2134,2128
2.1134188423725506,2119,2118
2.1173253467022595,2096,2087
2.1212318510319683,2108,2103
2.125138355361677,2119,2121
2.1290448596913865,2122,2117
2.1329513640210953,2104,2103
2.136857868350804,2086,2075
2.140764372680513,2044,2048
2.1446708770102223,2043,2053
2.148577381339931,2065,2064
2.15248388566964,2039,2032
2.1563903899993493,2052,2048
2.160296894329058,2035,2034
2.164203398658767,2013,2018
2.168109902988476,1991,2000
2.172016407318185,1969,1981
2.175922911647894,1976,1983
2.179829415977603,1974,1980
2.1837359203073117,1970,1977
2.187642424637021,2002,2002
2.19154892896673,1996,1988
2.1954554332964387,2028,2041
2.1993619376261475,2063,2066
2.203268441955857,2106,2095
2.2071749462855657,2146,2141
2.2110814506152745,2154,2148
2.214987954944984,2152,2149
2.2188944592746926,2152,2136
2.2228009636044015,2132,2126
2.2267074679341103,2139,2128
2.2306139722638196,2127,2119
2.2345204765935285,2108,2100
2.2384269809232373,2074,2069
2.242333485252946,2084,2093
2.2462399895826555,2065,2068
2.2501464939123643,2031,2033
2.254052998242073,2063,2068
2.257959502571782,2031,2031
2.2618660069014913,2012,2009
2.2657725112312,1984,1988
2.269679015560909,1964,1975
2.273585519890618,1961,1979
2.277492024220327,1966,1968
2.281398528550036,1963,1969
2.285305032879745,1942,1951
2.289211537209454,1965,1981
2.293118041539163,1960,1978
2.297024545868872,1990,2002
2.3009310501985807,2050,2047
2.30483755452829,2092,2078
2.308744058857999,2078,2075
2.3126505631877077,2095,2083
2.3165570675174165,2081,2090
2.320463571847126,2101,2087
2.3243700761768347,2119,2122
2.3282765805065435,2093,2093
2.3321830848362524,2107,2104
2.3360895891659617,2077,2070
2.3399960934956705,2060,2057
2.3439025978253794,2045,2043
2.347809102155088,2045,2055
2.3517156064847975,2040,2046
2.3556221108145063,2051,2058
2.359528615144215,2039,2043
2.3634351194739245,2001,2012
2.3673416238036333,2001,2006
2.371248128133342,1982,1986
2.375154632463051,1974,1979
2.3790611367927603,1955,1963
2.382967641122469,1992,2001
2.386874145452178,1983,1984
2.390780649781887,1989,1994
2.394687154111596,1979,1978
2.398593658441305,2040,2042
2.402500162771014,2039,2036
2.4064066671007227,2096,2093
2.410313171430432,2120,2121
2.414219675760141,2105,2098
2.4181261800898497,2096,2090
2.4220326844195585,2133,2120
2.425939188749268,2119,2116
2.4298456930789767,2094,2098
2.4337521974086855,2110,2107
2.437658701738395,2068,2077
2.4415652060681037,2067,2071
2.4454717103978125,1995,1996
2.4493782147275214,2037,2045
2.4532847190572307,2047,2047
2.4571912233869395,2024,2031
2.4610977277166484,2025,2026
2.465004232046357,1979,1991
2.4689107363760665,1966,1975
2.4728172407057754,1937,1947
2.476723745035484,1954,1967
2.480630249365193,1977,1987
2.4845367536949023,1952,1966
2.488443258024611,1963,1966
2.49234976235432,1982,1994
2.496256266684029,1992,1997
2.500162771013738,2064,2064
2.504069275343447,2082,2082
2.507975779673156,2125,2119
2.511882284002865,2111,2104
2.515788788332574,2134,2129
2.519695292662283,2145,2137
2.5236017969919917,2115,2104
2.527508301321701,2132,2124
2.53141480565141,2146,2137
2.5353213099811187,2113,2094
2.5392278143108276,2081,2071
2.543134318640537,2056,2061
2.5470408229702457,2062,2058
2.5509473272999545,2055,2055
2.5548538316296634,2067,2067
2.5587603359593727,2048,2057
2.5626668402890815,2019,2024
2.5665733446187904,2008,2006
2.5704798489484992,2001,2009
2.5743863532782085,1992,1991
2.5782928576079174,2015,2028
2.5821993619376262,1999,1996
2.5861058662673355,1988,2001
2.5900123705970444,1988,1991
2.593918874926753,2007,2015
2.597825379256462,2038,2031
2.6017318835861714,2061,2051
2.60563838791588,2084,2076
2.609544892245589,2102,2097
2.613451396575298,2120,2119
2.617357900905007,2124,2119
2.621264405234716,2130,2125
2.625170909564425,2119,2112
2.6290774138941337,2126,2127
2.632983918223843,2123,2123
2.636890422553552,2070,2054
2.6407969268832607,2073,2071
2.64470343121297,2053,2052
2.648609935542679,2071,2064
2.6525164398723877,2070,2067
2.6564229442020966,2049,2049
2.660329448531806,2035,2037
2.6642359528615147,2009,2011
2.6681424571912236,1987,1985
2.6720489615209324,1990,1991
2.6759554658506417,2004,2021
2.6798619701803505,1975,1984
2.6837684745100594,2010,2023
2.6876749788397682,2014,2011
2.6915814831694775,1997,2006
2.6954879874991864,2024,2025
2.6993944918288952,2069,2058
2.703300996158604,2093,2094
2.7072075004883134,2123,2122
2.7111140048180222,2134,2136
2.715020509147731,2115,2109
2.7189270134774404,2136,2136
2.722833517807149,2123,2119
2.726740022136858,2145,2124
2.730646526466567,2138,2142
2.734553030796276,2119,2107
2.738459535125985,2092,2105
2.742366039455694,2062,2067
2.7462725437854028,2055,2070
2.750179048115112,2038,2036
2.754085552444821,2025,2032
2.7579920567745297,2015,2020
2.7618985611042386,2018,2017
2.765805065433948,1998,2000
2.7697115697636567,1960,1973
2.7736180740933656,1970,1977
2.7775245784230744,1974,1984
2.7814310827527837,1964,1974
2.7853375870824926,1954,1958
2.7892440914122014,1958,1955
2.7931505957419107,1978,1988
2.7970571000716196,2013,2015
2.8009636044013284,2047,2051
2.8048701087310373,2073,2084
2.8087766130607466,2101,2105
2.8126831173904554,2098,2088
2.8165896217201642,2106,2101
2.820496126049873,2095,2105
2.8244026303795824,2111,2101
2.8283091347092912,2109,2107
2.832215639039,2098,2097
2.836122143368709,2061,2061
2.8400286476984182,2054,2055
2.843935152028127,2073,2082
2.847841656357836,2029,2025
2.8517481606875448,2052,2047
2.855654665017254,2032,2034
2.859561169346963,2008,2004
2.8634676736766718,1991,1997
2.867374178006381,1982,1997
2.87128068233609,1959,1963
2.8751871866657988,1972,1986
2.8790936909955076,1963,1973
2.883000195325217,1955,1961
2.8869066996549257,1970,1974
2.8908132039846346,2000,1990
2.8947197083143434,1978,1986
2.8986262126440527,2010,2007
2.9025327169737616,2058,2064
2.9064392213034704,2104,2098
2.9103457256331793,2114,2113
2.9142522299628886,2102,2092
2.9181587342925974,2110,2110
2.9220652386223063,2108,2101
2.925971742952015,2109,2094
2.9298782472817244,2116,2121
2.9337847516114333,2084,2084
2.937691255941142,2057,2058
2.9415977602708514,2042,2044
2.9455042646005603,2025,2028
2.949410768930269,2019,2006
2.953317273259978,2036,2039
2.9572237775896872,2005,2010
2.961130281919396,2000,2009
2.965036786249105,1968,1980
2.968943290578814,1955,1964
2.972849794908523,1959,1966
2.976756299238232,1933,1940
2.9806628035679408,1956,1959
2.9845693078976496,1959,1974
2.988475812227359,1987,1998
2.9923823165570678,1965,1970
2.9962888208867766,2012,2014
3.0001953252164855,2046,2052
3.0041018295461948,2113,2110
3.0080083338759036,2123,2120
3.0119148382056125,2111,2105
3.0158213425353217,2149,2132
3.0197278468650306,2131,2118
3.0236343511947394,2122,2114
3.0275408555244483,2123,2106
3.0314473598541576,2136,2124
3.0353538641838664,2120,2116
3.0392603685135753,2088,2074
3.043166872843284,2051,2052
3.0470733771729934,2068,2061
3.0509798815027023,2049,2054
3.054886385832411,2048,2048
3.05879289016212,2049,2052
3.0626993944918293,2037,2038
3.066605898821538,1985,1984
3.070512403151247,1993,1990
3.0744189074809563,1984,1988
3.078325411810665,1995,2003
3.082231916140374,1986,1991
3.086138420470083,1983,1980
3.090044924799792,1999,2007
3.093951429129501,2003,2000
3.09785793345921,2036,2041
3.1017644377889186,2074,2068
3.105670942118628,2093,2085
3.109577446448337,2115,2111
3.1134839507780456,2121,2111
3.1173904551077545,2105,2082
3.1212969594374638,2109,2094
3.1252034637671726,2095,2083
3.1291099680968815,2114,2111
3.1330164724265903,2114,2113
3.1369229767562996,2069,2067
3.1408294810860085,2051,2050
3.1447359854157173,2055,2050
3.1486424897454266,2062,2056
3.1525489940751354,2057,2048
3.1564554984048443,2062,2056
3.160362002734553,2042,2039
3.1642685070642624,2002,2009
3.1681750113939713,2015,2017
3.17208151572368,1989,1989
3.175988020053389,1981,1988
3.1798945243830983,1983,1989
3.183801028712807,2000,1999
3.187707533042516,2013,2013
3.191614037372225,2025,2026
3.195520541701934,2012,2005
3.199427046031643,2064,2059
3.203333550361352,2121,2116
3.2072400546910607,2119,2114
3.21114655902077,2140,2131
3.215053063350479,2120,2110
3.2189595676801877,2157,2148
3.222866072009897,2140,2129
3.226772576339606,2106,2099
3.2306790806693146,2126,2122
3.2345855849990235,2104,2093
3.238492089328733,2061,2059
3.2423985936584416,2045,2044
3.2463050979881505,2083,2088
3.2502116023178593,2038,2041
3.2541181066475686,2052,2053
3.2580246109772775,2036,2045
3.2619311153069863,2004,2002
3.265837619636695,1985,1989
3.2697441239664045,1963,1962
3.2736506282961133,1956,1968
3.277557132625822,1953,1956
3.281463636955531,1956,1979
3.2853701412852403,1969,1970
3.289276645614949,1984,1985
3.293183149944658,1975,1986
3.2970896542743673,1987,1987
3.300996158604076,2027,2035
3.304902662933785,2078,2083
3.308809167263494,2099,2108
3.312715671593203,2098,2086
3.316622175922912,2115,2116
3.320528680252621,2115,2103
3.3244351845823297,2097,2092
3.328341688912039,2105,2097
3.332248193241748,2109,2096
3.3361546975714567,2103,2094
3.3400612019011655,2040,2037
3.343967706230875,2049,2060
3.3478742105605837,2048,2056
3.3517807148902925,2027,2030
3.3556872192200013,2048,2050
3.3595937235497106,2013,2021
3.3635002278794195,2000,2007
3.3674067322091283,1982,1991
3.3713132365388376,1964,1972
3.3752197408685465,1973,1983
3.3791262451982553,1986,1994
3.383032749527964,1988,1995
3.3869392538576735,1967,1974
3.3908457581873823,1977,1985
3.394752262517091,2000,1999
3.3986587668468,2025,2021
3.4025652711765093,2078,2082
3.406471775506218,2098,2089
3.410378279835927,2102,2103
3.414284784165636,2083,2079
3.418191288495345,2124,2127
3.422097792825054,2094,2087
3.426004297154763,2113,2093
3.429910801484472,2111,2106
3.433817305814181,2087,2080
3.43772381014389,2107,2090
3.4416303144735987,2031,2035
3.445536818803308,2019,2025
3.449443323133017,2030,2015
3.4533498274627257,2041,2046
3.4572563317924345,2010,2018
3.461162836122144,1986,1986
3.4650693404518527,1962,1984
3.4689758447815615,1945,1953
3.4728823491112704,1949,1950
3.4767888534409797,1958,1967
3.4806953577706885,1969,1979
3.4846018621003974,1953,1957
3.488508366430106,1956,1965
3.4924148707598155,1969,1984
3.4963213750895243,2015,2020
3.500227879419233,2057,2060
3.5041343837489425,2104,2105
3.5080408880786513,2132,2115
3.51194739240836,2107,2103
3.515853896738069,2126,2120
3.5197604010677783,2121,2118
3.523666905397487,2127,2116
3.527573409727196,2113,2108
3.531479914056905,2146,2122
3.535386418386614,2110,2102
3.539292922716323,2088,2087
3.543199427046032,2054,2057
3.5471059313757407,2067,2068
3.55101243570545,2048,2050
3.554918940035159,2068,2059
3.5588254443648677,2072,2076
3.5627319486945765,2023,2017
3.566638453024286,1994,1999
3.5705449573539947,1995,2012
3.5744514616837035,1988,2001
3.578357966013413,1983,1991
3.5822644703431217,1997,2005
3.5861709746728305,1985,1989
3.5900774790025394,1996,2003
3.5939839833322487,2001,2002
3.5978904876619575,2042,2036
3.6017969919916664,2076,2073
3.605703496321375,2093,2088
3.6096100006510845,2121,2112
3.6135165049807934,2121,2117
3.617423009310502,2105,2093
3.621329513640211,2119,2106
3.6252360179699203,2118,2113
3.629142522299629,2095,2098
3.633049026629338,2117,2111
3.636955530959047,2091,2088
3.640862035288756,2066,2063
3.644768539618465,2048,2037
3.648675043948174,2060,2057
3.652581548277883,2038,2033
3.656488052607592,2070,2071
3.660394556937301,2045,2049
3.6643010612670097,2042,2050
3.668207565596719,2009,2009
3.672114069926428,1972,1985
3.6760205742561367,1996,1997
3.6799270785858456,1982,1988
3.683833582915555,2009,2006
3.6877400872452637,2004,2012
3.6916465915749725,2008,2018
3.6955530959046814,2008,2007
3.6994596002343907,2097,2098
3.7033661045640995,2084,2079
3.7072726088938084,2108,2103
3.7111791132235172,2136,2125
3.7150856175532265,2126,2134
3.7189921218829354,2129,2119
3.7228986262126442,2141,2134
3.7268051305423535,2128,2117
3.7307116348720624,2120,2106
3.734618139201771,2103,2102
3.73852464353148,2086,2076
3.7424311478611894,2059,2059
3.746337652190898,2062,2046
3.750244156520607,2039,2042
3.754150660850316,2048,2051
3.758057165180025,2035,2030
3.761963669509734,2014,2017
3.765870173839443,1968,1966
3.7697766781691517,1984,1975
3.773683182498861,1973,1970
3.77758968682857,1964,1975
3.7814961911582787,1950,1958
3.7854026954879876,1948,1961
3.789309199817697,1948,1942
3.7932157041474057,1977,1984
3.7971222084771146,2012,2007
3.801028712806824,2033,2046
3.8049352171365327,2060,2058
3.8088417214662416,2082,2076
3.8127482257959504,2095,2093
3.8166547301256597,2103,2103
3.8205612344553685,2101,2092
3.8244677387850774,2093,2091
3.8283742431147862,2099,2103
3.8322807474444955,2103,2099
3.8361872517742044,2094,2087
3.8400937561039132,2030,2038
3.844000260433622,2034,2033
3.8479067647633314,2038,2043
3.8518132690930402,2042,2036
3.855719773422749,2059,2058
3.8596262777524584,2016,2019
3.863532782082167,2008,2014
3.867439286411876,1991,1998
3.871345790741585,1987,1997
3.875252295071294,1970,1979
3.879158799401003,1969,1965
3.883065303730712,1979,1990
3.8869718080604208,1980,1995
3.89087831239013,1993,1987
3.894784816719839,1997,2010
3.8986913210495477,2031,2033
3.9025978253792566,2078,2066
3.906504329708966,2100,2085
3.9104108340386747,2094,2087
3.9143173383683836,2124,2123
3.9182238426980924,2111,2110
3.9221303470278017,2113,2105
3.9260368513575106,2105,2088
3.9299433556872194,2103,2090
3.9338498600169287,2108,2105
3.9377563643466376,2063,2059
3.9416628686763464,2038,2037
3.9455693730060553,2045,2047
3.9494758773357646,2021,2019
3.9533823816654734,2035,2033
3.9572888859951822,2033,2039
3.961195390324891,2008,2020
3.9651018946546004,1973,1983
3.9690083989843092,1943,1945
3.972914903314018,1968,1971
3.976821407643727,1965,1968
3.9807279119734362,1984,1983
3.984634416303145,1955,1963
3.988540920632854,1962,1973
3.9924474249625628,1997,2007
3.996353929292272,2027,2028
4.000260433621981,2043,2038
4.00416693795169,2075,2068
4.008073442281399,2102,2094
4.011979946611108,2129,2114
4.015886450940817,2122,2113
4.019792955270526,2139,2127
4.023699459600235,2127,2123
4.027605963929943,2139,2121
4.031512468259653,2122,2117
4.035418972589362,2116,2116
4.03932547691907,2079,2076
4.04323198124878,2074,2065
4.047138485578489,2079,2074
4.051044989908197,2077,2075
4.054951494237907,2082,2078
4.058857998567615,2065,2049
4.062764502897324,2029,2038
4.066671007227034,2021,2030
4.070577511556742,1993,1993
4.074484015886451,1966,1970
4.0783905202161606,2010,2015
4.082297024545869,2000,1994
4.086203528875578,2003,2008
4.0901100332052875,1980,1987
4.094016537534996,2009,2007
4.097923041864705,2012,2016
4.101829546194414,2077,2064
4.105736050524123,2090,2086
4.109642554853832,2101,2089
4.113549059183541,2108,2091
4.11745556351325,2132,2119
4.121362067842959,2124,2114
4.125268572172668,2141,2134
4.129175076502377,2131,2128
4.133081580832085,2100,2090
4.136988085161795,2088,2081
4.140894589491504,2058,2061
4.144801093821212,2043,2038
4.148707598150922,2055,2055
4.152614102480631,2048,2037
4.156520606810339,2051,2045
4.160427111140049,2017,2027
4.164333615469758,2016,2026
4.168240119799466,2000,2004
4.172146624129176,2008,2021
4.176053128458884,1989,1995
4.179959632788593,1985,2003
4.183866137118303,1984,1991
4.187772641448011,1987,1983
4.19167914577772,2005,2015
4.19558565010743,2021,2024
4.199492154437138,2056,2042
4.203398658766847,2077,2078
4.207305163096556,2142,2136
4.211211667426265,2136,2124
4.215118171755974,2120,2110
4.219024676085683,2116,2097
4.222931180415392,2137,2123
4.226837684745101,2110,2104
4.23074418907481,2113,2100
4.234650693404519,2121,2096
4.238557197734228,2065,2078
4.242463702063937,2026,2022
4.246370206393646,2043,2036
4.250276710723354,2052,2055
4.254183215053064,2022,2016
4.258089719382773,2044,2043
4.261996223712481,1998,1994
4.265902728042191,1974,1987
4.2698092323719,1955,1956
4.273715736701608,1953,1954
4.277622241031318,1936,1938
4.281528745361026,1976,1985
4.285435249690735,1963,1967
4.289341754020445,1974,1975
4.293248258350153,1978,1987
4.297154762679862,2000,2020
4.301061267009572,2033,2024
4.30496777133928,2054,2054
4.308874275668989,2110,2100
4.312780779998699,2104,2096
4.316687284328407,2104,2097
4.320593788658116,2114,2116
4.324500292987825,2138,2129
4.328406797317534,2115,2115
4.332313301647243,2105,2106
4.336219805976952,2067,2073
4.340126310306661,2053,2066
4.34403281463637,2042,2050
4.347939318966079,2040,2037
4.351845823295788,2042,2042
4.355752327625496,2065,2068
4.359658831955206,2020,2021
4.363565336284915,2005,2020
4.367471840614623,1979,1992
4.371378344944333,1984,1995
4.375284849274042,1971,1979
4.37919135360375,2011,2013
4.38309785793346,1990,2001
4.387004362263169,1960,1972
4.390910866592877,1949,1951
4.394817370922587,1999,1989
4.398723875252295,2018,2018
4.402630379582004,2058,2062
4.406536883911714,2116,2104
4.410443388241422,2096,2086
4.414349892571131,2106,2103
4.418256396900841,2110,2103
4.422162901230549,2104,2105
4.426069405560258,2130,2120
4.429975909889968,2097,2089
4.433882414219676,2095,2093
4.437788918549385,2037,2041
4.441695422879094,2053,2050
4.445601927208803,2029,2033
4.449508431538512,2024,2025
4.453414935868221,2024,2024
4.45732144019793,1994,1994
4.461227944527639,1986,1983
4.465134448857348,1991,1993
4.469040953187057,1961,1964
4.472947457516765,1960,1972
4.476853961846475,1962,1971
4.480760466176184,1976,1988
4.484666970505892,1956,1966
4.488573474835602,1962,1967
4.492479979165311,1993,1995
4.496386483495019,2031,2033
4.500292987824729,2064,2072
4.504199492154438,2091,2085
4.508105996484146,2144,2137
4.512012500813856,2122,2116
4.515919005143564,2120,2116
4.519825509473273,2125,2117
4.523732013802983,2143,2140
4.527638518132691,2150,2129
4.5315450224624,2127,2128
4.53545152679211,2130,2124
4.539358031121818,2091,2098
4.543264535451527,2082,2079
4.547171039781236,2056,2062
4.551077544110945,2052,2038
4.554984048440654,2050,2051
4.558890552770363,2038,2034
4.562797057100072,2044,2051
4.566703561429781,1999,1993
4.57061006575949,1997,1997
4.574516570089199,1980,1983
4.578423074418908,1986,1994
4.582329578748617,1971,1979
4.586236083078326,1989,2002
4.590142587408034,1974,1975
4.594049091737744,2009,2020
4.597955596067453,2032,2028
4.601862100397161,2093,2094
4.605768604726871,2087,2084
4.60967510905658,2100,2088
4.613581613386288,2118,2118
4.617488117715998,2118,2110
4.621394622045706,2116,2110
4.625301126375415,2137,2148
4.629207630705125,2131,2121
4.633114135034833,2087,2079
4.637020639364542,2091,2094
4.640927143694252,2049,2055
4.64483364802396,2065,2061
4.648740152353669,2031,2020
4.652646656683379,2034,2033
4.656553161013087,2060,2059
4.660459665342796,2038,2035
4.664366169672505,2016,2028
4.668272674002214,1994,2002
4.672179178331923,1992,1983
4.676085682661632,2005,2013
4.679992186991341,1976,1984
4.68389869132105,2001,2010
4.687805195650759,2002,1999
4.691711699980468,2012,2016
4.695618204310176,2018,2014
4.699524708639886,2055,2045
4.703431212969595,2098,2094
4.707337717299303,2137,2124
4.711244221629013,2124,2120
4.715150725958722,2149,2140
4.71905723028843,2105,2103
4.72296373461814,2160,2149
4.726870238947849,2116,2105
4.730776743277557,2126,2113
4.734683247607267,2110,2108
4.738589751936975,2070,2066
4.742496256266684,2052,2056
4.746402760596394,2040,2035
4.750309264926102,2050,2056
4.754215769255811,2045,2039
4.758122273585521,2047,2054
4.762028777915229,2015,2018
4.765935282244938,1970,1976
4.769841786574647,1946,1960
4.773748290904356,1954,1956
4.777654795234065,1930,1949
4.781561299563774,1958,1970
4.785467803893483,1933,1950
4.789374308223192,1948,1962
4.793280812552901,1974,1983
4.79718731688261,2007,2011
4.801093821212319,2055,2052
4.805000325542028,2095,2086
4.808906829871737,2090,2086
4.812813334201445,2099,2097
4.816719838531155,2097,2094
4.820626342860864,2084,2077
4.824532847190572,2102,2101
4.828439351520282,2112,2099
4.832345855849991,2101,2101
4.836252360179699,2097,2095
4.840158864509409,2064,2063
4.844065368839117,2050,2047
4.847971873168826,2021,2033
4.851878377498536,2023,2028
4.855784881828244,2049,2056
4.859691386157953,2028,2032
4.863597890487663,2038,2035
4.867504394817371,1962,1981
4.87141089914708,1971,1985
4.87531740347679,1993,1999
4.879223907806498,1954,1964
4.883130412136207,1973,1976
4.887036916465916,1984,1984
4.890943420795625,1971,1975
4.894849925125334,1979,1986
4.898756429455043,2019,2029
4.902662933784752,2054,2057
4.906569438114461,2093,2079
4.91047594244417,2106,2100
4.914382446773879,2102,2086
4.918288951103587,2124,2124
4.922195455433297,2108,2092
4.926101959763006,2117,2116
4.930008464092714,2089,2089
4.933914968422424,2089,2089
4.937821472752133,2080,2072
4.941727977081841,2028,2031
4.945634481411551,2023,2030
4.94954098574126,2011,2014
4.953447490070968,2037,2023
4.957353994400678,2052,2049
4.961260498730386,2012,2027
4.965167003060095,1962,1978
4.969073507389805,1953,1969
4.972980011719513,1981,1995
4.976886516049222,1964,1975
4.980793020378932,1959,1970
4.98469952470864,1968,1964
4.988606029038349,1968,1978
4.992512533368058,2004,2023
4.996419037697767,2013,2026
5.000325542027476,2036,2039
5.004232046357185,2080,2079
5.008138550686894,2114,2103
5.012045055016603,2137,2134
5.015951559346312,2131,2128
5.019858063676021,2151,2138
5.02376456800573,2128,2125
5.027671072335439,2120,2128
5.031577576665148,2136,2119
5.0354840809948564,2103,2092
5.039390585324566,2100,2089
5.043297089654275,2053,2051
5.047203593983983,2052,2055
5.051110098313693,2082,2078
5.055016602643402,2072,2059
5.05892310697311,2049,2052
5.06282961130282,2034,2036
5.066736115632528,2006,2004
5.070642619962237,1974,1982
5.074549124291947,1987,2000
5.078455628621655,1990,2009
5.082362132951364,1993,2006
5.086268637281074,1990,1997
5.090175141610782,1979,1983
5.094081645940491,2009,2011
5.097988150270201,2023,2029
5.101894654599909,2074,2068
5.105801158929618,2082,2078
5.109707663259327,2106,2099
5.113614167589036,2099,2095
5.117520671918745,2131,2125
5.121427176248454,2114,2103
5.125333680578163,2133,2128
5.129240184907872,2118,2113
5.133146689237581,2110,2102
5.13705319356729,2079,2080
5.1409596978969985,2051,2049
5.144866202226708,2056,2067
5.148772706556417,2054,2063
5.1526792108861255,2051,2053
5.156585715215835,2042,2049
5.160492219545544,2046,2045
5.1643987238752525,2009,2019
5.168305228204962,1981,1990
5.172211732534671,2017,2025
5.176118236864379,1974,1985
5.180024741194089,1976,1976
5.183931245523797,1996,2004
5.187837749853506,1984,1984
5.191744254183216,1984,1991
5.195650758512924,2021,2014
5.199557262842633,2055,2047
5.203463767172343,2095,2101
5.207370271502051,2134,2121
5.21127677583176,2131,2131
5.21518328016147,2118,2114
5.219089784491178,2131,2126
5.222996288820887,2122,2098
5.226902793150596,2127,2115
5.230809297480305,2128,2117
5.234715801810014,2095,2085
5.238622306139723,2076,2068
5.242528810469432,2080,2072
5.246435314799141,2058,2057
5.25034181912885,2030,2035
5.254248323458559,2055,2057
5.2581548277882675,2028,2021
5.262061332117977,2013,2004
5.265967836447686,2008,2011
5.2698743407773945,1981,1981
5.273780845107104,1936,1946
5.277687349436813,1961,1965
5.2815938537665215,1972,1976
5.285500358096231,1955,1970
5.28940686242594,1951,1954
5.2933133667556485,1983,2000
5.297219871085358,1996,1999
5.301126375415066,2031,2027
5.305032879744775,2091,2091
5.308939384074485,2082,2070
5.312845888404193,2084,2090
5.316752392733902,2094,2080
5.320658897063612,2099,2090
5.32456540139332,2096,2088
5.328471905723029,2101,2104
5.332378410052738,2108,2104
5.336284914382447,2087,2073
5.340191418712156,2058,2058
5.344097923041865,2046,2055
5.348004427371574,2013,2012
5.351910931701283,2072,2076
5.355817436030992,2038,2030
5.359723940360701,2040,2039
5.36363044469041,2005,2009
5.367536949020119,1987,2005
5.371443453349828,1958,1962
5.3753499576795365,1968,1974
5.379256462009246,1949,1965
5.383162966338955,2000,2002
5.3870694706686635,1998,2005
5.390975974998373,1995,1994
5.394882479328082,1985,2006
5.3987889836577905,2026,2035
5.4026954879875,2071,2076
5.406601992317208,2089,2096
5.4105084966469175,2108,2111
5.414415000976627,2123,2121
5.418321505306335,2100,2085
5.4222280096360445,2094,2094
5.426134513965754,2097,2091
5.430041018295462,2106,2096
5.4339475226251714,2084,2078
5.437854026954881,2059,2062
5.441760531284589,2034,2025
5.445667035614298,2031,2031
5.449573539944007,2042,2045
5.453480044273716,2035,2038
5.457386548603425,2054,2062
5.461293052933134,2010,2015
5.465199557262843,1983,1990
5.469106061592552,1962,1971
5.473012565922261,1953,1962
5.47691907025197,1961,1970
5.4808255745816785,1930,1948
5.484732078911388,1968,1971
5.488638583241097,1976,1995
5.4925450875708055,1977,1973
5.496451591900515,1992,1996
5.500358096230224,2029,2044
5.5042646005599325,2087,2087
5.508171104889642,2132,2122
5.512077609219351,2142,2146
5.5159841135490595,2116,2106
5.519890617878769,2138,2135
5.523797122208477,2125,2121
5.5277036265381865,2136,2127
5.531610130867896,2119,2110
5.535516635197604,2092,2078
5.5394231395273135,2092,2093
5.543329643857023,2094,2082
5.547236148186731,2047,2042
5.5511426525164405,2079,2069
5.555049156846149,2078,2085
5.558955661175858,2050,2048
5.5628621655055674,2041,2041
5.566768669835276,1992,2000
5.570675174164985,2009,2011
5.574581678494694,2005,2003
5.578488182824403,1978,1994
5.582394687154112,1975,2000
5.586301191483821,1982,1985
5.59020769581353,1971,1982
5.594114200143239,2032,2042
5.5980207044729475,2022,2034
5.601927208802657,2071,2078
5.605833713132366,2111,2099
5.6097402174620745,2108,2108
5.613646721791784,2125,2115
5.617553226121493,2166,2151
5.6214597304512015,2124,2116
5.625366234780911,2147,2136
5.629272739110619,2123,2118
5.6331792434403285,2136,2131
5.637085747770038,2068,2060
5.640992252099746,2056,2057
5.6448987564294555,2047,2034
5.648805260759165,2046,2046
5.652711765088873,2062,2061
5.6566182694185825,2052,2039
5.660524773748292,2026,2030
5.664431278078,2012,2014
5.6683377824077095,1986,1992
5.672244286737418,1971,1991
5.676150791067127,1974,1975
5.6800572953968365,2004,2013
5.683963799726545,1992,1997
5.687870304056254,1984,1991
5.6917768083859634,1994,1997
5.695683312715672,2015,2023
5.699589817045381,2081,2070
5.7034963213750896,2078,2092
5.707402825704799,2100,2085
5.711309330034508,2106,2101
5.7152158343642165,2156,2152
5.719122338693926,2120,2117
5.723028843023635,2153,2147
5.7269353473533435,2145,2139
5.730841851683053,2125,2119
5.734748356012762,2109,2112
5.7386548603424705,2080,2082
5.74256136467218,2069,2063
5.746467869001888,2045,2046
5.7503743733315975,2055,2058
5.754280877661307,2037,2038
5.758187381991015,2035,2048
5.7620938863207245,2031,2032
5.766000390650434,1976,1976
5.769906894980142,1947,1954
5.7738133993098515,1971,1978
5.77771990363956,1951,1954
5.781626407969269,1963,1975
5.7855329122989785,1942,1955
5.789439416628687,1958,1960
5.793345920958396,1967,1979
5.7972524252881055,1995,1997
5.801158929617814,2026,2036
5.805065433947523,2061,2061
5.8089719382772325,2076,2077
5.812878442606941,2117,2112
5.81678494693665,2110,2101
5.820691451266359,2122,2115
5.824597955596068,2116,2107
5.828504459925777,2136,2135
5.8324109642554856,2103,2096
5.836317468585195,2076,2076
5.840223972914904,2049,2049
5.8441304772446125,2081,2076
5.848036981574322,2036,2036
5.85194348590403,2039,2028
5.8558499902337395,2045,2046
5.859756494563449,2020,2024
5.863662998893157,1998,2006
5.8675695032228665,1971,1985
5.871476007552576,1975,1995
5.875382511882284,1954,1968
5.8792890162119935,1979,1992
5.883195520541703,1978,1985
5.887102024871411,1971,1976
5.8910085292011205,2005,2011
5.894915033530829,1999,2006
5.898821537860538,2036,2030
5.9027280421902475,2084,2073
5.906634546519956,2094,2082
5.910541050849665,2113,2108
5.9144475551793745,2099,2092
5.918354059509083,2104,2101
5.922260563838792,2114,2111
5.926167068168501,2096,2091
5.93007357249821,2103,2092
5.933980076827919,2077,2064
5.937886581157628,2056,2061
5.941793085487337,2038,2044
5.945699589817046,2019,2023
5.949606094146755,2017,2026
5.953512598476464,2062,2050
5.957419102806173,2038,2041
5.9613256071358816,2016,2016
5.965232111465591,1971,1974
5.969138615795299,1980,1989
5.9730451201250085,1964,1966
5.976951624454718,1956,1975
5.980858128784426,1951,1964
5.9847646331141355,1970,1991
5.988671137443845,1974,1981
5.992577641773553,1966,1989
5.9964841461032625,2011,2010
6.000390650432971,2042,2050
6.00429715476268,2072,2073
6.0082036590923895,2108,2100
6.012110163422098,2133,2122
6.016016667751807,2140,2124
6.0199231720815165,2133,2115
6.023829676411225,2143,2134
6.027736180740934,2172,2152
6.0316426850706435,2117,2102
6.035549189400352,2091,2084
6.039455693730061,2100,2098
6.04336219805977,2061,2080
6.047268702389479,2074,2081
6.051175206719188,2070,2073
6.055081711048897,2034,2043
6.058988215378606,2050,2049
6.062894719708315,2030,2036
6.066801224038024,2009,2014
6.070707728367733,1987,1983
6.074614232697442,1974,1985
6.078520737027151,1969,1965
6.08242724135686,2001,2006
6.086333745686568,1979,1990
6.090240250016278,1998,1999
6.094146754345987,2016,2017
6.098053258675695,2054,2057
6.1019597630054045,2094,2096
6.105866267335114,2094,2088
6.109772771664822,2117,2114
6.1136792759945315,2121,2123
6.11758578032424,2121,2118
6.121492284653949,2104,2109
6.1253987889836585,2114,2111
6.129305293313367,2138,2129
6.133211797643076,2098,2100
6.1371183019727855,2074,2068
6.141024806302494,2054,2049
6.144931310632203,2052,2053
6.1488378149619125,2042,2043
6.152744319291621,2053,2062
6.15665082362133,2049,2047
6.160557327951039,2048,2045
6.164463832280748,2019,2020
6.168370336610457,2013,2015
6.172276840940166,1995,1996
6.176183345269875,2002,2006
6.180089849599584,1993,1994
6.183996353929293,1979,1986
6.187902858259002,1990,1999
6.19180936258871,2032,2033
6.19571586691842,2012,2017
6.199622371248129,2068,2072
6.203528875577837,2091,2090
6.207435379907547,2145,2127
6.211341884237256,2143,2123
6.215248388566964,2148,2141
6.219154892896674,2130,2124
6.223061397226383,2121,2105
6.226967901556091,2128,2119
6.2308744058858005,2121,2118
6.234780910215509,2101,2095
6.238687414545218,2084,2086
6.2425939188749275,2049,2054
6.246500423204636,2051,2046
6.250406927534345,2032,2033
6.2543134318640545,2010,2017
6.258219936193763,2034,2044
6.262126440523472,2017,2024
6.266032944853181,1982,1987
6.26993944918289,1986,1999
6.273845953512599,1971,1977
6.277752457842308,1956,1962
6.281658962172017,1969,1981
6.285565466501726,1967,1975
6.289471970831435,1949,1959
6.293378475161144,1973,1982
6.297284979490853,2014,2021
6.301191483820562,2041,2054
6.305097988150271,2085,2084
6.309004492479979,2072,2074
6.312910996809689,2083,2087
6.316817501139398,2076,2078
6.320724005469106,2103,2094
6.324630509798816,2124,2107
6.328537014128525,2087,2086
6.332443518458233,2091,2085
6.336350022787943,2085,2076
6.340256527117651,2059,2066
6.34416303144736,2035,2028
6.34806953577707,2032,2038
6.351976040106778,2040,2046
6.355882544436487,2047,2045
6.3597890487661966,2017,2023
6.363695553095905,2005,2007
6.367602057425614,1989,1987
6.3715085617553235,1956,1966
6.375415066085032,1948,1961
6.379321570414741,1965,1974
6.38322807474445,1980,1984
6.387134579074159,1948,1959
6.391041083403868,1989,1996
6.394947587733577,1984,1998
6.398854092063286,2036,2031
6.402760596392995,2055,2048
6.406667100722704,2105,2093
6.410573605052413,2096,2087
6.414480109382121,2098,2087
6.418386613711831,2090,2082
6.42229311804154,2105,2104
6.426199622371248,2118,2113
6.430106126700958,2091,2099
6.434012631030667,2098,2095
6.437919135360375,2058,2055
6.441825639690085,2022,2023
6.445732144019794,2015,2026
6.449638648349502,2029,2029
6.453545152679212,2018,2023
6.45745165700892,2028,2026
6.461358161338629,1986,1984
6.465264665668339,1988,1990
6.469171169998047,1958,1972
6.473077674327756,1974,1985
6.476984178657466,1981,1996
6.480890682987174,1973,1983
6.484797187316883,1967,1982
6.488703691646592,1962,1973
6.492610195976301,1991,1998
6.49651670030601,1996,1995
6.500423204635719,2059,2053
6.504329708965428,2067,2078
6.508236213295137,2119,2099
6.512142717624846,2133,2132
6.516049221954555,2126,2120
6.519955726284264,2116,2106
6.523862230613973,2138,2119
6.527768734943682,2147,2148
6.53167523927339,2152,2145
6.5355817436031,2104,2088
6.539488247932809,2081,2078
6.543394752262517,2077,2069
6.547301256592227,2052,2046
6.551207760921936,2072,2075
6.555114265251644,2061,2062
6.559020769581354,2049,2056
6.562927273911062,2020,2009
6.566833778240771,2005,2017
6.570740282570481,1990,2003
6.574646786900189,1994,2002
6.578553291229898,1980,1984
6.582459795559608,1997,2002
6.586366299889316,1988,1994
6.590272804219025,1992,2000
6.594179308548735,2008,2009
6.598085812878443,2048,2042
6.601992317208152,2047,2055
6.605898821537861,2108,2112
6.60980532586757,2114,2101
6.613711830197279,2118,2105
6.617618334526988,2120,2112
6.621524838856697,2117,2108
6.625431343186406,2129,2118
6.629337847516115,2132,2109
6.633244351845824,2114,2107
6.637150856175532,2090,2090
6.641057360505242,2081,2075
6.644963864834951,2055,2063
6.648870369164659,2050,2031
6.652776873494369,2042,2030
6.656683377824078,2021,2026
6.660589882153786,2031,2038
6.664496386483496,2014,2033
6.668402890813205,1975,1985
6.672309395142913,2004,2014
6.676215899472623,1990,2000
6.680122403802331,1991,1991
6.68402890813204,1999,2003
6.68793541246175,2007,2010
6.691841916791458,2000,2003
6.695748421121167,2010,2022
6.699654925450877,2085,2081
6.703561429780585,2090,2085
6.707467934110294,2125,2130
6.711374438440003,2154,2151
6.715280942769712,2144,2132
6.719187447099421,2113,2098
6.72309395142913,2139,2124
6.727000455758839,2132,2113
6.730906960088548,2130,2125
6.734813464418257,2103,2096
6.738719968747966,2081,2084
6.742626473077675,2029,2031
6.746532977407384,2041,2042
6.750439481737093,2013,2025
6.754345986066801,2052,2044
6.758252490396511,2023,2024
6.76215899472622,2002,2007
6.766065499055928,1991,1985
6.769972003385638,1972,1985
6.773878507715347,1962,1974
6.777785012045055,1950,1951
6.781691516374765,1952,1960
6.785598020704473,1965,1974
6.789504525034182,1936,1949
6.793411029363892,1964,1977
6.7973175336936,2011,2010
6.801224038023309,2043,2048
6.805130542353019,2063,2052
6.809037046682727,2102,2098
6.812943551012436,2107,2104
6.816850055342146,2102,2091
6.820756559671854,2112,2104
6.824663064001563,2119,2111
6.828569568331272,2083,2075
6.832476072660981,2118,2122
6.83638257699069,2039,2037
6.840289081320399,2056,2056
6.844195585650108,2022,2029
6.848102089979817,2033,2029
6.852008594309526,2037,2044
6.855915098639235,2049,2040
6.859821602968944,2025,2025
6.863728107298653,1996,2001
6.867634611628362,1975,1986
6.87154111595807,1986,1991
6.87544762028778,1973,1981
6.879354124617489,1995,1996
6.883260628947197,1972,1977
6.887167133276907,1964,1968
6.891073637606616,1976,1993
6.894980141936324,2000,1999
6.898886646266034,2031,2027
6.902793150595742,2065,2066
6.906699654925451,2105,2101
6.910606159255161,2128,2125
6.914512663584869,2120,2113
6.918419167914578,2117,2119
6.922325672244288,2111,2094
6.926232176573996,2116,2115
6.930138680903705,2093,2086
6.934045185233415,2074,2073
6.937951689563123,2051,2046
6.941858193892832,2047,2044
6.945764698222541,2033,2025
6.94967120255225,2026,2029
6.953577706881959,2025,2019
6.957484211211668,2026,2021
6.961390715541377,1987,1986
6.965297219871086,1995,2014
6.969203724200795,1965,1968
6.973110228530504,1968,1985
6.977016732860212,1950,1963
6.980923237189922,1990,1985
6.984829741519631,1997,2003
6.988736245849339,1961,1965
6.992642750179049,1993,1999
6.996549254508758,2013,2016
7.000455758838466,2044,2045
7.004362263168176,2082,2079
7.008268767497885,2117,2107
7.012175271827593,2118,2113
7.016081776157303,2119,2120
7.019988280487011,2145,2133
7.02389478481672,2146,2138
7.02780128914643,2138,2121
7.031707793476138,2119,2110
7.035614297805847,2103,2107
7.039520802135557,2123,2105
7.043427306465265,2082,2078
7.047333810794974,2050,2038
7.051240315124683,2082,2072
7.055146819454392,2077,2077
7.059053323784101,2046,2038
7.06295982811381,2054,2058
7.066866332443519,1997,2002
7.070772836773228,1984,1981
7.074679341102937,1996,1999
7.078585845432646,1985,1990
7.082492349762355,1992,1997
7.086398854092064,1966,1976
7.090305358421773,1966,1978
7.094211862751481,2007,1993
7.098118367081191,2039,2057
7.1020248714109,2076,2083
7.105931375740608,2117,2106
7.109837880070318,2114,2113
7.113744384400027,2138,2132
7.117650888729735,2134,2131
7.121557393059445,2115,2104
7.125463897389153,2123,2121
7.129370401718862,2134,2131
7.133276906048572,2118,2120
7.13718341037828,2066,2069
7.141089914707989,2072,2064
7.144996419037699,2043,2036
7.148902923367407,2015,2023
7.152809427697116,2048,2039
7.156715932026826,2076,2079
7.160622436356534,2023,2014
7.164528940686243,2031,2039
7.168435445015952,1984,1990
7.172341949345661,1976,1983
7.17624845367537,1967,1966
7.180154958005079,2006,2012
7.184061462334788,1986,1990
7.187967966664497,1985,1996
7.191874470994206,2002,2011
7.195780975323915,2019,2024
7.199687479653623,2069,2062
7.203593983983333,2120,2125
7.207500488313042,2116,2099
7.21140699264275,2135,2117
7.21531349697246,2142,2128
7.219220001302169,2136,2129
7.223126505631877,2138,2129
7.227033009961587,2134,2134
7.230939514291296,2117,2111
7.234846018621004,2132,2128
7.238752522950714,2083,2070
7.242659027280422,2069,2068
7.246565531610131,2057,2056
7.250472035939841,2071,2068
7.254378540269549,2026,2024
7.258285044599258,2039,2045
7.262191548928968,1998,1999
7.266098053258676,1991,1987
7.270004557588385,1956,1955
7.273911061918094,1957,1967
7.277817566247803,1969,1977
7.281724070577512,1965,1975
7.285630574907221,1958,1967
7.28953707923693,1939,1958
7.293443583566639,1950,1955
7.297350087896348,2003,2008
7.301256592226057,2039,2048
7.305163096555766,2064,2060
7.309069600885475,2070,2067
7.312976105215184,2092,2087
7.3168826095448924,2105,2101
7.320789113874602,2087,2088
7.324695618204311,2101,2094
7.328602122534019,2108,2098
7.332508626863729,2095,2089
7.336415131193438,2058,2056
7.340321635523146,2074,2080
7.344228139852856,2048,2054
7.348134644182564,2052,2060
7.352041148512273,2038,2037
7.355947652841983,2048,2050
7.359854157171691,2024,2026
7.3637606615014,2003,2012
7.36766716583111,1978,1985
7.371573670160818,1981,1989
7.375480174490527,1976,1988
7.379386678820237,1982,1992
7.383293183149945,1966,1971
7.387199687479654,1977,1980
7.391106191809363,2000,1992
7.395012696139072,2010,2017
7.398919200468781,2013,2019
7.40282570479849,2058,2065
7.406732209128199,2127,2113
7.410638713457908,2123,2112
7.414545217787617,2115,2113
7.418451722117326,2107,2109
7.4223582264470345,2087,2088
7.426264730776744,2112,2105
7.430171235106453,2085,2077
7.4340777394361615,2104,2093
7.437984243765871,2054,2046
7.44189074809558,2055,2058
7.4457972524252884,2019,2023
7.449703756754998,2025,2025
7.453610261084707,2032,2040
7.457516765414415,2018,2011
7.461423269744125,2005,2016
7.465329774073833,1990,1994
7.469236278403542,1963,1966
7.473142782733252,1949,1954
7.47704928706296,1950,1972
7.480955791392669,1976,1984
7.484862295722379,1977,1991
7.488768800052087,1957,1970
7.492675304381796,1988,1993
7.496581808711505,2032,2030
7.500488313041214,2060,2066
7.504394817370923,2094,2093
7.508301321700632,2123,2111
7.512207826030341,2139,2136
7.51611433036005,2109,2104
7.520020834689759,2127,2119
7.523927339019468,2135,2127
7.527833843349177,2126,2118
7.531740347678886,2137,2134
7.535646852008595,2108,2105
7.5395533563383035,2090,2084
7.543459860668013,2066,2070
7.547366364997722,2044,2044
7.5512728693274305,2060,2062
7.55517937365714,2077,2069
7.559085877986849,2040,2049
7.5629923823165575,2046,2047
7.566898886646267,2013,2012
7.570805390975975,1975,1983
7.5747118953056845,1976,1983
7.578618399635394,1976,1975
7.582524903965102,1986,2002
7.586431408294811,1973,1975
7.590337912624521,1976,1991
7.594244416954229,1988,1998
7.598150921283938,2024,2021
7.602057425613648,2071,2072
7.605963929943356,2110,2103
7.609870434273065,2124,2107
7.613776938602774,2146,2138
7.617683442932483,2119,2123
7.621589947262192,2113,2098
7.625496451591901,2116,2109
7.62940295592161,2122,2113
7.633309460251319,2117,2103
7.637215964581028,2073,2068
7.641122468910737,2053,2053
7.645028973240446,2051,2050
7.648935477570155,2040,2037
7.652841981899864,2026,2029
7.6567484862295725,2058,2058
7.660654990559282,2029,2022
7.664561494888991,2013,2015
7.6684679992186995,1994,2001
7.672374503548409,1983,1993
7.676281007878118,1995,1989
7.6801875122078265,1986,1985
7.684094016537536,1979,1982
7.688000520867244,1987,1994
7.6919070251969535,2018,2019
7.695813529526663,2044,2050
7.699720033856371,2066,2076
7.7036265381860805,2078,2069
7.70753304251579,2137,2126
7.711439546845498,2121,2108
7.715346051175207,2143,2125
7.719252555504917,2125,2111
7.723159059834625,2120,2118
7.727065564164334,2130,2141
7.730972068494043,2111,2101
7.734878572823752,2110,2105
7.738785077153461,2076,2072
7.74269158148317,2064,2050
7.746598085812879,2063,2060
7.750504590142588,2065,2055
7.754411094472297,2037,2043
7.758317598802006,2049,2049
7.7622241031317145,2041,2037
7.766130607461424,1977,1985
7.770037111791133,1965,1979
7.7739436161208415,1959,1964
7.777850120450551,1953,1952
7.78175662478026,1963,1967
7.7856631291099685,1955,1954
7.789569633439678,1961,1973
7.793476137769387,1983,1983
7.7973826420990955,1996,2005
7.801289146428805,2072,2064
7.805195650758513,2091,2079
7.8091021550882225,2086,2082
7.813008659417932,2086,2073
7.81691516374764,2107,2100
7.8208216680773495,2113,2101
7.824728172407059,2121,2105
7.828634676736767,2112,2093
7.8325411810664765,2078,2096
7.836447685396185,2069,2058
7.840354189725894,2060,2055
7.8442606940556034,2030,2027
7.848167198385312,2058,2055
7.852073702715021,2043,2056
7.85598020704473,2043,2044
7.859886711374439,2035,2036
7.863793215704148,2007,2013
7.867699720033857,1996,2005
7.871606224363566,1987,2004
7.875512728693275,1966,1972
7.8794192330229835,1971,1981
7.883325737352693,1979,1992
7.887232241682402,1987,1990
7.8911387460121105,1987,1976
7.89504525034182,1988,1997
7.898951754671529,2022,2033
7.9028582590012375,2049,2048
7.906764763330947,2120,2116
7.910671267660655,2102,2097
7.9145777719903645,2104,2094
7.918484276320074,2105,2092
7.922390780649782,2111,2101
7.9262972849794915,2103,2098
7.930203789309201,2099,2097
7.934110293638909,2088,2093
7.9380167979686185,2067,2053
7.941923302298328,2035,2035
7.945829806628036,2026,2031
7.9497363109577455,2020,2029
7.953642815287454,2024,2037
7.957549319617163,2009,2019
7.9614558239468725,2033,2028
7.965362328276581,1992,2002
7.96926883260629,1957,1969
7.9731753369359994,1963,1973
7.977081841265708,1979,1971
7.980988345595417,1974,1982
7.9848948499251255,1952,1963
7.988801354254835,1976,1988
7.992707858584544,1967,1981
7.9966143629142525,2018,2014
8.000520867243962,2046,2044
8.004427371573671,2091,2091
8.00833387590338,2120,2116
8.012240380233088,2103,2092
8.016146884562797,2110,2103
8.020053388892507,2137,2123
8.023959893222216,2114,2114
8.027866397551925,2125,2121
8.031772901881634,2125,2116
8.035679406211342,2104,2097
8.039585910541051,2077,2072
8.04349241487076,2060,2063
8.04739891920047,2070,2068
8.051305423530179,2059,2056
8.055211927859887,2060,2066
8.059118432189596,2038,2037
8.063024936519305,2028,2028
8.066931440849014,2008,2023
8.070837945178724,1970,1983
8.074744449508433,1988,1990
8.07865095383814,1989,2002
8.08255745816785,1984,1995
8.08646396249756,1971,1983
8.090370466827268,1978,1976
8.094276971156978,1998,2011
8.098183475486685,2036,2032
8.102089979816395,2073,2074
8.105996484146104,2084,2084
8.109902988475813,2098,2091
8.113809492805522,2114,2103
8.11771599713523,2109,2100
8.12162250146494,2113,2094
8.125529005794649,2131,2125
8.129435510124358,2141,2139
8.133342014454067,2117,2110
8.137248518783776,2087,2085
8.141155023113484,2052,2060
8.145061527443193,2053,2050
8.148968031772903,2046,2049
8.152874536102612,2074,2068
8.156781040432321,2065,2070
8.160687544762029,2032,2026
8.164594049091738,1978,1984
8.168500553421447,1975,1983
8.172407057751157,1986,2005
8.176313562080866,2001,2000
8.180220066410575,1991,1994
8.184126570740283,1992,2008
8.188033075069992,2012,2018
8.191939579399701,2005,2005
8.19584608372941,2034,2032
8.19975258805912,2048,2046
8.203659092388827,2125,2124
8.207565596718537,2142,2131
8.211472101048246,2128,2134
8.215378605377955,2126,2122
8.219285109707664,2142,2135
8.223191614037374,2148,2144
8.227098118367081,2122,2116
8.23100462269679,2130,2124
8.2349111270265,2100,2107
8.23881763135621,2072,2067
8.242724135685918,2056,2057
8.246630640015626,2054,2057
8.250537144345335,2049,2048
8.254443648675045,2042,2043
8.258350153004754,2034,2033
8.262256657334463,1999,2000
8.26616316166417,1981,1983
8.27006966599388,1977,1994
8.27397617032359,1939,1952
8.277882674653299,1944,1943
8.281789178983008,1965,1977
8.285695683312717,1967,1965
8.289602187642425,1943,1956
8.293508691972134,1958,1970
8.297415196301843,2011,2022
8.301321700631553,2036,2024
8.305228204961262,2069,2064
8.30913470929097,2102,2087
8.313041213620679,2128,2118
8.316947717950388,2089,2083
8.320854222280097,2088,2089
8.324760726609806,2107,2096
8.328667230939516,2132,2117
8.332573735269223,2071,2075
8.336480239598933,2068,2060
8.340386743928642,2048,2048
8.344293248258351,2044,2035
8.34819975258806,2020,2029
8.352106256917768,2046,2042
8.356012761247477,2008,2006
8.359919265577187,2032,2027
8.363825769906896,2003,2006
8.367732274236605,1996,1994
8.371638778566314,1965,1963
8.375545282896022,1972,1983
8.379451787225731,1963,1979
8.38335829155544,1975,1984
8.38726479588515,1974,1979
8.39117130021486,1971,1984
8.395077804544567,2010,2019
8.398984308874276,2050,2050
8.402890813203985,2068,2060
8.406797317533695,2093,2089
8.410703821863404,2102,2096
8.414610326193111,2109,2092
8.41851683052282,2117,2111
8.42242333485253,2105,2106
8.42632983918224,2095,2086
8.430236343511949,2097,2085
8.434142847841658,2089,2082
8.438049352171365,2075,2078
8.441955856501075,2052,2032
8.445862360830784,2038,2032
8.449768865160493,2026,2032
8.453675369490202,2037,2038
8.45758187381991,2020,2022
8.46148837814962,1989,2001
8.465394882479329,1994,1992
8.469301386809038,1942,1948
8.473207891138747,1953,1949
8.477114395468456,1992,1992
8.481020899798164,1963,1966
8.484927404127873,1968,1972
8.488833908457583,1949,1961
8.492740412787292,1985,1985
8.496646917117001,2023,2024
8.500553421446709,2053,2065
8.504459925776418,2098,2093
8.508366430106127,2093,2084
8.512272934435837,2129,2125
8.516179438765546,2123,2117
8.520085943095255,2127,2118
8.523992447424963,2143,2133
8.527898951754672,2150,2140
8.531805456084381,2136,2115
8.53571196041409,2106,2107
8.5396184647438,2082,2079
8.543524969073507,2060,2057
8.547431473403217,2060,2059
8.551337977732926,2049,2042
8.555244482062635,2081,2078
8.559150986392345,2033,2035
8.563057490722052,2031,2041
8.566963995051761,2004,2009
8.57087049938147,1995,1997
8.57477700371118,1980,1993
8.57868350804089,1997,2001
8.582590012370598,1985,1989
8.586496516700306,2008,2011
8.590403021030015,1981,1992
8.594309525359725,2009,2005
8.598216029689434,2051,2057
8.602122534019143,2070,2065
8.60602903834885,2110,2103
8.60993554267856,2122,2111
8.61384204700827,2126,2120
8.617748551337979,2108,2096
8.621655055667688,2103,2091
8.625561559997397,2122,2102
8.629468064327105,2106,2105
8.633374568656814,2097,2084
8.637281072986523,2071,2070
8.641187577316233,2051,2056
8.645094081645942,2040,2037
8.64900058597565,2032,2025
8.652907090305359,2052,2051
8.656813594635068,2064,2062
8.660720098964777,2027,2038
8.664626603294487,1990,1989
8.668533107624196,2001,2007
8.672439611953903,1970,1977
8.676346116283613,1988,2001
8.680252620613322,1999,1999
8.684159124943031,2019,2023
8.68806562927274,2004,2001
8.691972133602448,2005,2008
8.695878637932157,2023,2024
8.699785142261867,2077,2083
8.703691646591576,2121,2108
8.707598150921285,2122,2110
8.711504655250993,2137,2125
8.715411159580702,2149,2134
8.719317663910411,2132,2125
8.72322416824012,2127,2112
8.72713067256983,2132,2111
8.73103717689954,2146,2133
8.734943681229247,2131,2122
8.738850185558956,2079,2077
8.742756689888665,2078,2069
8.746663194218375,2039,2036
8.750569698548084,2063,2068
8.754476202877791,2051,2047
8.7583827072075,2002,2001
8.76228921153721,1999,2006
8.76619571586692,1997,1995
8.770102220196629,1950,1966
8.774008724526338,1949,1956
8.777915228856045,1980,1990
8.781821733185755,1980,1988
8.785728237515464,1964,1978
8.789634741845173,1959,1962
8.793541246174883,1976,1974
8.79744775050459,2014,2005
8.8013542548343,2051,2044
8.805260759164009,2074,2054
8.809167263493718,2110,2099
8.813073767823427,2118,2101
8.816980272153137,2110,2102
8.820886776482844,2108,2100
8.824793280812553,2105,2095
8.828699785142263,2109,2107
8.832606289471972,2082,2073
8.836512793801681,2047,2043
8.840419298131389,2050,2058
8.844325802461098,2018,2007
8.848232306790807,2028,2039
8.852138811120517,2040,2048
8.856045315450226,2046,2044
8.859951819779935,2031,2027
8.863858324109643,1994,1997
8.867764828439352,1993,2002
8.871671332769061,1976,1973
8.87557783709877,1966,1973
8.87948434142848,1978,1981
8.883390845758187,1995,1995
8.887297350087897,2002,1999
8.891203854417606,2003,2000
8.895110358747315,1975,1968
8.899016863077025,2024,2024
8.902923367406732,2071,2068
8.906829871736441,2091,2092
8.91073637606615,2115,2112
8.91464288039586,2113,2106
8.91854938472557,2110,2093
8.922455889055279,2117,2096
8.926362393384986,2107,2096
8.930268897714695,2103,2082
8.934175402044405,2102,2090
8.938081906374114,2070,2070
8.941988410703823,2021,2026
8.94589491503353,2035,2030
8.94980141936324,2046,2050
8.95370792369295,2015,2018
8.957614428022659,2017,2016
8.961520932352368,2002,2004
8.965427436682077,1982,2002
8.969333941011785,1976,1985
8.973240445341494,1962,1972
8.977146949671203,1966,1979
8.981053454000913,1945,1955
8.984959958330622,1956,1965
8.98886646266033,1990,1994
8.992772966990039,1986,2002
8.996679471319748,2009,2015
9.000585975649457,2070,2065
9.004492479979167,2077,2073
9.008398984308876,2117,2115
9.012305488638583,2130,2120
9.016211992968293,2129,2128
9.020118497298002,2147,2134
9.024025001627711,2133,2133
9.02793150595742,2137,2136
9.031838010287128,2131,2133
9.035744514616837,2094,2088
9.039651018946547,2070,2067
9.043557523276256,2065,2062
9.047464027605965,2056,2049
9.051370531935673,2077,2067
9.055277036265382,2054,2053
9.059183540595091,2038,2040
9.0630900449248,2023,2027
9.06699654925451,1999,1996
9.07090305358422,2001,1996
9.074809557913927,1977,1984
9.078716062243636,1975,1983
9.082622566573345,1969,1967
9.086529070903055,1974,1996
9.090435575232764,1997,2001
9.094342079562471,1991,1997
9.09824858389218,2035,2024
9.10215508822189,2085,2081
9.1060615925516,2097,2100
9.109968096881309,2120,2111
9.113874601211018,2106,2100
9.117781105540725,2123,2124
9.121687609870435,2090,2081
9.125594114200144,2111,2095
9.129500618529853,2118,2117
9.133407122859563,2107,2119
9.13731362718927,2083,2076
9.14122013151898,2042,2045
9.145126635848689,2051,2053
9.149033140178398,2052,2052
9.152939644508107,2054,2054
9.156846148837817,2059,2058
9.160752653167524,2046,2035
9.164659157497233,1991,1996
9.168565661826943,1972,1987
9.172472166156652,1992,2005
9.176378670486361,1990,2012
9.180285174816069,1981,1979
9.184191679145778,2001,2005
9.188098183475487,2014,2023
9.192004687805197,1993,2011
9.195911192134906,2036,2032
9.199817696464613,2064,2064
9.203724200794323,2113,2111
9.207630705124032,2123,2112
9.211537209453741,2139,2129
9.21544371378345,2120,2114
9.21935021811316,2139,2125
9.223256722442867,2120,2117
9.227163226772577,2143,2132
9.231069731102286,2113,2114
9.234976235431995,2110,2102
9.238882739761705,2086,2083
9.242789244091412,2054,2051
9.246695748421121,2064,2057
9.25060225275083,2036,2035
9.25450875708054,2064,2065
9.25841526141025,2032,2027
9.262321765739959,2002,2007
9.266228270069666,1988,1987
9.270134774399375,1966,1974
9.274041278729085,1958,1968
9.277947783058794,1996,1997
9.281854287388503,1958,1977
9.28576079171821,1954,1957
9.28966729604792,1957,1965
9.29357380037763,1959,1958
9.297480304707339,1991,2002
9.301386809037048,2046,2055
9.305293313366757,2056,2052
9.309199817696465,2080,2081
9.313106322026174,2123,2105
9.317012826355883,2109,2101
9.320919330685593,2086,2078
9.324825835015302,2113,2117
9.32873233934501,2106,2099
9.332638843674719,2104,2107
9.336545348004428,2073,2067
9.340451852334137,2083,2073
9.344358356663847,2052,2049
9.348264860993554,2048,2052
9.352171365323263,2057,2052
9.356077869652973,2037,2045
9.359984373982682,2044,2043
9.363890878312391,2011,2020
9.3677973826421,1973,1975
9.371703886971808,1944,1950
9.375610391301517,1961,1966
9.379516895631227,1961,1961
9.383423399960936,1982,1996
9.387329904290645,1978,1987
9.391236408620353,1994,1991
9.395142912950062,2002,2004
9.399049417279771,2031,2026
9.40295592160948,2072,2068
9.40686242593919,2074,2064
9.4107689302689,2102,2097
9.414675434598607,2110,2099
9.418581938928316,2091,2086
9.422488443258025,2119,2115
9.426394947587735,2102,2090
9.430301451917444,2093,2091
9.434207956247151,2095,2099
9.43811446057686,2051,2051
9.44202096490657,2055,2046
9.44592746923628,2013,2000
9.449833973565989,2044,2036
9.453740477895698,2014,2021
9.457646982225405,2021,2031
9.461553486555115,2013,2015
9.465459990884824,1966,1968
9.469366495214533,1947,1950
9.473272999544243,1985,1999
9.47717950387395,1980,1991
9.48108600820366,1971,1979
9.484992512533369,1949,1975
9.488899016863078,1941,1939
9.492805521192787,1971,1980
9.496712025522495,2000,2009
9.500618529852204,2064,2072
9.504525034181913,2078,2084
9.508431538511623,2093,2083
9.512338042841332,2128,2123
9.516244547171041,2106,2101
9.520151051500749,2133,2136
9.524057555830458,2134,2119
9.527964060160167,2120,2118
9.531870564489877,2146,2135
9.535777068819586,2107,2107
9.539683573149293,2093,2088
9.543590077479003,2069,2072
9.547496581808712,2079,2070
9.551403086138421,2073,2071
9.55530959046813,2042,2039
9.55921609479784,2058,2053
9.563122599127547,1998,1997
9.567029103457257,1998,1996
9.570935607786966,1978,1998
9.574842112116675,1977,1984
9.578748616446385,1986,1986
9.582655120776092,1979,1983
9.586561625105801,1985,1998
9.59046812943551,2008,2004
9.59437463376522,1993,1997
9.59828113809493,2050,2057
9.602187642424639,2078,2070
9.606094146754346,2085,2080
9.610000651084055,2129,2128
9.613907155413765,2124,2110
9.617813659743474,2112,2108
9.621720164073183,2119,2115
9.62562666840289,2126,2114
9.6295331727326,2116,2106
9.63343967706231,2115,2119
9.637346181392019,2071,2072
9.641252685721728,2063,2066
9.645159190051437,2041,2048
9.649065694381145,2078,2078
9.652972198710854,2060,2073
9.656878703040563,2057,2053
9.660785207370273,2028,2031
9.664691711699982,2008,2009
9.66859821602969,1995,2006
9.672504720359399,1986,1988
9.676411224689108,1994,1988
9.680317729018817,2001,1999
9.684224233348527,1983,1993
9.688130737678234,1987,1991
9.692037242007943,1995,2007
9.695943746337653,2041,2035
9.699850250667362,2069,2067
9.703756754997071,2103,2104
9.70766325932678,2145,2128
9.711569763656488,2125,2116
9.715476267986197,2135,2130
9.719382772315907,2148,2147
9.723289276645616,2149,2130
9.727195780975325,2143,2131
9.731102285305033,2125,2131
9.735008789634742,2090,2081
9.738915293964451,2072,2063
9.74282179829416,2074,2063
9.74672830262387,2047,2052
9.75063480695358,2058,2054
9.754541311283287,2044,2035
9.758447815612996,2023,2033
9.762354319942705,2016,2022
9.766260824272415,1983,1986
9.770167328602124,1955,1949
9.774073832931832,1958,1966
9.77798033726154,1959,1968
9.78188684159125,1943,1955
9.78579334592096,1950,1955
9.789699850250669,1955,1960
9.793606354580378,1984,1988
9.797512858910085,2015,2022
9.801419363239795,2036,2045
9.805325867569504,2075,2076
9.809232371899213,2104,2097
9.813138876228923,2107,2089
9.81704538055863,2111,2104
9.82095188488834,2111,2095
9.824858389218049,2107,2096
9.828764893547758,2082,2081
9.832671397877467,2092,2078
9.836577902207175,2101,2085
9.840484406536884,2050,2038
9.844390910866593,2062,2059
9.848297415196303,2036,2030
9.852203919526012,2064,2058
9.856110423855721,2058,2050
9.860016928185429,2005,2006
9.863923432515138,2010,2016
9.867829936844847,2003,2011
9.871736441174557,1970,1970
9.875642945504266,1970,1991
9.879549449833974,1963,1968
9.883455954163683,1964,1963
9.887362458493392,1967,1981
9.891268962823101,1960,1967
9.89517546715281,2003,2012
9.89908197148252,2042,2029
9.902988475812228,2069,2058
9.906894980141937,2097,2092
9.910801484471646,2121,2111
9.914707988801355,2114,2113
9.918614493131065,2111,2113
9.922520997460772,2099,2094
9.926427501790482,2092,2081
9.93033400612019,2079,2076
9.9342405104499,2086,2090
9.93814701477961,2074,2074
9.942053519109319,2029,2040
9.945960023439026,2022,2024
9.949866527768735,2012,2020
9.953773032098445,2026,2036
9.957679536428154,2002,1998
9.961586040757863,2007,1999
9.96549254508757,2001,2010
9.96939904941728,1950,1966
9.97330555374699,1975,1984
9.977212058076699,1971,1988
9.981118562406408,1972,1972
9.985025066736116,1977,1985
9.988931571065825,1951,1962
9.992838075395534,1973,1975
9.996744579725243,2009,2004
10.000651084054953,2072,2069
10.004557588384662,2081,2074
10.00846409271437,2127,2116
10.012370597044079,2099,2095
10.016277101373788,2135,2139
10.020183605703497,2106,2097
10.024090110033207,2136,2139
10.027996614362914,2141,2147
10.031903118692624,2120,2113
10.035809623022333,2112,2104
10.039716127352042,2096,2086
10.043622631681751,2059,2043
10.04752913601146,2060,2049
10.051435640341168,2073,2077
10.055342144670878,2067,2061
10.059248649000587,2028,2027
10.063155153330296,2026,2041
10.067061657660005,2006,1996
10.070968161989713,1987,1997
10.074874666319422,1973,1987
10.078781170649131,1989,1989
10.08268767497884,1992,1990
10.08659417930855,1994,1989
10.09050068363826,2005,2002
10.094407187967967,1992,1999
10.098313692297676,2035,2032
10.102220196627385,2062,2067
10.106126700957095,2098,2089
10.110033205286804,2119,2112
10.113939709616512,2111,2107
10.11784621394622,2132,2129
10.12175271827593,2112,2107
10.12565922260564,2120,2105
10.129565726935349,2116,2117
10.133472231265056,2096,2091
10.137378735594766,2074,2067
10.141285239924475,2044,2043
10.145191744254184,2075,2065
10.149098248583893,2057,2054
10.153004752913603,2038,2041
10.15691125724331,2032,2024
10.16081776157302,2031,2021
10.164724265902729,2011,2021
10.168630770232438,1982,1990
10.172537274562147,1986,1997
10.176443778891855,1999,1994
10.180350283221564,1998,1998
10.184256787551274,1986,1978
10.188163291880983,1984,1990
10.192069796210692,1994,1993
10.195976300540401,2015,2017
10.199882804870109,2080,2085
10.203789309199818,2121,2114
10.207695813529527,2115,2105
10.211602317859237,2157,2148
10.215508822188946,2138,2128
10.219415326518654,2124,2110
10.223321830848363,2129,2114
10.227228335178072,2148,2137
10.231134839507781,2114,2100
10.23504134383749,2077,2065
10.2389478481672,2082,2070
10.242854352496908,2045,2052
10.246760856826617,2039,2037
10.250667361156326,2040,2043
10.254573865486035,2052,2054
10.258480369815745,2037,2044
10.262386874145452,2017,2014
10.266293378475162,1980,1977
10.27019988280487,1955,1959
10.27410638713458,1943,1947
10.27801289146429,1949,1964
10.281919395793997,1936,1956
10.285825900123706,1944,1962
10.289732404453416,1935,1951
10.293638908783125,1947,1958
10.297545413112834,2003,2005
10.301451917442543,2047,2056
10.305358421772251,2070,2069
10.30926492610196,2093,2092
10.31317143043167,2105,2095
10.317077934761379,2087,2088
10.320984439091088,2127,2120
10.324890943420796,2102,2089
10.328797447750505,2103,2112
10.332703952080214,2099,2091
10.336610456409923,2088,2092
10.340516960739633,2069,2067
10.344423465069342,2030,2026
10.34832996939905,2039,2042
10.352236473728759,2041,2029
10.356142978058468,2045,2043
10.360049482388177,2052,2055
10.363955986717887,2013,2026
10.367862491047594,1994,1998
10.371768995377304,1946,1959
10.375675499707013,1986,1989
10.379582004036722,1991,2000
10.383488508366431,1982,1986
10.38739501269614,1993,1985
10.391301517025848,1988,1994
10.395208021355558,2005,2005
10.399114525685267,2015,2013
10.403021030014976,2054,2055
10.406927534344685,2105,2103
10.410834038674393,2100,2100
10.414740543004102,2097,2089
10.418647047333812,2099,2087
10.42255355166352,2109,2111
10.42646005599323,2091,2079
10.43036656032294,2096,2091
10.434273064652647,2069,2060
10.438179568982356,2048,2048
10.442086073312066,2051,2044
10.445992577641775,2031,2034
10.449899081971484,2023,2025
10.453805586301192,2041,2036
10.457712090630901,2023,2017
10.46161859496061,2009,2005
10.46552509929032,1978,1984
10.469431603620029,1969,1983
10.473338107949736,1973,1992
10.477244612279446,1964,1977
10.481151116609155,1960,1982
10.485057620938864,1961,1980
10.488964125268573,1975,1979
10.492870629598283,1981,1990
10.49677713392799,2022,2018
10.5006836382577,2060,2061
10.504590142587409,2079,2068
10.508496646917118,2101,2090
10.512403151246827,2142,2125
10.516309655576535,2140,2129
10.520216159906244,2139,2130
10.524122664235954,2139,2133
10.528029168565663,2148,2138
10.531935672895372,2115,2109
10.535842177225081,2102,2103
10.539748681554789,2114,2115
10.543655185884498,2061,2063
10.547561690214208,2053,2061
10.551468194543917,2074,2085
10.555374698873626,2077,2078
10.559281203203334,2049,2043
10.563187707533043,2020,2030
10.567094211862752,2014,2009
10.571000716192462,1972,1982
10.57490722052217,1987,1986
10.57881372485188,1986,2004
10.582720229181588,2000,2000
10.586626733511297,1990,1998
10.590533237841006,2022,2022
10.594439742170715,2021,2030
10.598346246500425,2029,2038
10.602252750830132,2085,2076
10.606159255159842,2114,2108
10.61006575948955,2128,2124
10.61397226381926,2121,2118
10.61787876814897,2101,2091
10.621785272478677,2112,2105
10.625691776808386,2133,2126
10.629598281138096,2125,2128
10.633504785467805,2105,2094
10.637411289797514,2076,2070
10.641317794127223,2070,2064
10.645224298456931,2060,2068
10.64913080278664,2047,2037
10.65303730711635,2070,2067
10.656943811446059,2049,2053
10.660850315775768,2042,2042
10.664756820105476,2009,2005
10.668663324435185,1988,1995
10.672569828764894,1973,1970
10.676476333094604,1993,1997
10.680382837424313,1998,2002
10.684289341754022,2006,2010
10.68819584608373,1997,2000
10.692102350413439,1996,1996
10.696008854743148,2045,2044
10.699915359072858,2044,2042
10.703821863402567,2117,2104
10.707728367732274,2130,2122
10.711634872061984,2127,2117
10.715541376391693,2152,2149
10.719447880721402,2137,2126
10.723354385051111,2133,2116
10.72726088938082,2144,2130
10.731167393710528,2113,2110
10.735073898040238,2115,2118
10.738980402369947,2100,2092
10.742886906699656,2046,2048
10.746793411029365,2050,2052
10.750699915359073,2069,2063
10.754606419688782,2045,2038
10.758512924018492,2049,2050
10.7624194283482,2001,1998
10.76632593267791,1989,2003
10.770232437007618,1960,1971
10.774138941337327,1955,1962
10.778045445667036,1959,1964
10.781951949996746,1961,1962
10.785858454326455,1948,1957
10.789764958656164,1940,1947
10.793671462985872,1974,1981
10.797577967315581,1993,1996
10.80148447164529,2042,2042
10.805390975975,2061,2072
10.809297480304709,2118,2110
10.813203984634416,2131,2117
10.817110488964126,2100,2096
10.821016993293835,2099,2091
10.824923497623544,2098,2095
10.828830001953254,2098,2084
10.832736506282963,2112,2093
10.83664301061267,2062,2054
10.84054951494238,2065,2063
10.844456019272089,2062,2057
10.848362523601798,2032,2030
10.852269027931507,2048,2049
10.856175532261215,2054,2056
10.860082036590924,2004,2007
10.863988540920634,2022,2032
10.867895045250343,1985,1986
10.871801549580052,1975,1980
10.875708053909761,1973,1987
10.879614558239469,1970,1979
10.883521062569178,1982,1979
10.887427566898888,1961,1962
10.891334071228597,1994,2002
10.895240575558306,1993,1991
10.899147079888014,2030,2037
10.903053584217723,2065,2071
10.906960088547432,2105,2091
10.910866592877142,2126,2120
10.91477309720685,2098,2097
10.918679601536558,2111,2110
10.922586105866268,2107,2100
10.926492610195977,2118,2106
10.930399114525686,2062,2062
10.934305618855396,2115,2111
10.938212123185105,2066,2074
10.942118627514812,2023,2029
10.946025131844522,2022,2027
10.949931636174231,2032,2041
10.95383814050394,2033,2036
10.95774464483365,2054,2044
10.961651149163357,2012,2006
10.965557653493066,1979,1984
10.969464157822776,1965,1981
10.973370662152485,1965,1968
10.977277166482194,1974,1984
10.981183670811903,1976,1985
10.985090175141611,1988,1994
10.98899667947132,1976,1979
10.99290318380103,1995,2005
10.996809688130739,1994,2004
11.000716192460448,2038,2041
11.004622696790156,2078,2080
11.008529201119865,2120,2111
11.012435705449574,2126,2115
11.016342209779284,2103,2104
11.020248714108993,2134,2128
11.024155218438702,2111,2103
11.02806172276841,2130,2122
11.031968227098119,2118,2111
11.035874731427828,2109,2107
11.039781235757538,2095,2088
11.043687740087247,2069,2068
11.047594244416954,2078,2064
11.051500748746664,2059,2057
11.055407253076373,2071,2067
11.059313757406082,2059,2056
11.063220261735792,2036,2039
11.067126766065499,1996,2012
11.071033270395208,1972,1987
11.074939774724918,1998,2001
11.078846279054627,1981,1984
11.082752783384336,1999,1989
11.086659287714046,1976,1982
11.090565792043753,1995,1996
11.094472296373462,2027,2021
11.098378800703172,2036,2032
11.102285305032881,2092,2087
11.10619180936259,2103,2106
11.110098313692298,2092,2085
11.114004818022007,2100,2095
11.117911322351716,2141,2133
11.121817826681426,2128,2126
11.125724331011135,2116,2107
11.129630835340844,2136,2132
11.133537339670552,2098,2085
11.137443844000261,2095,2089
11.14135034832997,2063,2065
11.14525685265968,2020,2030
11.149163356989389,2048,2047
11.153069861319096,2060,2055
11.156976365648806,2041,2050
11.160882869978515,2045,2048
11.164789374308224,1993,2005
11.168695878637934,1963,1970
11.172602382967643,1993,2003
11.17650888729735,1994,2008
11.18041539162706,1978,1991
11.184321895956769,1996,2002
11.188228400286478,2005,2014
11.192134904616188,2011,2008
11.196041408945895,2029,2040
11.199947913275604,2078,2079
11.203854417605314,2103,2098
11.207760921935023,2150,2130
11.211667426264732,2149,2135
11.215573930594442,2131,2111
11.219480434924149,2122,2119
11.223386939253858,2140,2130
11.227293443583568,2139,2127
11.231199947913277,2105,2107
11.235106452242986,2095,2090
11.239012956572694,2073,2064
11.242919460902403,2054,2062
11.246825965232112,2058,2054
11.250732469561822,2057,2058
11.254638973891531,2047,2037
11.258545478221238,2058,2050
11.262451982550948,2018,2021
11.266358486880657,1975,1982
11.270264991210366,1954,1967
11.274171495540076,1958,1965
11.278077999869785,1957,1966
11.281984504199492,1966,1983
11.285891008529202,1970,1973
11.289797512858911,1974,1983
11.29370401718862,1962,1968
11.29761052151833,2002,2013
11.301517025848037,2034,2034
11.305423530177746,2071,2072
11.309330034507456,2095,2088
11.313236538837165,2094,2076
11.317143043166874,2105,2096
11.321049547496584,2091,2079
11.324956051826291,2109,2097
11.328862556156,2119,2112
11.33276906048571,2094,2088
11.336675564815419,2071,2070
11.340582069145128,2060,2055
11.344488573474836,2026,2026
11.348395077804545,2038,2037
11.352301582134254,2066,2065
11.356208086463964,2047,2039
11.360114590793673,2046,2045
11.364021095123382,2005,2005
11.36792759945309,1995,2004
11.371834103782799,1995,1993
11.375740608112508,1959,1967
11.379647112442218,1956,1986
11.383553616771927,1968,1981
11.387460121101634,1975,1987
11.391366625431344,1966,1977
11.395273129761053,2001,2017
11.399179634090762,2022,2033
11.403086138420472,2052,2050
11.406992642750179,2112,2097
11.410899147079888,2090,2086
11.414805651409598,2115,2103
11.418712155739307,2088,2071
11.422618660069016,2101,2097
11.426525164398726,2093,2103
11.430431668728433,2111,2106
11.434338173058142,2062,2056
11.438244677387852,2073,2056
11.442151181717561,2016,2015
11.44605768604727,1993,2001
11.449964190376978,2023,2023
11.453870694706687,2009,2014
11.457777199036396,2007,2013
11.461683703366106,1988,1998
11.465590207695815,1991,1997
11.469496712025524,1969,1976
11.473403216355232,1939,1947
11.477309720684941,1953,1972
11.48121622501465,1976,1980
11.48512272934436,1976,1986
11.489029233674069,1982,1980
11.492935738003776,1986,1989
11.496842242333486,2002,2009
11.500748746663195,2076,2080
11.504655250992904,2095,2089
11.508561755322614,2132,2126
11.512468259652323,2133,2117
11.51637476398203,2124,2120
11.52028126831174,2127,2117
11.524187772641449,2139,2131
11.528094276971158,2145,2130
11.532000781300868,2153,2141
11.535907285630575,2123,2124
11.539813789960284,2076,2068
11.543720294289994,2074,2083
11.547626798619703,2053,2054
11.551533302949412,2062,2060
11.55543980727912,2060,2065
11.559346311608829,2052,2056
11.563252815938538,2033,2035
11.567159320268248,1987,1985
11.571065824597957,1997,2003
11.574972328927666,1984,1987
11.578878833257374,2004,2013
11.582785337587083,1980,1982
11.586691841916792,1984,1991
11.590598346246502,1995,1999
11.594504850576211,1986,2001
11.598411354905918,2061,2065
11.602317859235628,2075,2079
11.606224363565337,2108,2101
11.610130867895046,2113,2100
11.614037372224756,2129,2116
11.617943876554465,2115,2110
11.621850380884172,2120,2119
11.625756885213882,2132,2134
11.629663389543591,2128,2116
11.6335698938733,2093,2089
11.63747639820301,2077,2075
11.641382902532717,2073,2073
11.645289406862426,2054,2057
11.649195911192136,2051,2053
11.653102415521845,2038,2025
11.657008919851554,2073,2069
11.660915424181264,2021,2016
11.664821928510971,2015,2016
11.66872843284068,2004,2011
11.67263493717039,1985,1994
11.676541441500099,2007,2010
11.680447945829808,2002,2006
11.684354450159516,1989,1995
11.688260954489225,1990,1998
11.692167458818934,1995,2009
11.696073963148644,2030,2039
11.699980467478353,2057,2046
11.70388697180806,2097,2090
11.70779347613777,2124,2125
11.711699980467479,2132,2113
11.715606484797188,2146,2144
11.719512989126898,2149,2154
11.723419493456607,2114,2102
11.727325997786314,2171,2160
11.731232502116024,2118,2117
11.735139006445733,2103,2091
11.739045510775442,2080,2097
11.742952015105152,2051,2049
11.74685851943486,2049,2036
11.750765023764568,2057,2053
11.754671528094278,2043,2041
11.758578032423987,2057,2060
11.762484536753696,2004,2011
11.766391041083406,2002,1998
11.770297545413113,1975,1980
11.774204049742822,1955,1967
11.778110554072532,1975,1978
11.782017058402241,1968,1969
11.78592356273195,1936,1950
11.789830067061658,1944,1961
11.793736571391367,1962,1968
11.797643075721076,2022,2020
11.801549580050786,2035,2044
11.805456084380495,2096,2091
11.809362588710204,2092,2089
11.813269093039912,2104,2108
11.817175597369621,2107,2096
11.82108210169933,2105,2096
11.82498860602904,2110,2109
11.828895110358749,2115,2113
11.832801614688456,2087,2099
11.836708119018166,2069,2067
11.840614623347875,2041,2036
11.844521127677584,2056,2050
11.848427632007294,2038,2037
11.852334136337001,2046,2044
11.85624064066671,2055,2052
11.86014714499642,2038,2030
11.864053649326129,2010,2003
11.867960153655838,1973,1985
11.871866657985548,1967,1980
11.875773162315255,1963,1972
11.879679666644964,1991,1989
11.883586170974674,1950,1964
11.887492675304383,1971,1972
11.891399179634092,1991,1998
11.8953056839638,1988,1993
11.89921218829351,2045,2059
11.903118692623218,2042,2043
11.907025196952928,2103,2108
11.910931701282637,2104,2097
11.914838205612346,2098,2092
11.918744709942054,2103,2086
11.922651214271763,2107,2099
11.926557718601472,2122,2098
11.930464222931182,2095,2094
11.934370727260891,2076,2079
11.938277231590599,2056,2066
11.942183735920308,2028,2037
11.946090240250017,2020,2025
11.949996744579726,2044,2044
11.953903248909436,2027,2029
11.957809753239145,2023,2018
11.961716257568852,2026,2019
11.965622761898562,1993,1994
11.969529266228271,1975,1985
11.97343577055798,1980,1992
11.97734227488769,1959,1964
11.981248779217397,1975,1995
11.985155283547106,1989,2004
11.989061787876816,1974,1982
11.992968292206525,1973,1983
11.996874796536234,2019,2023
12.000781300865942,2027,2035
12.004687805195651,2102,2094
12.00859430952536,2122,2113
12.01250081385507,2117,2115
12.016407318184779,2107,2094
12.020313822514488,2142,2132
12.024220326844196,2135,2128
12.028126831173905,2137,2126
12.032033335503614,2149,2142
12.035939839833324,2070,2067
12.039846344163033,2081,2080
12.04375284849274,2038,2042
12.04765935282245,2071,2062
12.051565857152159,2068,2065
12.055472361481868,2068,2067
12.059378865811578,2064,2066
12.063285370141287,2022,2018
12.067191874470995,2006,2005
12.071098378800704,2001,2002
12.075004883130413,1990,2007
12.078911387460122,1991,2001
12.082817891789832,1978,1983
12.08672439611954,1984,1986
12.090630900449248,1970,1984
12.094537404778958,1984,1995
12.098443909108667,2053,2053
12.102350413438376,2078,2080
12.106256917768086,2109,2109
12.110163422097793,2124,2117
12.114069926427502,2125,2109
12.117976430757212,2112,2108
12.121882935086921,2122,2112
12.12578943941663,2097,2095
12.129695943746338,2104,2092
12.133602448076047,2105,2104
12.137508952405756,2096,2093
12.141415456735466,2045,2042
12.145321961065175,2053,2052
12.149228465394884,2037,2039
12.153134969724592,2058,2051
12.157041474054301,2052,2045
12.16094797838401,2031,2036
12.16485448271372,1991,2009
12.168760987043429,1989,1999
12.172667491373137,1971,1982
12.176573995702846,1971,1978
12.180480500032555,1998,1999
12.184387004362264,1977,1979
12.188293508691974,1974,1976
12.192200013021681,1983,1991
12.19610651735139,2033,2030
12.2000130216811,2052,2048
12.203919526010809,2091,2085
12.207826030340518,2125,2123
12.211732534670228,2111,2105
12.215639038999935,2108,2109
12.219545543329644,2117,2121
12.223452047659354,2133,2133
12.227358551989063,2143,2138
12.231265056318772,2112,2101
12.23517156064848,2118,2119
12.23907806497819,2077,2073
12.242984569307898,2053,2044
12.246891073637608,2045,2051
12.250797577967317,2052,2055
12.254704082297026,2043,2051
12.258610586626734,2034,2038
12.262517090956443,2000,2002
12.266423595286152,1985,1980
12.270330099615862,1963,1969
12.274236603945571,1933,1938
12.278143108275279,1973,1966
12.282049612604988,1959,1974
12.285956116934697,1965,1978
12.289862621264406,1964,1965
12.293769125594116,1961,1965
12.297675629923825,2000,2003
12.301582134253533,2041,2037
12.305488638583242,2082,2086
12.309395142912951,2098,2088
12.31330164724266,2096,2096
12.31720815157237,2117,2110
12.321114655902077,2101,2095
12.325021160231787,2099,2083
12.328927664561496,2117,2113
12.332834168891205,2097,2087
12.336740673220914,2074,2085
12.340647177550622,2049,2051
12.344553681880331,2031,2027
12.34846018621004,2046,2049
12.35236669053975,2043,2046
12.356273194869459,2027,2036
12.360179699199168,2027,2023
12.364086203528876,1994,1992
12.367992707858585,1978,1975
12.371899212188294,1971,1984
12.375805716518004,1990,2006
12.379712220847713,1995,1997
12.38361872517742,1999,2016
12.38752522950713,1990,2000
12.39143173383684,1989,2007
12.395338238166548,2007,2011
12.399244742496258,2039,2036
12.403151246825967,2069,2076
12.407057751155675,2085,2083
12.410964255485384,2116,2113
12.414870759815093,2133,2136
12.418777264144802,2097,2093
12.422683768474512,2117,2094
12.42659027280422,2092,2093
12.430496777133929,2110,2103
12.434403281463638,2109,2108
12.438309785793347,2061,2060
12.442216290123056,2019,2017
12.446122794452766,2015,2013
12.450029298782473,2015,2018
12.453935803112183,2034,2036
12.457842307441892,2034,2032
12.461748811771601,1996,1991
12.46565531610131,1984,1987
12.469561820431018,1952,1962
12.473468324760727,1968,1975
12.477374829090436,1954,1969
12.481281333420146,1971,1983
12.485187837749855,1973,1979
12.489094342079563,1993,2003
12.493000846409272,1996,2011
12.496907350738981,2009,2016
12.50081385506869,2073,2078
12.5047203593984,2113,2117
12.508626863728109,2142,2130
12.512533368057817,2118,2109
12.516439872387526,2117,2104
12.520346376717235,2132,2114
12.524252881046944,2124,2119
12.528159385376654,2139,2127
12.532065889706361,2146,2140
12.53597239403607,2098,2095
12.53987889836578,2114,2102
12.54378540269549,2061,2065
12.547691907025198,2045,2048
12.551598411354908,2054,2051
12.555504915684615,2074,2073
12.559411420014325,2071,2069
12.563317924344034,2012,2011
12.567224428673743,2006,2004
12.571130933003452,1971,1971
12.57503743733316,1990,1987
12.57894394166287,1980,1980
12.582850445992579,1998,2008
12.586756950322288,1980,1985
12.590663454651997,1986,1992
12.594569958981706,2003,2005
12.598476463311414,2023,2025
12.602382967641123,2101,2096
12.606289471970832,2073,2071
12.610195976300542,2143,2134
12.614102480630251,2128,2125
12.618008984959959,2115,2106
12.621915489289668,2107,2096
12.625821993619377,2099,2089
12.629728497949086,2121,2121
12.633635002278796,2119,2104
12.637541506608503,2095,2084
12.641448010938213,2049,2042
12.645354515267922,2059,2054
12.649261019597631,2081,2081
12.65316752392734,2077,2075
12.65707402825705,2043,2044
12.660980532586757,2044,2047
12.664887036916467,1974,1976
12.668793541246176,2005,2000
12.672700045575885,2000,1994
12.676606549905594,1985,1995
12.680513054235302,1995,2001
12.684419558565011,1966,1977
12.68832606289472,1996,1990
12.69223256722443,2005,2009
12.69613907155414,2025,2026
12.700045575883848,2073,2067
12.703952080213556,2107,2095
12.707858584543265,2108,2100
12.711765088872975,2130,2124
12.715671593202684,2133,2136
12.719578097532393,2122,2111
12.7234846018621,2133,2121
12.72739110619181,2133,2113
12.73129761052152,2114,2097
12.735204114851228,2106,2110
12.739110619180938,2078,2073
12.743017123510647,2061,2063
12.746923627840355,2035,2030
12.750830132170064,2051,2056
12.754736636499773,2040,2035
12.758643140829482,2053,2053
12.762549645159192,2004,2019
12.7664561494889,1976,1984
12.770362653818609,1955,1965
12.774269158148318,1978,1967
12.778175662478027,1952,1960
12.782082166807736,1972,1985
12.785988671137444,1976,1979
12.789895175467153,1959,1971
12.793801679796863,1967,1969
12.797708184126572,2002,1999
12.801614688456281,2040,2045
12.80552119278599,2094,2103
12.809427697115698,2107,2107
12.813334201445407,2081,2071
12.817240705775117,2117,2116
12.821147210104826,2115,2102
12.825053714434535,2086,2079
12.828960218764243,2121,2115
12.832866723093952,2104,2093
12.836773227423661,2093,2091
12.84067973175337,2045,2047
12.84458623608308,2026,2024
12.848492740412789,2054,2041
12.852399244742497,2057,2062
12.856305749072206,2041,2042
12.860212253401915,2012,2010
12.864118757731624,1994,2000
12.868025262061334,1966,1966
12.871931766391041,1959,1978
12.87583827072075,1984,1988
12.87974477505046,1969,1975
12.88365127938017,1970,1981
12.887557783709878,1962,1964
12.891464288039588,1986,1996
12.895370792369295,2003,2007
12.899277296699005,2015,2025
12.903183801028714,2084,2063
12.907090305358423,2103,2100
12.910996809688132,2101,2105
12.91490331401784,2112,2099
12.91880981834755,2097,2094
12.922716322677259,2104,2099
12.926622827006968,2106,2107
12.930529331336677,2110,2107
12.934435835666386,2076,2079
12.938342339996094,2050,2053
12.942248844325803,2051,2049
12.946155348655513,2030,2039
12.950061852985222,2003,2001
12.953968357314931,2042,2042
12.957874861644639,2005,2008
12.961781365974348,1976,1994
12.965687870304057,1994,2007
12.969594374633767,1952,1957
12.973500878963476,1954,1962
12.977407383293183,1954,1954
12.981313887622893,1972,1972
12.985220391952602,1982,1977
12.989126896282311,1951,1952
12.99303340061202,1977,1984
12.99693990494173,2014,2006
13.000846409271437,2057,2057
13.004752913601147,2080,2079
13.008659417930856,2116,2110
13.012565922260565,2143,2137
13.016472426590274,2129,2112
13.020378930919982,2145,2142
13.024285435249691,2116,2107
13.0281919395794,2132,2125
13.03209844390911,2134,2119
13.03600494823882,2123,2117
13.039911452568528,2077,2077
13.043817956898236,2057,2063
13.047724461227945,2062,2050
13.051630965557655,2073,2061
13.055537469887364,2071,2077
13.059443974217073,2042,2038
13.06335047854678,2017,2025
13.06725698287649,2015,2016
13.0711634872062,1981,1980
13.075069991535909,2000,1999
13.078976495865618,1968,1981
13.082883000195327,1991,1992
13.086789504525035,1969,1975
13.090696008854744,1981,1998
13.094602513184453,2009,2016
13.098509017514163,2038,2045
13.102415521843872,2083,2080
13.10632202617358,2093,2079
13.110228530503289,2128,2123
13.114135034832998,2127,2122
13.118041539162707,2125,2122
13.121948043492417,2128,2125
13.125854547822124,2132,2124
13.129761052151833,2100,2099
13.133667556481543,2104,2091
13.137574060811252,2092,2088
13.141480565140961,2063,2067
13.14538706947067,2068,2076
13.149293573800378,2060,2063
13.153200078130087,2054,2050
13.157106582459797,2043,2049
13.161013086789506,2013,2020
13.164919591119215,2000,1998
13.168826095448923,1979,1983
13.172732599778632,1989,1992
13.176639104108341,1984,1996
13.18054560843805,1991,1990
13.18445211276776,1986,1994
13.18835861709747,2010,2021
13.192265121427177,2014,2008
13.196171625756886,2032,2039
13.200078130086595,2056,2066
13.203984634416305,2111,2099
13.207891138746014,2110,2107
13.211797643075721,2133,2125
13.21570414740543,2145,2141
13.21961065173514,2119,2114
13.22351715606485,2141,2127
13.227423660394559,2149,2129
13.231330164724268,2141,2132
13.235236669053975,2098,2094
13.239143173383685,2069,2077
13.243049677713394,2038,2050
13.246956182043103,2054,2051
13.250862686372813,2053,2048
13.25476919070252,2025,2021
13.25867569503223,2028,2035
13.262582199361939,2016,2027
13.266488703691648,1969,1971
13.270395208021357,1986,1987
13.274301712351065,1963,1976
13.278208216680774,1970,1978
13.282114721010483,1972,1977
13.286021225340193,1954,1966
13.289927729669902,1980,1991
13.293834233999611,1969,1970
13.297740738329319,2007,1991
13.301647242659028,2054,2044
13.305553746988737,2059,2058
13.309460251318447,2069,2060
13.313366755648156,2110,2105
13.317273259977863,2116,2107
13.321179764307573,2099,2100
13.325086268637282,2126,2121
13.328992772966991,2117,2102
13.3328992772967,2101,2103
13.33680578162641,2074,2073
13.340712285956117,2055,2057
13.344618790285827,2037,2037
13.348525294615536,2046,2052
13.352431798945245,2025,2036
13.356338303274955,2026,2030
13.360244807604662,2020,2022
13.364151311934371,1998,2005
13.36805781626408,1985,1997
13.37196432059379,1975,1980
13.3758708249235,1976,1988
13.379777329253209,1992,2007
13.383683833582916,1952,1954
13.387590337912625,1954,1959
13.391496842242335,1954,1969
13.395403346572044,2009,1999
13.399309850901753,2043,2037
13.40321635523146,2070,2056
13.40712285956117,2101,2088
13.41102936389088,2110,2108
13.414935868220589,2111,2087
13.418842372550298,2093,2093
13.422748876880005,2112,2110
13.426655381209715,2123,2111
13.430561885539424,2107,2103
13.434468389869133,2081,2085
13.438374894198843,2079,2078
13.442281398528552,2018,2018
13.44618790285826,2040,2045
13.450094407187969,2011,2009
13.454000911517678,2023,2009
13.457907415847387,1988,1992
13.461813920177097,2002,2007
13.465720424506804,1976,1980
13.469626928836513,1981,1983
13.473533433166223,1956,1958
13.477439937495932,1950,1957
13.481346441825641,1954,1966
13.48525294615535,1961,1977
13.489159450485058,1997,2004
13.493065954814767,1990,1999
13.496972459144477,2018,2016
13.500878963474186,2083,2082
13.504785467803895,2114,2112
13.508691972133603,2098,2092
13.512598476463312,2125,2124
13.516504980793021,2132,2110
13.52041148512273,2134,2131
13.52431798945244,2133,2125
13.52822449378215,2124,2124
13.532130998111857,2140,2133
13.536037502441566,2101,2088
13.539944006771275,2058,2051
13.543850511100985,2070,2069
13.547757015430694,2092,2089
13.551663519760401,2067,2073
13.55557002409011,2077,2086
13.55947652841982,2044,2046
13.56338303274953,2027,2031
13.567289537079239,2007,2006
13.571196041408946,1969,1981
13.575102545738655,1977,1977
13.579009050068365,1988,2002
13.582915554398074,1985,1987
13.586822058727783,1978,1981
13.590728563057493,1973,1984
13.5946350673872,1995,2010
13.59854157171691,2043,2040
13.602448076046619,2077,2073
13.606354580376328,2110,2105
13.610261084706037,2097,2088
13.614167589035745,2115,2107
13.618074093365454,2106,2106
13.621980597695163,2119,2103
13.625887102024873,2147,2144
13.629793606354582,2101,2094
13.633700110684291,2086,2074
13.637606615013999,2099,2090
13.641513119343708,2058,2056
13.645419623673417,2065,2064
13.649326128003127,2050,2052
13.653232632332836,2071,2075
13.657139136662543,2053,2056
13.661045640992253,2026,2034
13.664952145321962,1993,2009
13.668858649651671,2014,2022
13.67276515398138,1991,1997
13.67667165831109,1984,1999
13.680578162640797,1984,1983
13.684484666970507,1970,1983
13.688391171300216,1999,2002
13.692297675629925,2005,2016
13.696204179959635,2026,2021
13.700110684289342,2075,2073
13.704017188619051,2097,2095
13.70792369294876,2132,2131
13.71183019727847,2128,2116
13.71573670160818,2123,2114
13.719643205937889,2136,2130
13.723549710267596,2142,2130
13.727456214597305,2142,2130
13.731362718927015,2144,2129
13.735269223256724,2096,2101
13.739175727586433,2080,2089
13.74308223191614,2049,2048
13.74698873624585,2052,2039
13.75089524057556,2038,2035
13.754801744905269,2035,2040
13.758708249234978,2040,2038
13.762614753564685,2018,2033
13.766521257894395,1978,1992
13.770427762224104,1976,1980
13.774334266553813,1980,1995
13.778240770883523,1965,1974
13.782147275213232,1969,1986
13.78605377954294,1959,1971
13.789960283872649,1950,1946
13.793866788202358,1992,1993
13.797773292532067,1984,1989
13.801679796861777,2013,2010
13.805586301191484,2096,2095
13.809492805521193,2089,2087
13.813399309850903,2110,2108
13.817305814180612,2091,2090
13.821212318510321,2097,2090
13.82511882284003,2099,2094
13.829025327169738,2096,2108
13.832931831499447,2096,2095
13.836838335829157,2067,2069
13.840744840158866,2046,2049
13.844651344488575,2026,2029
13.848557848818283,2032,2036
13.852464353147992,2039,2045
13.856370857477701,2048,2055
13.86027736180741,2032,2026
13.86418386613712,2034,2030
13.86809037046683,1984,1992
13.871996874796537,1971,1993
13.875903379126246,2002,1997
13.879809883455955,1987,1995
13.883716387785665,1966,1983
13.887622892115374,1987,1994
13.891529396445081,1966,1980
13.89543590077479,1992,2000
13.8993424051045,2046,2042
13.90324890943421,2070,2074
13.907155413763919,2078,2077
13.911061918093626,2107,2097
13.914968422423335,2110,2107
13.918874926753045,2076,2076
13.922781431082754,2120,2122
13.926687935412463,2089,2088
13.930594439742173,2115,2094
13.93450094407188,2069,2069
13.93840744840159,2071,2077
13.942313952731299,2044,2044
13.946220457061008,2027,2030
13.950126961390717,2012,2015
13.954033465720425,2032,2027
13.957939970050134,2019,2027
13.961846474379843,2011,2010
13.965752978709553,1999,2003
13.969659483039262,1955,1959
13.973565987368971,1953,1959
13.977472491698679,1971,1989
13.981378996028388,1982,1984
13.985285500358097,1961,1963
13.989192004687807,1987,1991
13.993098509017516,1964,1964
13.997005013347223,2027,2028
14.000911517676933,2069,2071
14.004818022006642,2099,2089
14.008724526336351,2092,2086
14.01263103066606,2110,2110
14.01653753499577,2114,2102
14.020444039325477,2137,2128
14.024350543655187,2122,2114
14.028257047984896,2146,2139
14.032163552314605,2133,2134
14.036070056644315,2107,2107
14.039976560974022,2084,2084
14.043883065303731,2065,2056
14.04778956963344,2085,2086
14.05169607396315,2077,2081
14.05560257829286,2051,2046
14.059509082622567,2042,2046
14.063415586952276,2003,2009
14.067322091281985,2004,1986
14.071228595611695,1981,1992
14.075135099941404,1955,1970
14.079041604271113,2002,2008
14.08294810860082,1996,2000
14.08685461293053,1982,1989
14.09076111726024,1995,1998
14.094667621589949,2005,2006
14.098574125919658,2046,2047
14.102480630249365,2067,2061
14.106387134579075,2095,2108
14.110293638908784,2112,2107
14.114200143238493,2123,2110
14.118106647568203,2118,2100
14.122013151897912,2108,2111
14.12591965622762,2110,2103
14.129826160557329,2127,2116
14.133732664887038,2099,2092
14.137639169216747,2094,2097
14.141545673546457,2060,2061
14.145452177876164,2044,2047
14.149358682205873,2064,2069
14.153265186535583,2067,2069
14.157171690865292,2040,2046
14.161078195195001,2014,2007
14.16498469952471,2011,2017
14.168891203854418,1990,1991
14.172797708184127,1992,1996
14.176704212513837,1990,1995
14.180610716843546,1984,1989
14.184517221173255,1997,2008
14.188423725502963,2020,2035
14.192330229832672,1989,1993
14.196236734162381,2035,2039
14.20014323849209,2070,2085
14.2040497428218,2086,2088
14.207956247151508,2118,2106
14.211862751481217,2140,2136
14.215769255810926,2129,2110
14.219675760140635,2126,2120
14.223582264470345,2133,2128
14.227488768800054,2142,2130
14.231395273129761,2101,2097
14.23530177745947,2105,2099
14.23920828178918,2080,2083
14.24311478611889,2053,2054
14.247021290448599,2039,2044
14.250927794778306,2068,2067
14.254834299108015,2058,2052
14.258740803437725,2034,2042
14.262647307767434,1993,1999
14.266553812097143,1980,1981
14.270460316426853,1974,1969
14.27436682075656,1983,2003
14.27827332508627,1961,1962
14.282179829415979,1969,1982
14.286086333745688,1980,1975
14.289992838075397,1947,1954
14.293899342405105,1983,1975
14.297805846734814,1993,2016
14.301712351064523,2042,2051
14.305618855394233,2085,2085
14.309525359723942,2091,2091
14.313431864053651,2105,2107
14.317338368383359,2110,2103
14.321244872713068,2119,2117
14.325151377042777,2124,2121
14.329057881372487,2108,2103
14.332964385702196,2097,2108
14.336870890031904,2096,2094
14.340777394361613,2062,2060
14.344683898691322,2049,2056
14.348590403021031,2065,2051
14.35249690735074,2056,2057
14.356403411680448,2054,2055
14.360309916010157,2024,2033
14.364216420339867,1984,1990
14.368122924669576,2010,2007
14.372029428999285,1956,1966
14.375935933328995,1978,1986
14.379842437658702,1951,1962
14.383748941988411,1960,1971
14.38765544631812,1960,1968
14.39156195064783,1999,2001
14.39546845497754,2012,2017
14.399374959307247,2044,2040
14.403281463636956,2070,2074
14.407187967966665,2096,2087
14.411094472296375,2104,2095
14.415000976626084,2108,2099
14.418907480955793,2091,2078
14.4228139852855,2100,2099
14.42672048961521,2103,2093
14.43062699394492,2105,2102
14.434533498274629,2086,2079
14.438440002604338,2049,2043
14.442346506934046,2017,2022
14.446253011263755,2037,2041
14.450159515593464,2041,2043
14.454066019923173,2010,2009
14.457972524252883,2015,2010
14.461879028582592,1996,2003
14.4657855329123,1971,1981
14.469692037242009,1961,1967
14.473598541571718,1955,1967
14.477505045901427,1951,1957
14.481411550231137,1966,1981
14.485318054560844,1991,2007
14.489224558890553,1986,1987
14.493131063220263,1971,1991
14.497037567549972,2025,2019
14.500944071879681,2070,2064
14.50485057620939,2101,2087
14.508757080539098,2100,2099
14.512663584868807,2108,2106
14.516570089198517,2145,2138
14.520476593528226,2135,2139
14.524383097857935,2135,2125
14.528289602187643,2143,2141
14.532196106517352,2134,2131
14.536102610847061,2102,2105
14.54000911517677,2089,2081
14.54391561950648,2077,2083
14.547822123836188,2069,2061
14.551728628165897,2079,2084
14.555635132495606,2077,2067
14.559541636825315,2026,2026
14.563448141155025,2039,2036
14.567354645484734,1991,2002
14.571261149814442,2008,2016
14.57516765414415,1966,1977
14.57907415847386,2003,2014
14.58298066280357,1986,1986
14.586887167133279,1978,1989
14.590793671462986,1970,1989
14.594700175792696,1996,1998
14.598606680122405,2040,2036
14.602513184452114,2052,2051
14.606419688781823,2069,2071
14.610326193111533,2129,2139
14.61423269744124,2120,2110
14.61813920177095,2146,2141
14.622045706100659,2125,2107
14.625952210430368,2135,2125
14.629858714760077,2114,2108
14.633765219089785,2108,2098
14.637671723419494,2069,2070
14.641578227749203,2063,2066
14.645484732078913,2065,2060
14.649391236408622,2048,2050
14.653297740738331,2050,2045
14.657204245068039,2036,2037
14.661110749397748,2042,2038
14.665017253727457,1999,2008
14.668923758057167,2002,2007
14.672830262386876,2000,2007
14.676736766716584,1994,2014
14.680643271046293,1997,1999
14.684549775376002,1995,2004
14.688456279705711,2013,2025
14.69236278403542,2025,2021
14.696269288365128,2040,2043
14.700175792694838,2070,2052
14.704082297024547,2105,2104
14.707988801354256,2149,2137
14.711895305683965,2122,2100
14.715801810013675,2121,2110
14.719708314343382,2118,2114
14.723614818673092,2152,2151
14.7275213230028,2133,2129
14.73142782733251,2103,2106
14.73533433166222,2110,2102
14.739240835991927,2102,2098
14.743147340321636,2066,2058
14.747053844651345,2017,2017
14.750960348981055,2037,2023
14.754866853310764,2040,2050
14.758773357640473,2037,2028
14.762679861970181,2007,2013
14.76658636629989,1980,1999
14.7704928706296,1965,1969
14.774399374959309,1966,1979
14.778305879289018,1956,1972
14.782212383618726,1949,1961
14.786118887948435,1971,1987
14.790025392278144,1959,1972
14.793931896607853,1972,1975
14.797838400937563,2014,2010
14.801744905267272,2056,2051
14.80565140959698,2076,2078
14.809557913926689,2113,2101
14.813464418256398,2086,2076
14.817370922586107,2102,2108
14.821277426915817,2130,2119
14.825183931245524,2115,2104
14.829090435575234,2108,2103
14.832996939904943,2100,2093
14.836903444234652,2067,2068
14.840809948564361,2049,2047
14.844716452894069,2040,2044
14.848622957223778,2060,2062
14.852529461553488,2032,2041
14.856435965883197,2027,2029
14.860342470212906,2019,2023
14.864248974542615,2011,2009
14.868155478872323,1983,1990
14.872061983202032,1979,1975
14.875968487531742,1987,1991
14.87987499186145,1968,1977
14.88378149619116,1975,1987
14.887688000520868,1979,1986
14.891594504850577,1977,1982
14.895501009180286,1990,1993
14.899407513509995,2030,2028
14.903314017839705,2070,2063
14.907220522169414,2105,2101
14.911127026499122,2101,2109
14.91503353082883,2083,2070
14.91894003515854,2115,2106
14.92284653948825,2126,2112
14.926753043817959,2100,2095
14.930659548147666,2125,2113
14.934566052477376,2074,2079
14.938472556807085,2058,2045
14.942379061136794,2038,2040
14.946285565466503,2027,2021
14.950192069796213,2049,2057
14.95409857412592,2023,2029
14.95800507845563,2026,2028
14.961911582785339,1988,1995
14.965818087115048,1972,1976
14.969724591444757,1938,1943
14.973631095774465,1960,1967
14.977537600104174,1959,1979
14.981444104433884,1960,1971
14.985350608763593,1973,1977
14.989257113093302,1973,1979
14.99316361742301,1968,1982
14.997070121752719,2001,2012
15.000976626082428,2042,2032
15.004883130412138,2098,2087
15.008789634741847,2118,2112
15.012696139071556,2133,2118
15.016602643401264,2143,2135
15.020509147730973,2142,2125
15.024415652060682,2155,2139
15.028322156390391,2126,2124
15.0322286607201,2129,2116
15.036135165049808,2111,2107
15.040041669379518,2085,2083
15.043948173709227,2083,2073
15.047854678038936,2087,2079
15.051761182368645,2093,2090
15.055667686698355,2038,2032
15.059574191028062,2046,2048
15.063480695357772,2040,2047
15.06738719968748,2019,2021
15.07129370401719,1993,2002
15.0752002083469,2000,2002
15.079106712676607,1992,1999
15.083013217006316,1991,2009
15.086919721336026,1962,1972
15.090826225665735,1986,1997
15.094732729995444,1981,1987
15.098639234325153,2045,2037
15.102545738654861,2098,2085
15.10645224298457,2130,2120
15.11035874731428,2114,2105
15.114265251643989,2091,2096
15.118171755973698,2111,2107
15.122078260303406,2149,2139
15.125984764633115,2126,2115
15.129891268962824,2134,2122
15.133797773292534,2113,2098
15.137704277622243,2085,2102
15.14161078195195,2066,2067
15.14551728628166,2078,2072
15.149423790611369,2051,2047
15.153330294941078,2044,2035
15.157236799270787,2032,2021
15.161143303600497,2019,2027
15.165049807930204,1980,1989
15.168956312259914,1979,1985
15.172862816589623,1968,1972
15.176769320919332,1997,2007
15.180675825249041,1983,1991
15.184582329578749,1966,1976
15.188488833908458,2017,2017
15.192395338238168,1999,2015
15.196301842567877,2025,2026
15.200208346897586,2079,2083
15.204114851227295,2110,2104
15.208021355557003,2147,2128
15.211927859886712,2126,2126
15.215834364216422,2136,2128
15.21974086854613,2137,2125
15.22364737287584,2127,2136
15.227553877205548,2140,2128
15.231460381535257,2116,2102
15.235366885864966,2089,2084
15.239273390194676,2054,2063
15.243179894524385,2049,2052
15.247086398854094,2048,2036
15.250992903183802,2034,2032
15.254899407513511,2051,2052
15.25880591184322,2044,2046
15.26271241617293,2008,1998
15.266618920502639,1963,1977
15.270525424832346,1959,1952
15.274431929162056,1955,1958
15.278338433491765,1957,1966
15.282244937821474,1963,1986
15.286151442151183,1937,1959
15.290057946480893,1952,1968
15.2939644508106,1966,1970
15.29787095514031,2007,2018
15.301777459470019,2058,2061
15.305683963799728,2070,2070
15.309590468129437,2102,2098
15.313496972459145,2088,2088
15.317403476788854,2077,2079
15.321309981118564,2107,2103
15.325216485448273,2115,2117
15.329122989777982,2094,2094
15.33302949410769,2087,2081
15.336935998437399,2076,2062
15.340842502767108,2055,2048
15.344749007096818,2022,2023
15.348655511426527,2036,2036
15.352562015756236,2025,2026
15.356468520085944,2038,2038
15.360375024415653,2037,2035
15.364281528745362,2002,2004
15.368188033075072,1983,1993
15.37209453740478,1972,1979
15.376001041734488,1968,1981
15.379907546064198,1977,1997
15.383814050393907,1980,1997
15.387720554723616,1977,1980
15.391627059053326,1962,1981
15.395533563383035,2011,2008
15.399440067712742,2031,2027
15.403346572042452,2087,2085
15.407253076372161,2096,2100
15.41115958070187,2096,2092
15.41506608503158,2114,2110
15.418972589361287,2099,2094
15.422879093690996,2110,2099
15.426785598020706,2114,2107
15.430692102350415,2088,2085
15.434598606680124,2080,2072
15.438505111009833,2059,2051
15.442411615339541,2025,2014
15.44631811966925,2042,2044
15.45022462399896,2023,2024
15.454131128328669,2043,2042
15.458037632658378,2017,2008
15.461944136988086,2025,2028
15.465850641317795,1990,1995
15.469757145647504,1959,1967
15.473663649977214,1956,1969
15.477570154306923,1979,1992
15.48147665863663,1955,1971
15.48538316296634,1960,1958
15.489289667296049,1965,1975
15.493196171625758,1990,1995
15.497102675955468,2039,2037
15.501009180285177,2058,2052
15.504915684614884,2107,2107
15.508822188944594,2135,2129
15.512728693274303,2122,2112
15.516635197604012,2141,2134
15.520541701933722,2139,2123
15.524448206263429,2158,2154
15.528354710593138,2152,2135
15.532261214922848,2102,2102
15.536167719252557,2108,2090
15.540074223582266,2064,2056
15.543980727911975,2065,2076
15.547887232241683,2064,2065
15.551793736571392,2052,2043
15.555700240901102,2071,2069
15.55960674523081,2055,2052
15.56351324956052,2014,2025
15.567419753890228,1999,1999
15.571326258219937,1992,1997
15.575232762549646,1990,2001
15.579139266879356,1990,1997
15.583045771209065,1995,1997
15.586952275538774,1984,1991
15.590858779868482,1980,1986
15.594765284198191,1995,2009
15.5986717885279,2038,2045
15.60257829285761,2071,2076
15.606484797187319,2115,2109
15.610391301517026,2116,2107
15.614297805846736,2113,2109
15.618204310176445,2133,2119
15.622110814506154,2147,2119
15.626017318835864,2118,2109
15.629923823165571,2111,2098
15.63383032749528,2097,2085
15.63773683182499,2059,2053
15.641643336154699,2053,2048
15.645549840484408,2059,2062
15.649456344814118,2053,2056
15.653362849143825,2053,2051
15.657269353473534,2049,2050
15.661175857803244,2018,2023
15.665082362132953,2007,2006
15.668988866462662,1989,1996
15.67289537079237,1983,1985
15.676801875122079,1983,1989
15.680708379451788,1990,1988
15.684614883781498,1995,2004
15.688521388111207,1986,1994
15.692427892440916,1981,1981
15.696334396770624,2024,2022
15.700240901100333,2040,2047
15.704147405430042,2109,2119
15.708053909759752,2149,2132
15.71196041408946,2118,2117
15.715866918419168,2133,2134
15.719773422748878,2122,2120
15.723679927078587,2131,2133
15.727586431408296,2153,2135
15.731492935738006,2107,2098
15.735399440067715,2108,2100
15.739305944397422,2081,2088
15.743212448727132,2054,2054
15.747118953056841,2063,2060
15.75102545738655,2045,2040
15.75493196171626,2032,2038
15.758838466045967,2057,2056
15.762744970375676,2005,2002
15.766651474705386,1993,2003
15.770557979035095,1955,1964
15.774464483364804,1970,1987
15.778370987694512,1966,1981
15.782277492024221,1971,1982
15.78618399635393,1958,1956
15.79009050068364,1954,1973
15.793997005013349,1966,1985
15.797903509343058,2007,2008
15.801810013672766,2031,2038
15.805716518002475,2089,2092
15.809623022332184,2102,2095
15.813529526661894,2095,2094
15.817436030991603,2089,2083
15.82134253532131,2113,2109
15.82524903965102,2112,2109
15.829155543980729,2120,2115
15.833062048310438,2115,2106
15.836968552640148,2056,2047
15.840875056969857,2053,2048
15.844781561299564,2031,2027
15.848688065629274,2044,2045
15.852594569958983,2077,2073
15.856501074288692,2052,2048
15.860407578618402,2002,2008
15.864314082948109,2001,2014
15.868220587277818,1960,1964
15.872127091607528,1979,1993
15.876033595937237,1998,2009
15.879940100266946,1963,1979
15.883846604596656,1974,1980
15.887753108926363,1977,1975
15.891659613256072,1980,1982
15.895566117585782,2014,2014
15.899472621915491,2040,2041
15.9033791262452,2052,2050
15.907285630574908,2075,2071
15.911192134904617,2101,2080
15.915098639234326,2128,2112
15.919005143564036,2106,2110
15.922911647893745,2080,2076
15.926818152223452,2115,2115
15.930724656553162,2108,2101
15.934631160882871,2113,2100
15.93853766521258,2052,2060
15.94244416954229,2041,2041
15.946350673871999,2028,2027
15.950257178201706,2033,2026
15.954163682531416,2028,2026
15.958070186861125,2013,2016
15.961976691190834,2003,2007
15.965883195520544,1964,1976
15.969789699850251,1993,1998
15.97369620417996,1954,1972
15.97760270850967,1976,1977
15.981509212839379,1980,1981
15.985415717169088,1970,1970
15.989322221498798,1980,1991
15.993228725828505,1966,1986
15.997135230158214,1989,1999
16.001041734487924,2061,2053
16.004948238817633,2087,2087
16.008854743147342,2122,2120
16.01276124747705,2144,2127
16.01666775180676,2101,2098
16.02057425613647,2113,2112
16.024480760466176,2143,2144
16.028387264795885,2127,2118
16.032293769125594,2130,2122
16.036200273455304,2103,2102
16.040106777785013,2073,2062
16.044013282114722,2075,2082
16.04791978644443,2066,2056
16.05182629077414,2058,2062
16.05573279510385,2061,2063
16.05963929943356,2047,2044
16.06354580376327,2013,2016
16.067452308092975,2004,2007
16.071358812422684,1984,1989
16.075265316752393,1987,1988
16.079171821082102,1997,2006
16.08307832541181,1993,2007
16.08698482974152,1957,1968
16.09089133407123,1995,1990
16.09479783840094,1998,1991
16.09870434273065,2028,2040
16.102610847060358,2074,2067
16.106517351390067,2088,2084
16.110423855719773,2110,2105
16.114330360049482,2115,2110
16.118236864379192,2135,2128
16.1221433687089,2129,2131
16.12604987303861,2150,2131
16.12995637736832,2108,2104
16.13386288169803,2125,2125
16.13776938602774,2090,2099
16.141675890357448,2055,2054
16.145582394687157,2060,2053
16.149488899016866,2058,2055
16.153395403346572,2052,2047
16.15730190767628,2033,2033
16.16120841200599,2031,2023
16.1651149163357,2022,2019
16.16902142066541,1990,1999
16.17292792499512,1982,1996
16.176834429324828,1960,1972
16.180740933654537,2005,2009
16.184647437984246,1988,1998
16.188553942313956,1988,1995
16.19246044664366,2003,2001
16.19636695097337,2027,2031
16.20027345530308,2081,2081
16.20417995963279,2095,2077
16.2080864639625,2139,2126
16.211992968292208,2151,2138
16.215899472621917,2161,2157
16.219805976951626,2126,2126
16.223712481281336,2152,2133
16.227618985611045,2143,2145
16.231525489940754,2125,2120
16.23543199427046,2121,2117
16.23933849860017,2068,2074
16.24324500292988,2050,2050
16.247151507259588,2045,2046
16.251058011589297,2072,2066
16.254964515919006,2035,2046
16.258871020248716,2014,2011
16.262777524578425,1996,1993
16.266684028908134,1974,1977
16.270590533237844,1950,1962
16.274497037567553,1967,1969
16.27840354189726,1940,1958
16.282310046226968,1958,1961
16.286216550556677,1964,1970
16.290123054886386,1983,1977
16.294029559216096,1965,1978
16.297936063545805,2017,2025
16.301842567875514,2033,2034
16.305749072205224,2081,2075
16.309655576534933,2088,2076
16.313562080864642,2081,2069
16.31746858519435,2090,2092
16.321375089524057,2092,2097
16.325281593853767,2107,2102
16.329188098183476,2086,2088
16.333094602513185,2091,2090
16.337001106842894,2075,2072
16.340907611172604,2073,2062
16.344814115502313,2048,2046
16.348720619832022,2048,2054
16.35262712416173,2060,2066
16.35653362849144,2050,2049
16.36044013282115,2029,2023
16.364346637150856,1993,1997
16.368253141480565,1987,2000
16.372159645810274,1964,1985
16.376066150139984,1949,1966
16.379972654469693,1984,1990
16.383879158799402,1977,1979
16.38778566312911,1959,1968
16.39169216745882,2000,2003
16.39559867178853,2011,2018
16.39950517611824,2036,2033
16.40341168044795,2076,2070
16.407318184777655,2094,2081
16.411224689107364,2097,2090
16.415131193437073,2095,2102
16.419037697766782,2110,2107
16.42294420209649,2135,2125
16.4268507064262,2116,2110
16.43075721075591,2092,2088
16.43466371508562,2063,2053
16.43857021941533,2035,2033
16.442476723745038,2035,2028
16.446383228074748,2019,2018
16.450289732404453,2041,2046
16.454196236734163,2030,2035
16.458102741063872,2007,2018
16.46200924539358,1995,1989
16.46591574972329,1972,1979
16.469822254053,1958,1964
16.47372875838271,1953,1962
16.47763526271242,1942,1953
16.481541767042128,1961,1976
16.485448271371837,1987,1992
16.489354775701543,1973,1970
16.493261280031252,1971,1993
16.49716778436096,2023,2035
16.50107428869067,2051,2049
16.50498079302038,2084,2079
16.50888729735009,2132,2125
16.5127938016798,2126,2117
16.516700306009508,2117,2114
16.520606810339217,2127,2118
16.524513314668926,2133,2122
16.528419818998636,2128,2127
16.53232632332834,2111,2102
16.53623282765805,2119,2114
16.54013933198776,2087,2076
16.54404583631747,2067,2061
16.54795234064718,2068,2072
16.551858844976888,2075,2074
16.555765349306597,2065,2063
16.559671853636306,2073,2068
16.563578357966016,2025,2036
16.567484862295725,2019,2020
16.571391366625434,1993,1993
16.57529787095514,1992,2006
16.57920437528485,1991,1996
16.58311087961456,1974,1975
16.587017383944268,1989,1988
16.590923888273977,1995,2003
16.594830392603686,1998,2000
16.598736896933396,2036,2043
16.602643401263105,2077,2077
16.606549905592814,2107,2105
16.610456409922524,2119,2109
16.614362914252233,2115,2109
16.61826941858194,2110,2098
16.622175922911648,2124,2114
16.626082427241357,2146,2144
16.629988931571067,2121,2114
16.633895435900776,2100,2107
16.637801940230485,2064,2061
16.641708444560194,2054,2056
16.645614948889904,2042,2041
16.649521453219613,2048,2050
16.653427957549322,2061,2059
16.65733446187903,2037,2043
16.661240966208737,2024,2026
16.665147470538447,2009,2011
16.669053974868156,1997,1999
16.672960479197865,1980,1978
16.676866983527574,1973,1980
16.680773487857284,2001,2005
16.684679992186993,1981,1995
16.688586496516702,1993,1985
16.69249300084641,1980,1994
16.69639950517612,2024,2024
16.70030600950583,2074,2079
16.704212513835536,2111,2119
16.708119018165245,2133,2125
16.712025522494955,2139,2138
16.715932026824664,2142,2146
16.719838531154373,2131,2131
16.723745035484082,2123,2112
16.72765153981379,2143,2143
16.7315580441435,2129,2117
16.73546454847321,2113,2110
16.73937105280292,2051,2053
16.74327755713263,2062,2072
16.747184061462335,2038,2040
16.751090565792044,2045,2042
16.754997070121753,2051,2054
16.758903574451463,2042,2048
16.762810078781172,2022,2030
16.76671658311088,1943,1973
16.77062308744059,1951,1957
16.7745295917703,1962,1970
16.77843609610001,1943,1957
16.78234260042972,1970,1978
16.786249104759424,1958,1969
16.790155609089133,1944,1963
16.794062113418843,1980,1990
16.797968617748552,2008,2013
16.80187512207826,2057,2060
16.80578162640797,2069,2074
16.80968813073768,2094,2102
16.81359463506739,2115,2120
16.8175011393971,2091,2079
16.821407643726808,2117,2116
16.825314148056517,2111,2111
16.829220652386223,2105,2100
16.833127156715932,2106,2102
16.83703366104564,2079,2075
16.84094016537535,2067,2069
16.84484666970506,2035,2034
16.84875317403477,2039,2045
16.85265967836448,2047,2046
16.856566182694188,2039,2028
16.860472687023897,2047,2043
16.864379191353606,2009,2011
16.868285695683316,1989,1990
16.87219220001302,1959,1975
16.87609870434273,1962,1969
16.88000520867244,1977,1991
16.88391171300215,1961,1945
16.88781821733186,1965,1978
16.891724721661568,2006,2009
16.895631225991277,1987,1994
16.899537730320986,2028,2029
16.903444234650696,2081,2089
16.907350738980405,2099,2095
16.911257243310114,2099,2097
16.91516374763982,2126,2115
16.91907025196953,2111,2110
16.92297675629924,2108,2102
16.926883260628948,2106,2096
16.930789764958657,2102,2109
16.934696269288366,2069,2063
16.938602773618076,2073,2074
16.942509277947785,2047,2049
16.946415782277494,2017,2021
16.950322286607204,2018,2015
16.954228790936913,2028,2026
16.95813529526662,2014,2011
16.962041799596328,1969,1991
16.965948303926037,1962,1976
16.969854808255747,1942,1952
16.973761312585456,1957,1973
16.977667816915165,1968,1965
16.981574321244874,1963,1962
16.985480825574584,1960,1975
16.989387329904293,1989,1999
16.993293834234002,1977,1977
16.99720033856371,2018,2018
17.001106842893417,2051,2051
17.005013347223127,2093,2086
17.008919851552836,2108,2106
17.012826355882545,2127,2127
17.016732860212255,2134,2124
17.020639364541964,2140,2131
17.024545868871673,2123,2115
17.028452373201382,2114,2120
17.03235887753109,2127,2122
17.0362653818608,2111,2092
17.04017188619051,2070,2061
17.044078390520216,2088,2087
17.047984894849925,2086,2077
17.051891399179635,2069,2062
17.055797903509344,2064,2069
17.059704407839053,2067,2066
17.063610912168762,2014,2021
17.06751741649847,1992,2000
17.07142392082818,1969,1978
17.07533042515789,1971,1972
17.0792369294876,1996,2006
17.08314343381731,2003,2009
17.087049938147015,1988,1988
17.090956442476724,2004,2000
17.094862946806433,2002,2013
17.098769451136143,2051,2047
17.102675955465852,2066,2057
17.10658245979556,2099,2092
17.11048896412527,2122,2115
17.11439546845498,2123,2128
17.11830197278469,2113,2111
17.1222084771144,2134,2125
17.126114981444104,2100,2097
17.130021485773813,2128,2123
17.133927990103523,2085,2077
17.137834494433232,2076,2082
17.14174099876294,2053,2049
17.14564750309265,2043,2044
17.14955400742236,2056,2052
17.15346051175207,2043,2035
17.15736701608178,2035,2044
17.161273520411488,2014,2007
17.165180024741197,2024,2031
17.169086529070903,1985,1987
17.172993033400612,1989,1989
17.17689953773032,2000,2010
17.18080604206003,1989,2002
17.18471254638974,1977,1983
17.18861905071945,2012,2021
17.19252555504916,2010,2015
17.196432059378868,2010,2011
17.200338563708577,2085,2074
17.204245068038286,2127,2127
17.208151572367996,2110,2103
17.2120580766977,2127,2109
17.21596458102741,2125,2111
17.21987108535712,2140,2131
17.22377758968683,2129,2122
17.22768409401654,2147,2152
17.231590598346248,2109,2103
17.235497102675957,2108,2107
17.239403607005666,2085,2078
17.243310111335376,2046,2048
17.247216615665085,2053,2058
17.251123119994794,2023,2028
17.2550296243245,2044,2062
17.25893612865421,2013,2017
17.26284263298392,2021,2028
17.266749137313628,1982,1985
17.270655641643337,1962,1967
17.274562145973047,1976,1985
17.278468650302756,1944,1958
17.282375154632465,1987,1992
17.286281658962174,1974,1991
17.290188163291884,1976,1972
17.294094667621593,1967,1972
17.2980011719513,2025,2033
17.301907676281008,2039,2046
17.305814180610717,2070,2070
17.309720684940427,2082,2074
17.313627189270136,2086,2086
17.317533693599845,2094,2094
17.321440197929554,2121,2117
17.325346702259264,2111,2107
17.329253206588973,2104,2094
17.333159710918682,2095,2083
17.33706621524839,2101,2101
17.340972719578097,2070,2071
17.344879223907807,2038,2038
17.348785728237516,2051,2042
17.352692232567225,2044,2050
17.356598736896935,2022,2026
17.360505241226644,2032,2034
17.364411745556353,1976,1961
17.368318249886062,1980,1993
17.37222475421577,1980,1980
17.37613125854548,1986,2001
17.38003776287519,2000,2008
17.383944267204896,1987,1998
17.387850771534605,1980,1983
17.391757275864315,1979,1984
17.395663780194024,1987,1993
17.399570284523733,2066,2061
17.403476788853443,2097,2103
17.407383293183152,2104,2109
17.41128979751286,2103,2107
17.41519630184257,2100,2096
17.41910280617228,2099,2106
17.423009310501985,2102,2101
17.426915814831695,2102,2097
17.430822319161404,2076,2077
17.434728823491113,2079,2072
17.438635327820823,2060,2057
17.442541832150532,2021,2022
17.44644833648024,2026,2031
17.45035484080995,2015,2016
17.45426134513966,2009,2009
17.45816784946937,2019,2028
17.46207435379908,2001,2015
17.465980858128784,1953,1974
17.469887362458493,1950,1963
17.473793866788203,1946,1956
17.477700371117912,1958,1962
17.48160687544762,1981,1976
17.48551337977733,1992,2003
17.48941988410704,1982,1990
17.49332638843675,1983,1990
17.49723289276646,2017,2018
17.501139397096168,2057,2051
17.505045901425877,2075,2077
17.508952405755583,2136,2123
17.512858910085292,2138,2123
17.516765414415,2123,2118
17.52067191874471,2117,2117
17.52457842307442,2139,2134
17.52848492740413,2134,2132
17.53239143173384,2126,2129
17.536297936063548,2114,2102
17.540204440393257,2056,2046
17.544110944722966,2061,2067
17.548017449052676,2072,2067
17.55192395338238,2058,2059
17.55583045771209,2057,2059
17.5597369620418,2069,2065
17.56364346637151,2017,2011
17.56754997070122,1969,1985
17.571456475030928,1978,1978
17.575362979360637,2013,2014
17.579269483690346,1989,1996
17.583175988020056,1991,1990
17.587082492349765,1993,2009
17.590988996679474,2003,2007
17.59489550100918,1990,1989
17.59880200533889,2047,2044
17.6027085096686,2073,2071
17.606615013998308,2118,2106
17.610521518328017,2099,2098
17.614428022657727,2120,2116
17.618334526987436,2122,2118
17.622241031317145,2112,2100
17.626147535646854,2119,2124
17.630054039976564,2122,2109
17.633960544306273,2101,2095
17.63786704863598,2082,2085
17.641773552965688,2070,2074
17.645680057295397,2027,2036
17.649586561625107,2057,2055
17.653493065954816,2055,2047
17.657399570284525,2069,2069
17.661306074614235,2020,2029
17.665212578943944,1989,1994
17.669119083273653,1980,1986
17.673025587603362,1987,1996
17.67693209193307,1968,1966
17.680838596262777,2017,2026
17.684745100592487,2002,2006
17.688651604922196,2005,2009
17.692558109251905,2016,2023
17.696464613581615,2017,2018
17.700371117911324,2061,2041
17.704277622241033,2119,2106
17.708184126570742,2137,2135
17.71209063090045,2145,2146
17.71599713523016,2121,2123
17.71990363955987,2152,2142
17.723810143889576,2128,2118
17.727716648219285,2118,2112
17.731623152548995,2115,2109
17.735529656878704,2082,2081
17.739436161208413,2055,2042
17.743342665538123,2052,2044
17.747249169867832,2041,2041
17.75115567419754,2039,2041
17.75506217852725,2039,2045
17.75896868285696,2040,2036
17.762875187186665,1996,1989
17.766781691516375,1989,1995
17.770688195846084,1948,1970
17.774594700175793,1945,1964
17.778501204505503,1960,1964
17.782407708835212,1963,1967
17.78631421316492,1961,1976
17.79022071749463,1959,1975
17.79412722182434,1975,1986
17.79803372615405,1991,2002
17.80194023048376,2055,2064
17.805846734813464,2062,2054
17.809753239143173,2103,2088
17.813659743472883,2102,2088
17.817566247802592,2085,2080
17.8214727521323,2106,2106
17.82537925646201,2104,2098
17.82928576079172,2108,2103
17.83319226512143,2087,2080
17.83709876945114,2064,2064
17.841005273780848,2059,2051
17.844911778110557,2044,2056
17.848818282440263,2037,2042
17.852724786769972,2012,2021
17.85663129109968,2042,2047
17.86053779542939,2005,2024
17.8644442997591,2008,2016
17.86835080408881,1992,1987
17.87225730841852,1975,1978
17.876163812748228,1967,1968
17.880070317077937,1952,1958
17.883976821407646,2004,2015
17.887883325737356,1962,1980
17.89178983006706,1977,1989
17.89569633439677,2016,2033
17.89960283872648,2043,2043
17.90350934305619,2083,2069
17.9074158473859,2089,2087
17.911322351715608,2122,2108
17.915228856045317,2120,2115
17.919135360375027,2128,2115
17.923041864704736,2096,2084
17.926948369034445,2098,2087
17.930854873364154,2083,2083
17.93476137769386,2073,2063
17.93866788202357,2050,2052
17.94257438635328,2060,2070
17.946480890682988,2027,2024
17.950387395012697,2014,2014
17.954293899342407,2045,2038
17.958200403672116,2018,2020
17.962106908001825,2005,2008
17.966013412331534,1975,1983
17.969919916661244,1984,1992
17.973826420990953,1964,1976
17.97773292532066,1951,1966
17.981639429650368,1958,1959
17.985545933980077,1969,1979
17.989452438309787,1953,1964
17.993358942639496,1992,2000
17.997265446969205,2013,2011
18.001171951298915,2048,2047
18.005078455628624,2071,2069
18.008984959958333,2124,2107
18.012891464288042,2128,2117
18.01679796861775,2127,2109
18.020704472947457,2136,2122
18.024610977277167,2132,2116
18.028517481606876,2142,2136
18.032423985936585,2114,2107
18.036330490266295,2108,2092
18.040236994596004,2059,2060
18.044143498925713,2072,2058
18.048050003255423,2064,2060
18.051956507585132,2065,2068
18.05586301191484,2070,2064
18.059769516244547,2035,2033
18.063676020574256,2020,2012
18.067582524903965,1985,1994
18.071489029233675,1988,1996
18.075395533563384,1995,1999
18.079302037893093,1984,1988
18.083208542222803,1982,1995
18.087115046552512,1959,1967
18.09102155088222,1984,1982
18.09492805521193,1998,2001
18.09883455954164,2035,2031
18.102741063871346,2072,2061
18.106647568201055,2095,2087
18.110554072530764,2123,2119
18.114460576860473,2116,2104
18.118367081190183,2110,2109
18.122273585519892,2131,2117
18.1261800898496,2122,2119
18.13008659417931,2088,2080
18.13399309850902,2087,2090
18.13789960283873,2079,2076
18.14180610716844,2072,2071
18.145712611498144,2034,2034
18.149619115827853,2042,2043
18.153525620157563,2046,2043
18.157432124487272,2044,2036
18.16133862881698,2013,2029
18.16524513314669,2004,2018
18.1691516374764,2015,2015
18.17305814180611,1978,1983
18.17696464613582,1996,2010
18.180871150465528,2018,2017
18.184777654795237,2001,2015
18.188684159124943,1990,1996
18.192590663454652,1989,1993
18.19649716778436,2039,2041
18.20040367211407,2074,2080
18.20431017644378,2103,2096
18.20821668077349,2158,2146
18.2121231851032,2139,2133
18.216029689432908,2164,2144
18.219936193762617,2144,2137
18.223842698092326,2135,2131
18.227749202422036,2129,2108
18.23165570675174,2120,2123
18.23556221108145,2091,2087
18.23946871541116,2056,2060
18.24337521974087,2046,2044
18.24728172407058,2051,2047
18.251188228400288,2034,2036
18.255094732729997,2039,2047
18.259001237059707,2031,2029
18.262907741389416,1987,1992
18.266814245719125,1967,1981
18.270720750048834,1963,1966
18.27462725437854,1953,1964
18.27853375870825,1973,1972
18.28244026303796,1955,1962
18.286346767367668,1955,1983
18.290253271697377,1956,1958
18.294159776027087,1985,1989
18.298066280356796,2003,2017
18.301972784686505,2025,2015
18.305879289016215,2087,2087
18.309785793345924,2099,2109
18.313692297675633,2115,2113
18.31759880200534,2113,2109
18.321505306335048,2092,2094
18.325411810664757,2103,2088
18.329318314994467,2094,2096
18.333224819324176,2077,2073
18.337131323653885,2071,2071
18.341037827983595,2054,2058
18.344944332313304,2045,2036
18.348850836643013,2040,2031
18.352757340972722,2062,2056
18.35666384530243,2032,2030
18.360570349632138,2004,2004
18.364476853961847,2007,2019
18.368383358291556,1991,2001
18.372289862621265,1971,1974
18.376196366950975,1960,1979
18.380102871280684,1972,1984
18.384009375610393,1984,1999
18.387915879940103,1961,1977
18.391822384269812,1963,1973
18.39572888859952,1999,2009
18.399635392929227,2055,2052
18.403541897258936,2061,2057
18.407448401588645,2098,2104
18.411354905918355,2117,2104
18.415261410248064,2113,2112
18.419167914577773,2101,2094
18.423074418907483,2093,2078
18.426980923237192,2097,2087
18.4308874275669,2096,2091
18.43479393189661,2062,2071
18.43870043622632,2083,2083
18.442606940556026,2022,2028
18.446513444885735,2046,2049
18.450419949215444,2039,2041
18.454326453545153,2012,2019
18.458232957874863,2019,2026
18.462139462204572,2011,2026
18.46604596653428,1990,1993
18.46995247086399,1953,1965
18.4738589751937,1953,1965
18.47776547952341,1981,1982
18.48167198385312,1956,1963
18.485578488182824,1959,1965
18.489484992512534,1964,1969
18.493391496842243,1995,1996
18.497298001171952,2017,2014
18.50120450550166,2054,2060
18.50511100983137,2103,2090
18.50901751416108,2121,2124
18.51292401849079,2141,2122
18.5168305228205,2131,2124
18.520737027150208,2140,2126
18.524643531479917,2154,2141
18.528550035809623,2135,2132
18.532456540139332,2128,2117
18.53636304446904,2131,2118
18.54026954879875,2076,2084
18.54417605312846,2059,2058
18.54808255745817,2083,2071
18.55198906178788,2066,2060
18.555895566117588,2066,2071
18.559802070447297,2046,2049
18.563708574777007,2028,2026
18.567615079106716,1995,2003
18.57152158343642,2005,2005
18.57542808776613,1988,2000
18.57933459209584,1978,1993
18.58324109642555,1980,1988
18.58714760075526,1997,1994
18.591054105084968,1980,1986
18.594960609414677,2004,2003
18.598867113744387,2039,2033
18.602773618074096,2065,2064
18.606680122403805,2109,2102
18.610586626733514,2137,2121
18.61449313106322,2117,2112
18.61839963539293,2111,2097
18.62230613972264,2095,2089
18.626212644052348,2133,2115
18.630119148382057,2113,2097
18.634025652711767,2110,2112
18.637932157041476,2077,2071
18.641838661371185,2058,2055
18.645745165700895,2062,2069
18.649651670030604,2045,2047
18.653558174360313,2073,2066
18.65746467869002,2049,2045
18.661371183019728,2038,2037
18.665277687349437,2004,2012
18.669184191679147,1984,1989
18.673090696008856,1984,1991
18.676997200338565,1988,1984
18.680903704668275,1983,1987
18.684810208997984,2010,2014
18.688716713327693,2013,2026
18.692623217657403,1984,1982
18.69652972198711,2020,2029
18.700436226316818,2080,2072
18.704342730646527,2114,2103
18.708249234976236,2154,2148
18.712155739305945,2146,2138
18.716062243635655,2122,2112
18.719968747965364,2133,2129
18.723875252295073,2116,2107
18.727781756624783,2121,2118
18.731688260954492,2143,2135
18.7355947652842,2103,2098
18.739501269613907,2084,2088
18.743407773943616,2050,2047
18.747314278273326,2025,2020
18.751220782603035,2034,2030
18.755127286932744,2037,2048
18.759033791262453,2037,2038
18.762940295592163,2035,2022
18.766846799921872,1975,1980
18.77075330425158,1953,1973
18.77465980858129,1946,1957
18.778566312911,1974,1984
18.782472817240706,1977,1990
18.786379321570415,1963,1965
18.790285825900124,1946,1952
18.794192330229833,1985,1991
18.798098834559543,1998,2002
18.802005338889252,2056,2055
18.80591184321896,2063,2064
18.80981834754867,2085,2078
18.81372485187838,2101,2096
18.81763135620809,2099,2090
18.8215378605378,2098,2082
18.825444364867504,2105,2094
18.829350869197214,2104,2101
18.833257373526923,2100,2096
18.837163877856632,2064,2067
18.84107038218634,2047,2042
18.84497688651605,2041,2044
18.84888339084576,2050,2053
18.85278989517547,2029,2018
18.85669639950518,2041,2051
18.860602903834888,2024,2036
18.864509408164597,1998,2000
18.868415912494303,1998,2006
18.872322416824012,1977,1983
18.87622892115372,1971,1989
18.88013542548343,1965,1968
18.88404192981314,2007,2004
18.88794843414285,1958,1961
18.89185493847256,1979,1982
18.895761442802268,1999,1992
18.899667947131977,2039,2031
18.903574451461687,2079,2077
18.907480955791396,2102,2087
18.9113874601211,2112,2111
18.91529396445081,2109,2110
18.91920046878052,2114,2113
18.92310697311023,2105,2108
18.92701347743994,2115,2109
18.930919981769648,2076,2066
18.934826486099357,2082,2073
18.938732990429067,2066,2063
18.942639494758776,2046,2042
18.946545999088485,2017,2025
18.950452503418195,2020,2022
18.9543590077479,2026,2022
18.95826551207761,2002,2007
18.96217201640732,2002,2013
18.966078520737028,1990,1989
18.969985025066737,1965,1974
18.973891529396447,1950,1955
18.977798033726156,1954,1965
18.981704538055865,1951,1964
18.985611042385575,1977,1981
18.989517546715284,1950,1959
18.99342405104499,1985,1994
18.9973305553747,2034,2046
19.00123705970441,2059,2055
19.005143564034118,2093,2088
19.009050068363827,2117,2118
19.012956572693536,2148,2135
19.016863077023245,2128,2125
19.020769581352955,2130,2122
19.024676085682664,2165,2156
19.028582590012373,2138,2140
19.032489094342083,2123,2104
19.03639559867179,2096,2090
19.040302103001498,2086,2078
19.044208607331207,2062,2051
19.048115111660916,2063,2061
19.052021615990625,2085,2065
19.055928120320335,2060,2067
19.059834624650044,2034,2038
19.063741128979753,2012,2006
19.067647633309463,2004,2012
19.071554137639172,1999,2001
19.07546064196888,2001,2001
19.079367146298587,1986,1988
19.083273650628296,1995,1998
19.087180154958006,1961,1970
19.091086659287715,1991,2002
19.094993163617424,1994,2012
19.098899667947133,2048,2052
19.102806172276843,2059,2063
19.106712676606552,2112,2106
19.11061918093626,2114,2110
19.11452568526597,2139,2129
19.11843218959568,2120,2106
19.122338693925386,2126,2113
19.126245198255095,2112,2096
19.130151702584804,2127,2124
19.134058206914514,2111,2101
19.137964711244223,2069,2070
19.141871215573932,2067,2057
19.14577771990364,2062,2064
19.14968422423335,2060,2053
19.15359072856306,2037,2038
19.15749723289277,2044,2057
19.16140373722248,2018,2017
19.165310241552184,1993,1999
19.169216745881894,1993,2002
19.173123250211603,1962,1969
19.177029754541312,1994,2001
19.18093625887102,2003,1996
19.18484276320073,1992,1992
19.18874926753044,1996,1994
19.19265577186015,2010,2009
19.19656227618986,2027,2022
19.200468780519568,2078,2070
19.204375284849277,2113,2115
19.208281789178983,2138,2126
19.212188293508692,2133,2119
19.2160947978384,2133,2121
19.22000130216811,2141,2137
19.22390780649782,2148,2130
19.22781431082753,2155,2139
19.23172081515724,2134,2122
19.235627319486948,2116,2098
19.239533823816657,2082,2075
19.243440328146367,2061,2060
19.247346832476076,2053,2045
19.25125333680578,2056,2058
19.25515984113549,2059,2049
19.2590663454652,2050,2046
19.26297284979491,2013,2018
19.26687935412462,1967,1970
19.270785858454328,1965,1969
19.274692362784037,1934,1939
19.278598867113747,1950,1959
19.282505371443456,1968,1972
19.286411875773165,1972,1974
19.290318380102875,1953,1957
19.29422488443258,1987,1991
19.29813138876229,2017,2028
19.302037893092,2060,2062
19.305944397421708,2077,2075
19.309850901751417,2117,2110
19.313757406081127,2105,2091
19.317663910410836,2100,2088
19.321570414740545,2101,2092
19.325476919070255,2111,2093
19.329383423399964,2105,2100
19.33328992772967,2112,2114
19.33719643205938,2088,2084
19.34110293638909,2041,2033
19.345009440718798,2048,2040
19.348915945048507,2028,2022
19.352822449378216,2043,2039
19.356728953707925,2032,2036
19.360635458037635,2004,2012
19.364541962367344,1991,1991
19.368448466697053,1988,1994
19.372354971026763,1966,1976
19.37626147535647,1983,1981
19.380167979686178,1980,1985
19.384074484015887,1992,1992
19.387980988345596,1981,1993
19.391887492675306,1978,1978
19.395793997005015,2012,2009
19.399700501334724,2043,2047
19.403607005664433,2090,2091
19.407513509994143,2094,2086
19.411420014323852,2122,2121
19.41532651865356,2112,2107
19.419233022983267,2106,2093
19.423139527312976,2110,2103
19.427046031642686,2110,2097
19.430952535972395,2111,2102
19.434859040302104,2065,2066
19.438765544631813,2047,2049
19.442672048961523,2016,2015
19.446578553291232,2059,2049
19.45048505762094,2016,2014
19.45439156195065,2027,2037
19.45829806628036,2007,2016
19.462204570610066,2012,2013
19.466111074939775,1975,1992
19.470017579269484,1937,1943
19.473924083599194,1964,1975
19.477830587928903,1979,1980
19.481737092258612,1985,1996
19.48564359658832,1946,1953
19.48955010091803,1959,1966
19.49345660524774,2011,2016
19.49736310957745,2027,2018
19.50126961390716,2055,2054
19.505176118236864,2090,2079
19.509082622566574,2116,2101
19.512989126896283,2120,2108
19.516895631225992,2136,2122
19.5208021355557,2137,2128
19.52470863988541,2139,2133
19.52861514421512,2144,2129
19.53252164854483,2135,2128
19.53642815287454,2099,2098
19.540334657204248,2094,2086
19.544241161533957,2078,2070
19.548147665863663,2061,2061
19.552054170193372,2069,2076
19.55596067452308,2075,2070
19.55986717885279,2039,2043
19.5637736831825,2030,2032
19.56768018751221,1976,1979
19.57158669184192,1991,1998
19.575493196171628,1968,1982
19.579399700501337,2005,2000
19.583306204831047,1975,1981
19.587212709160756,1983,1998
19.59111921349046,1990,1996
19.59502571782017,2012,2016
19.59893222214988,2023,2028
19.60283872647959,2067,2067
19.6067452308093,2097,2091
19.610651735139008,2104,2099
19.614558239468717,2120,2113
19.618464743798427,2132,2126
19.622371248128136,2124,2113
19.626277752457845,2126,2122
19.63018425678755,2101,2092
19.63409076111726,2104,2106
19.63799726544697,2090,2093
19.64190376977668,2052,2039
19.64581027410639,2046,2039
19.649716778436098,2052,2043
19.653623282765807,2058,2072
19.657529787095516,2053,2065
19.661436291425225,2015,2030
19.665342795754935,2015,2010
19.669249300084644,1997,2004
19.67315580441435,1984,1998
19.67706230874406,1988,1991
19.68096881307377,1986,2002
19.684875317403478,1986,2007
19.688781821733187,2007,2019
19.692688326062896,2007,2009
19.696594830392606,2028,2025
19.700501334722315,2075,2076
19.704407839052024,2087,2081
19.708314343381733,2129,2117
19.712220847711443,2141,2134
19.71612735204115,2142,2128
19.720033856370858,2129,2122
19.723940360700567,2140,2123
19.727846865030276,2142,2128
19.731753369359986,2124,2113
19.735659873689695,2101,2102
19.739566378019404,2059,2066
19.743472882349113,2045,2039
19.747379386678823,2048,2036
19.751285891008532,2040,2049
19.75519239533824,2039,2041
19.759098899667947,2050,2060
19.763005403997656,2003,1999
19.766911908327366,1998,2004
19.770818412657075,1919,1922
19.774724916986784,1965,1976
19.778631421316494,1966,1975
19.782537925646203,1945,1961
19.786444429975912,1967,1967
19.79035093430562,1969,1978
19.79425743863533,1981,1997
19.79816394296504,2001,2005
19.802070447294746,2057,2059
19.805976951624455,2097,2099
19.809883455954164,2094,2084
19.813789960283874,2128,2112
19.817696464613583,2088,2078
19.821602968943292,2107,2102
19.825509473273,2112,2105
19.82941597760271,2090,2082
19.83332248193242,2092,2092
19.83722898626213,2055,2045
19.84113549059184,2071,2066
19.845041994921544,2047,2048
19.848948499251254,2042,2041
19.852855003580963,2056,2059
19.856761507910672,2067,2066
19.86066801224038,2035,2030
19.86457451657009,2010,2010
19.8684810208998,1997,2005
19.87238752522951,1955,1967
19.87629402955922,2000,2006
19.880200533888928,1976,1983
19.884107038218637,1971,1974
19.888013542548343,1956,1961
19.891920046878052,1985,1986
19.89582655120776,1983,1976
19.89973305553747,2049,2042
19.90363955986718,2059,2061
19.90754606419689,2099,2100
19.9114525685266,2100,2091
19.915359072856308,2116,2114
19.919265577186017,2116,2106
19.923172081515727,2111,2110
19.927078585845432,2117,2113
19.93098509017514,2106,2102
19.93489159450485,2067,2059
19.93879809883456,2067,2068
19.94270460316427,2036,2042
19.94661110749398,2033,2040
19.950517611823688,2011,2001
19.954424116153398,2040,2028
19.958330620483107,2046,2052
19.962237124812816,1992,1995
19.966143629142525,1994,1993
19.97005013347223,1951,1960
19.97395663780194,1959,1974
19.97786314213165,1950,1957
19.98176964646136,1994,2006
19.98567615079107,1964,1966
19.989582655120778,1989,1993
19.993489159450487,1975,1980
19.997395663780196,2020,2039
20.001302168109905,2066,2069
20.005208672439615,2078,2084
20.009115176769324,2137,2124
20.01302168109903,2152,2151
20.01692818542874,2151,2139
20.02083468975845,2100,2097
20.024741194088158,2118,2123
20.028647698417867,2159,2158
20.032554202747576,2123,2109
20.036460707077286,2119,2111
20.040367211406995,2070,2062
20.044273715736704,2062,2056
20.048180220066413,2075,2077
20.052086724396123,2061,2059
20.05599322872583,2047,2047
20.059899733055538,2071,2070
20.063806237385247,2017,2029
20.067712741714956,2011,2021
20.071619246044666,2001,2003
20.075525750374375,1990,1997
20.079432254704084,1987,1987
20.083338759033794,1998,1997
20.087245263363503,1964,1983
20.091151767693212,1994,2005
20.09505827202292,2008,2010
20.098964776352627,2033,2028
20.102871280682336,2075,2077
20.106777785012046,2121,2103
20.110684289341755,2132,2124
20.114590793671464,2116,2100
20.118497298001174,2120,2121
20.122403802330883,2111,2112
20.126310306660592,2125,2112
20.1302168109903,2117,2119
20.13412331532001,2106,2105
20.13802981964972,2092,2080
20.141936323979426,2061,2055
20.145842828309135,2026,2040
20.149749332638844,2030,2024
20.153655836968554,2058,2061
20.157562341298263,2055,2056
20.161468845627972,2020,2030
20.16537534995768,2002,2003
20.16928185428739,2014,2013
20.1731883586171,1991,1996
20.17709486294681,1990,1996
20.18100136727652,1976,1990
20.184907871606224,1998,2007
20.188814375935934,1984,1981
20.192720880265643,2017,2023
20.196627384595352,2029,2034
20.20053388892506,2073,2059
20.20444039325477,2114,2107
20.20834689758448,2123,2111
20.21225340191419,2127,2105
20.2161599062439,2110,2111
20.220066410573608,2142,2137
20.223972914903317,2145,2133
20.227879419233023,2136,2135
20.231785923562732,2147,2136
20.23569242789244,2101,2092
20.23959893222215,2060,2059
20.24350543655186,2035,2036
20.24741194088157,2047,2057
20.25131844521128,2069,2067
20.255224949540988,2031,2028
20.259131453870697,2039,2028
20.263037958200407,2007,2008
20.266944462530113,1971,1976
20.270850966859822,1964,1974
20.27475747118953,1977,1976
20.27866397551924,1966,1983
20.28257047984895,1981,1988
20.28647698417866,1955,1966
20.29038348850837,1992,2002
20.294289992838078,1989,2004
20.298196497167787,2004,2009
20.302103001497496,2049,2058
20.306009505827205,2079,2079
20.30991601015691,2091,2084
20.31382251448662,2107,2094
20.31772901881633,2075,2074
20.32163552314604,2117,2111
20.32554202747575,2106,2101
20.329448531805458,2111,2114
20.333355036135167,2096,2092
20.337261540464876,2087,2083
20.341168044794586,2060,2063
20.345074549124295,2028,2034
20.348981053454004,2028,2029
20.35288755778371,2067,2081
20.35679406211342,2046,2046
20.36070056644313,2015,2022
20.364607070772838,2001,1998
20.368513575102547,1988,1999
20.372420079432256,1967,1978
20.376326583761966,1991,1991
20.380233088091675,1996,2002
20.384139592421384,1952,1955
20.388046096751093,1970,1986
20.391952601080803,1974,1974
20.39585910541051,1988,1998
20.399765609740218,2037,2050
20.403672114069927,2061,2057
20.407578618399636,2090,2088
20.411485122729346,2115,2109
20.415391627059055,2109,2101
20.419298131388764,2098,2104
20.423204635718474,2107,2096
20.427111140048183,2115,2099
20.431017644377892,2095,2097
20.4349241487076,2077,2074
20.438830653037307,2037,2044
20.442737157367016,2054,2040
20.446643661696726,2005,2013
20.450550166026435,2031,2029
20.454456670356144,2040,2042
20.458363174685854,2016,2019
20.462269679015563,1984,1992
20.466176183345272,1983,1989
20.47008268767498,1961,1965
20.47398919200469,1970,1982
20.4778956963344,1971,1975
20.481802200664106,1962,1966
20.485708704993815,1969,1970
20.489615209323524,1979,1989
20.493521713653234,1989,1992
20.497428217982943,2020,2015
20.501334722312652,2088,2081
20.50524122664236,2094,2088
20.50914773097207,2119,2113
20.51305423530178,2123,2109
20.51696073963149,2154,2150
20.5208672439612,2159,2142
20.524773748290905,2139,2133
20.528680252620614,2139,2119
20.532586756950323,2107,2091
20.536493261280032,2086,2086
20.54039976560974,2076,2067
20.54430626993945,2073,2073
20.54821277426916,2079,2086
20.55211927859887,2071,2078
20.55602578292858,2050,2052
20.559932287258288,2041,2047
20.563838791587994,2026,2032
20.567745295917703,2007,2009
20.571651800247412,1996,2004
20.57555830457712,2001,2003
20.57946480890683,1982,1998
20.58337131323654,2000,2006
20.58727781756625,1986,1994
20.59118432189596,1982,1991
20.595090826225668,1998,1996
20.598997330555378,2044,2035
20.602903834885087,2093,2085
20.606810339214793,2105,2102
20.610716843544502,2111,2108
20.61462334787421,2131,2128
20.61852985220392,2133,2135
20.62243635653363,2121,2113
20.62634286086334,2111,2110
20.63024936519305,2107,2100
20.634155869522758,2079,2081
20.638062373852467,2067,2067
20.641968878182176,2085,2082
20.645875382511885,2041,2043
20.64978188684159,2043,2054
20.6536883911713,2076,2078
20.65759489550101,2043,2046
20.66150139983072,2001,2005
20.66540790416043,1991,1987
20.669314408490138,1982,1984
20.673220912819847,1989,2001
20.677127417149556,1959,1964
20.681033921479266,1985,1994
20.684940425808975,2002,2015
20.688846930138684,1995,2005
20.69275343446839,2006,2010
20.6966599387981,2019,2024
20.70056644312781,2063,2070
20.704472947457518,2094,2085
20.708379451787227,2147,2129
20.712285956116936,2152,2148
20.716192460446646,2123,2118
20.720098964776355,2133,2122
20.724005469106064,2164,2160
20.727911973435774,2128,2123
20.731818477765483,2111,2111
20.73572498209519,2091,2076
20.739631486424898,2071,2062
20.743537990754607,2059,2049
20.747444495084316,2042,2042
20.751350999414026,2037,2040
20.755257503743735,2049,2049
20.759164008073444,2028,2041
20.763070512403154,2001,2005
20.766977016732863,1974,1987
20.770883521062572,1949,1961
20.77479002539228,1959,1964
20.778696529721987,1971,1985
20.782603034051697,1964,1973
20.786509538381406,1947,1963
20.790416042711115,1982,1995
20.794322547040824,1987,1982
20.798229051370534,2034,2047
20.802135555700243,2062,2062
20.806042060029952,2090,2093
20.80994856435966,2120,2113
20.81385506868937,2093,2099
20.81776157301908,2089,2094
20.821668077348786,2101,2091
20.825574581678495,2124,2115
20.829481086008204,2097,2103
20.833387590337914,2085,2082
20.837294094667623,2034,2040
20.841200598997332,2047,2047
20.84510710332704,2044,2053
20.84901360765675,2039,2044
20.85292011198646,2036,2040
20.85682661631617,2047,2053
20.86073312064588,2001,1997
20.864639624975585,1990,1992
20.868546129305294,1961,1967
20.872452633635003,1962,1970
20.876359137964712,1975,1973
20.88026564229442,1999,2006
20.88417214662413,1967,1988
20.88807865095384,1993,1998
20.89198515528355,1994,2008
20.89589165961326,1988,2000
20.899798163942968,2050,2049
20.903704668272674,2065,2060
20.907611172602383,2094,2095
20.911517676932093,2112,2103
20.915424181261802,2107,2110
20.91933068559151,2126,2114
20.92323718992122,2102,2097
20.92714369425093,2114,2107
20.93105019858064,2089,2092
20.93495670291035,2072,2065
20.938863207240058,2047,2045
20.942769711569767,2042,2034
20.946676215899473,2046,2047
20.950582720229182,2032,2025
20.95448922455889,2047,2056
20.9583957288886,2018,2024
20.96230223321831,1977,1971
20.96620873754802,1973,1991
20.97011524187773,1966,1980
20.974021746207438,1957,1977
20.977928250537147,1966,1977
20.981834754866856,1952,1961
20.985741259196566,1954,1973
20.98964776352627,1963,1967
20.99355426785598,1996,1998
20.99746077218569,2018,2020
21.0013672765154,2066,2064
21.00527378084511,2097,2095
21.009180285174818,2123,2113
21.013086789504527,2145,2144
21.016993293834236,2134,2121
21.020899798163946,2143,2137
21.024806302493655,2113,2112
21.028712806823364,2127,2116
21.03261931115307,2118,2111
21.03652581548278,2122,2112
21.04043231981249,2074,2078
21.044338824142198,2081,2079
21.048245328471907,2069,2065
21.052151832801616,2051,2041
21.056058337131326,2040,2034
21.059964841461035,2067,2070
21.063871345790744,2035,2050
21.067777850120454,1993,2008
21.071684354450163,1990,1995
21.07559085877987,1990,1998
21.079497363109578,1994,1996
21.083403867439287,1982,1991
21.087310371768996,1996,1997
21.091216876098706,2001,2003
21.095123380428415,2020,2026
21.099029884758124,2030,2026
21.102936389087834,2080,2069
21.106842893417543,2126,2135
21.110749397747252,2117,2106
21.11465590207696,2100,2096
21.118562406406667,2127,2123
21.122468910736377,2127,2113
21.126375415066086,2120,2112
21.130281919395795,2127,2124
21.134188423725504,2105,2086
21.138094928055214,2083,2083
21.142001432384923,2053,2045
21.145907936714632,2018,2023
21.14981444104434,2052,2053
21.15372094537405,2065,2060
21.15762744970376,2042,2041
21.161533954033466,2022,2031
21.165440458363175,1999,2002
21.169346962692885,1985,1992
21.173253467022594,1993,2001
21.177159971352303,1983,1997
21.181066475682012,2005,2002
21.18497298001172,1988,1985
21.18887948434143,1985,1993
21.19278598867114,2018,2018
21.19669249300085,2033,2027
21.200598997330555,2056,2054
21.204505501660265,2117,2114
21.208412005989974,2111,2099
21.212318510319683,2147,2138
21.216225014649392,2134,2128
21.2201315189791,2127,2115
21.22403802330881,2129,2131
21.22794452763852,2118,2121
21.23185103196823,2131,2117
21.23575753629794,2087,2087
21.23966404062765,2070,2051
21.243570544957354,2069,2070
21.247477049287063,2065,2062
21.251383553616773,2058,2066
21.255290057946482,2057,2057
21.25919656227619,2007,2006
21.2631030666059,2005,2018
21.26700957093561,1973,1980
21.27091607526532,1978,1986
21.27482257959503,1961,1977
21.278729083924738,1978,1991
21.282635588254447,1948,1957
21.286542092584153,1927,1940
21.290448596913862,1959,1968
21.29435510124357,1989,1997
21.29826160557328,2000,2011
21.30216810990299,2043,2049
21.3060746142327,2088,2091
21.30998111856241,2113,2109
21.313887622892118,2085,2089
21.317794127221827,2100,2093
21.321700631551536,2101,2092
21.325607135881246,2114,2107
21.32951364021095,2094,2084
21.33342014454066,2076,2069
21.33732664887037,2078,2072
21.34123315320008,2044,2043
21.34513965752979,2038,2036
21.349046161859498,2049,2051
21.352952666189207,2043,2043
21.356859170518916,2022,2019
21.360765674848626,2033,2033
21.364672179178335,1971,1980
21.368578683508044,1960,1969
21.37248518783775,1983,1984
21.37639169216746,1979,1975
21.38029819649717,1976,1987
21.384204700826878,1979,1982
21.388111205156587,1978,1980
21.392017709486296,1972,1981
21.395924213816006,2017,2012
21.399830718145715,2041,2036
21.403737222475424,2082,2081
21.407643726805134,2096,2087
21.411550231134843,2102,2104
21.41545673546455,2087,2073
21.419363239794258,2107,2099
21.423269744123967,2119,2114
21.427176248453677,2069,2069
21.431082752783386,2106,2107
21.434989257113095,2071,2067
21.438895761442804,2038,2033
21.442802265772514,2022,2011
21.446708770102223,2046,2047
21.450615274431932,2029,2031
21.45452177876164,2025,2025
21.458428283091347,2018,2022
21.462334787421057,1988,2000
21.466241291750766,1958,1980
21.470147796080475,1946,1951
21.474054300410184,1961,1964
21.477960804739894,1972,1985
21.481867309069603,1956,1968
21.485773813399312,1946,1948
21.48968031772902,1983,1982
21.49358682205873,1978,1985
21.497493326388437,2026,2033
21.501399830718146,2064,2070
21.505306335047855,2099,2094
21.509212839377565,2118,2102
21.513119343707274,2150,2145
21.517025848036983,2136,2137
21.520932352366692,2132,2132
21.5248388566964,2146,2130
21.52874536102611,2135,2126
21.53265186535582,2127,2116
21.53655836968553,2100,2095
21.540464874015235,2058,2052
21.544371378344945,2063,2050
21.548277882674654,2064,2064
21.552184387004363,2066,2067
21.556090891334073,2050,2053
21.559997395663782,2049,2056
21.56390389999349,2037,2038
21.5678104043232,2007,2015
21.57171690865291,1979,1988
21.57562341298262,1984,2000
21.57952991731233,1971,1976
21.583436421642034,1979,1980
21.587342925971743,1976,1989
21.591249430301453,1967,1971
21.595155934631162,2007,2013
21.59906243896087,2047,2053
21.60296894329058,2079,2072
21.60687544762029,2102,2092
21.61078195195,2112,2108
21.61468845627971,2107,2097
21.618594960609418,2110,2104
21.622501464939127,2125,2121
21.626407969268833,2117,2106
21.630314473598542,2128,2113
21.63422097792825,2084,2079
21.63812748225796,2064,2067
21.64203398658767,2057,2051
21.64594049091738,2051,2041
21.64984699524709,2072,2067
21.653753499576798,2061,2062
21.657660003906507,2035,2036
21.661566508236216,2044,2044
21.665473012565926,2008,2007
21.66937951689563,1963,1978
21.67328602122534,1963,1968
21.67719252555505,2010,2024
21.68109902988476,2002,2005
21.68500553421447,1977,1976
21.688912038544178,2022,2023
21.692818542873887,1992,2000
21.696725047203596,2006,2006
21.700631551533306,2071,2063
21.704538055863015,2111,2108
21.708444560192724,2139,2122
21.71235106452243,2123,2115
21.71625756885214,2145,2129
21.72016407318185,2130,2119
21.724070577511558,2140,2127
21.727977081841267,2160,2152
21.731883586170976,2140,2131
21.735790090500686,2097,2088
21.739696594830395,2065,2067
21.743603099160104,2055,2064
21.747509603489814,2057,2058
21.751416107819523,2053,2062
21.75532261214923,2016,2017
21.759229116478938,2024,2034
21.763135620808647,2012,2014
21.767042125138357,1978,1974
21.770948629468066,1962,1976
21.774855133797775,1962,1973
21.778761638127484,1957,1960
21.782668142457194,1953,1965
21.786574646786903,1964,1956
21.790481151116612,1973,1982
21.79438765544632,1984,1997
21.798294159776027,2020,2027
21.802200664105737,2050,2056
21.806107168435446,2105,2099
21.810013672765155,2086,2068
21.813920177094865,2080,2073
21.817826681424574,2122,2123
21.821733185754283,2081,2074
21.825639690083992,2125,2119
21.8295461944137,2119,2115
21.83345269874341,2089,2082
21.837359203073117,2076,2074
21.841265707402826,2029,2024
21.845172211732535,2023,2018
21.849078716062245,2051,2056
21.852985220391954,2048,2055
21.856891724721663,2031,2034
21.860798229051372,2022,2012
21.864704733381082,2000,2009
21.86861123771079,1979,2000
21.8725177420405,1964,1980
21.87642424637021,1975,1984
21.880330750699915,1977,1979
21.884237255029625,1975,1967
21.888143759359334,1979,1988
21.892050263689043,1976,1980
21.895956768018753,1994,2000
21.899863272348462,2062,2054
21.90376977667817,2072,2065
21.90767628100788,2119,2105
21.91158278533759,2125,2126
21.9154892896673,2116,2111
21.91939579399701,2097,2097
21.923302298326714,2102,2102
21.927208802656423,2079,2080
21.931115306986133,2106,2099
21.935021811315842,2097,2083
21.93892831564555,2078,2073
21.94283481997526,2027,2033
21.94674132430497,2002,2001
21.95064782863468,2024,2019
21.95455433296439,2030,2038
21.958460837294098,2024,2036
21.962367341623807,2004,2009
21.966273845953513,1968,1978
21.970180350283222,1959,1966
21.97408685461293,1941,1964
21.97799335894264,1959,1957
21.98189986327235,1964,1973
21.98580636760206,1952,1971
21.98971287193177,1954,1969
21.993619376261478,1988,1990
21.997525880591187,2021,2022
22.001432384920896,2061,2052
22.005338889250606,2103,2093
22.00924539358031,2113,2107
22.01315189791002,2114,2097
22.01705840223973,2130,2120
22.02096490656944,2123,2119
22.02487141089915,2126,2117
22.028777915228858,2128,2118
22.032684419558567,2125,2120
22.036590923888276,2103,2091
22.040497428217986,2099,2096
22.044403932547695,2072,2073
22.048310436877404,2052,2058
22.05221694120711,2050,2050
22.05612344553682,2060,2061
22.06002994986653,2037,2044
22.063936454196238,2037,2036
22.067842958525947,1985,1992
22.071749462855657,1981,1989
22.075655967185366,1964,1979
22.079562471515075,1980,1994
22.083468975844784,1998,2001
22.087375480174494,1975,1983
22.091281984504203,1997,2003
22.09518848883391,1994,2001
22.099094993163618,2032,2036
22.103001497493327,2054,2068
22.106908001823037,2134,2114
22.110814506152746,2118,2101
22.114721010482455,2114,2110
22.118627514812164,2118,2113
22.122534019141874,2115,2106
22.126440523471583,2151,2145
22.130347027801292,2110,2098
22.134253532130998,2089,2097
22.138160036460707,2082,2080
22.142066540790417,2036,2037
22.145973045120126,2042,2027
22.149879549449835,2063,2056
22.153786053779545,2044,2049
22.157692558109254,2043,2032
22.161599062438963,2027,2031
22.165505566768672,2005,2005
22.16941207109838,1978,1991
22.17331857542809,1976,1992
22.177225079757797,1994,2003
22.181131584087506,1986,1998
22.185038088417215,1998,2000
22.188944592746925,1997,2010
22.192851097076634,1997,1997
22.196757601406343,2027,2038
22.200664105736053,2069,2074
22.204570610065762,2098,2094
22.20847711439547,2121,2123
22.21238361872518,2148,2136
22.21629012305489,2119,2105
22.220196627384595,2114,2121
22.224103131714305,2128,2123
22.228009636044014,2128,2131
22.231916140373723,2112,2112
22.235822644703433,2104,2096
22.239729149033142,2077,2079
22.24363565336285,2053,2050
22.24754215769256,2024,2031
22.25144866202227,2054,2047
22.25535516635198,2020,2028
22.25926167068169,2045,2044
22.263168175011394,2017,2019
22.267074679341103,1965,1966
22.270981183670813,1970,1975
22.274887688000522,1958,1968
22.27879419233023,1963,1984
22.28270069665994,1968,1985
22.28660720098965,1946,1973
22.29051370531936,1963,1963
22.29442020964907,1993,1991
22.298326713978778,2013,2021
22.302233218308487,2062,2063
22.306139722638193,2100,2089
22.310046226967902,2090,2082
22.31395273129761,2100,2097
22.31785923562732,2098,2094
22.32176573995703,2124,2120
22.32567224428674,2112,2105
22.32957874861645,2108,2108
22.333485252946158,2088,2083
22.337391757275867,2077,2074
22.341298261605576,2045,2040
22.345204765935286,2058,2053
22.34911127026499,2045,2042
22.3530177745947,2049,2049
22.35692427892441,2071,2077
22.36083078325412,2020,2022
22.36473728758383,2006,2021
22.368643791913538,1983,1997
22.372550296243247,1982,1989
22.376456800572956,1979,1984
22.380363304902666,1985,2001
22.384269809232375,1984,1989
22.388176313562084,1973,1976
22.39208281789179,1971,1986
22.3959893222215,2010,2010
22.39989582655121,2042,2038
22.403802330880918,2073,2066
22.407708835210627,2091,2083
22.411615339540337,2116,2110
22.415521843870046,2114,2102
22.419428348199755,2104,2092
22.423334852529464,2085,2081
22.427241356859174,2126,2110
22.431147861188883,2100,2096
22.43505436551859,2064,2063
22.438960869848298,2067,2071
22.442867374178007,2034,2033
22.446773878507717,2024,2035
22.450680382837426,2014,2018
22.454586887167135,2010,2024
22.458493391496845,2007,2008
22.462399895826554,1980,1983
22.466306400156263,1963,1974
22.470212904485972,1962,1969
22.474119408815678,1970,1986
22.478025913145387,1951,1966
22.481932417475097,1958,1970
22.485838921804806,1973,1982
22.489745426134515,1994,2000
22.493651930464225,1976,1977
22.497558434793934,2015,2017
22.501464939123643,2077,2070
22.505371443453352,2093,2100
22.509277947783062,2129,2115
22.51318445211277,2125,2114
22.517090956442477,2122,2119
22.520997460772186,2131,2130
22.524903965101895,2157,2148
22.528810469431605,2144,2129
22.532716973761314,2131,2137
22.536623478091023,2094,2095
22.540529982420733,2062,2066
22.544436486750442,2072,2078
22.54834299108015,2054,2051
22.55224949540986,2047,2037
22.55615599973957,2067,2061
22.560062504069275,2026,2028
22.563969008398985,2020,2014
22.567875512728694,1985,1994
22.571782017058403,1995,1992
22.575688521388113,1966,1980
22.579595025717822,1982,1991
22.58350153004753,1976,1981
22.58740803437724,1981,1987
22.59131453870695,2002,2000
22.59522104303666,2001,2011
22.59912754736637,2049,2050
22.603034051696074,2069,2059
22.606940556025783,2105,2091
22.610847060355493,2136,2125
22.614753564685202,2118,2115
22.61866006901491,2116,2118
22.62256657334462,2117,2103
22.62647307767433,2110,2116
22.63037958200404,2103,2092
22.63428608633375,2092,2091
22.638192590663458,2086,2082
22.642099094993167,2053,2055
22.646005599322873,2051,2049
22.649912103652582,2034,2037
22.65381860798229,2060,2057
22.657725112312,2052,2052
22.66163161664171,2003,2012
22.66553812097142,2011,2019
22.66944462530113,2006,2008
22.673351129630838,1964,1961
22.677257633960547,1980,1997
22.681164138290256,1989,2001
22.685070642619966,1974,1977
22.68897714694967,1990,1994
22.69288365127938,1999,1993
22.69679015560909,2035,2029
22.7006966599388,2067,2069
22.70460316426851,2106,2092
22.708509668598218,2115,2113
22.712416172927927,2136,2130
22.716322677257637,2151,2144
22.720229181587346,2131,2121
22.724135685917055,2129,2118
22.728042190246764,2112,2110
22.73194869457647,2127,2114
22.73585519890618,2119,2116
22.73976170323589,2090,2090
22.743668207565598,2050,2045
22.747574711895307,2079,2066
22.751481216225017,2051,2051
22.755387720554726,2046,2044
22.759294224884435,2034,2041
22.763200729214145,2010,2019
22.767107233543854,1983,1989
22.77101373787356,1970,1977
22.77492024220327,1924,1931
22.778826746532978,1968,1977
22.782733250862687,1963,1973
22.786639755192397,1974,1980
22.790546259522106,1976,1976
22.794452763851815,1978,1982
22.798359268181525,1999,2003
22.802265772511234,2052,2054
22.806172276840943,2088,2079
22.810078781170652,2092,2082
22.813985285500358,2112,2108
22.817891789830067,2080,2069
22.821798294159777,2112,2112
22.825704798489486,2118,2124
22.829611302819195,2112,2096
22.833517807148905,2078,2084
22.837424311478614,2083,2069
22.841330815808323,2046,2051
22.845237320138033,2039,2029
22.849143824467742,2032,2024
22.85305032879745,2022,2029
22.856956833127157,2041,2047
22.860863337456866,2030,2023
22.864769841786575,1992,2000
22.868676346116285,1981,1997
22.872582850445994,1988,1997
22.876489354775703,1977,1982
22.880395859105413,1975,1979
22.884302363435122,1976,1978
22.88820886776483,1997,1994
22.89211537209454,1992,1991
22.89602187642425,2007,2005
22.899928380753956,2020,2025
22.903834885083665,2080,2073
22.907741389413374,2084,2074
22.911647893743083,2102,2085
22.915554398072793,2092,2084
22.919460902402502,2116,2122
22.92336740673221,2127,2117
22.92727391106192,2098,2095
22.93118041539163,2088,2083
22.93508691972134,2080,2068
22.93899342405105,2051,2057
22.942899928380754,2024,2024
22.946806432710463,2008,2008
22.950712937040173,2020,2040
22.954619441369882,2053,2068
22.95852594569959,2019,2010
22.9624324500293,2006,2019
22.96633895435901,1972,1982
22.97024545868872,1959,1961
22.97415196301843,1934,1942
22.978058467348138,1972,1979
22.981964971677847,1929,1947
22.985871476007553,1964,1975
22.989777980337262,1985,1987
22.99368448466697,2009,2004
22.99759098899668,2054,2058
23.00149749332639,2058,2042
23.0054039976561,2097,2097
23.00931050198581,2092,2080
23.013217006315518,2138,2123
23.017123510645227,2117,2105
23.021030014974937,2139,2133
23.024936519304646,2133,2128
23.02884302363435,2129,2111
23.03274952796406,2113,2116
23.03665603229377,2093,2091
23.04056253662348,2078,2070
23.04446904095319,2084,2080
23.048375545282898,2061,2059
23.052282049612607,2083,2066
23.056188553942317,2060,2070
23.060095058272026,2059,2062
23.064001562601735,2035,2044
23.06790806693144,2004,2002
23.07181457126115,1984,1984
23.07572107559086,1989,1991
23.07962757992057,1977,1982
23.083534084250278,1982,1987
23.087440588579987,1988,1991
23.091347092909697,1991,2012
23.095253597239406,2032,2035
23.099160101569115,2041,2044
23.103066605898825,2079,2083
23.106973110228534,2113,2101
23.11087961455824,2135,2126
23.11478611888795,2114,2101
23.118692623217658,2113,2109
23.122599127547367,2115,2113
23.126505631877077,2096,2105
23.130412136206786,2119,2110
23.134318640536495,2112,2115
23.138225144866205,2090,2082
23.142131649195914,2055,2057
23.146038153525623,2034,2024
23.149944657855333,2068,2062
23.15385116218504,2038,2036
23.157757666514748,2042,2047
23.161664170844457,2045,2050
23.165570675174166,2015,2025
23.169477179503875,1985,1993
23.173383683833585,2000,2012
23.177290188163294,1997,2001
23.181196692493003,1991,1998
23.185103196822713,1989,1985
23.189009701152422,1977,1989
23.19291620548213,1987,1995
23.196822709811837,2043,2034
23.200729214141546,2063,2069
23.204635718471256,2119,2120
23.208542222800965,2132,2124
23.212448727130674,2133,2121
23.216355231460383,2137,2135
23.220261735790093,2116,2105
23.224168240119802,2129,2112
23.22807474444951,2136,2126
23.23198124877922,2106,2097
23.23588775310893,2100,2104
23.239794257438636,2081,2091
23.243700761768345,2044,2041
23.247607266098054,2071,2067
23.251513770427763,2056,2057
23.255420274757473,2048,2043
23.259326779087182,2038,2040
23.26323328341689,1994,1997
23.2671397877466,1972,1979
23.27104629207631,1975,1993
23.27495279640602,1947,1960
23.27885930073573,1952,1961
23.282765805065434,1968,1965
23.286672309395144,1948,1954
23.290578813724853,1966,1966
23.294485318054562,1989,1993
23.29839182238427,2009,2006
23.30229832671398,2044,2046
23.30620483104369,2088,2077
23.3101113353734,2100,2091
23.31401783970311,2091,2087
23.317924344032818,2118,2105
23.321830848362527,2114,2104
23.325737352692233,2103,2103
23.329643857021942,2106,2104
23.33355036135165,2102,2089
23.33745686568136,2075,2068
23.34136337001107,2064,2059
23.34526987434078,2064,2063
23.34917637867049,2051,2044
23.353082883000198,2020,2019
23.356989387329907,2043,2038
23.360895891659617,2001,2005
23.364802395989326,2008,2002
23.36870890031903,1970,1976
23.37261540464874,1941,1953
23.37652190897845,1974,1988
23.38042841330816,1983,1989
23.38433491763787,1976,1985
23.388241421967578,1969,1975
23.392147926297287,1984,2002
23.396054430626997,1987,1996
23.399960934956706,2051,2046
23.403867439286415,2093,2082
23.40777394361612,2133,2118
23.41168044794583,2107,2095
23.41558695227554,2105,2104
23.41949345660525,2120,2121
23.423399960934958,2102,2095
23.427306465264667,2105,2104
23.431212969594377,2109,2105
23.435119473924086,2100,2094
23.439025978253795,2056,2048
23.442932482583505,2058,2050
23.446838986913214,2038,2035
23.45074549124292,2030,2034
23.45465199557263,2001,1997
23.458558499902338,2034,2038
23.462465004232048,2002,2014
23.466371508561757,1973,1970
23.470278012891466,1945,1958
23.474184517221175,1959,1965
23.478091021550885,1987,1985
23.481997525880594,1986,2002
23.485904030210303,1973,1980
23.489810534540013,1976,1974
23.49371703886972,2000,2003
23.497623543199428,2000,2002
23.501530047529137,2042,2043
23.505436551858846,2091,2083
23.509343056188555,2104,2102
23.513249560518265,2130,2134
23.517156064847974,2130,2118
23.521062569177683,2115,2117
23.524969073507393,2129,2111
23.528875577837102,2117,2117
23.53278208216681,2121,2115
23.536688586496517,2109,2111
23.540595090826226,2086,2081
23.544501595155936,2065,2060
23.548408099485645,2060,2054
23.552314603815354,2074,2076
23.556221108145063,2061,2069
23.560127612474773,2054,2052
23.564034116804482,2015,2021
23.56794062113419,2001,2009
23.5718471254639,1981,1986
23.57575362979361,1995,1991
23.579660134123316,1991,1983
23.583566638453025,1979,1981
23.587473142782734,2002,2003
23.591379647112444,1991,2001
23.595286151442153,2015,2018
23.599192655771862,2034,2028
23.60309916010157,2107,2101
23.60700566443128,2129,2126
23.61091216876099,2148,2119
23.6148186730907,2098,2094
23.61872517742041,2118,2116
23.622631681750114,2118,2108
23.626538186079824,2131,2113
23.630444690409533,2102,2100
23.634351194739242,2108,2112
23.63825769906895,2093,2083
23.64216420339866,2047,2055
23.64607070772837,2051,2050
23.64997721205808,2062,2063
23.65388371638779,2044,2052
23.657790220717498,2039,2035
23.661696725047207,2033,2036
23.665603229376913,2013,2018
23.669509733706622,2027,2021
23.67341623803633,1962,1964
23.67732274236604,1989,1993
23.68122924669575,2011,2018
23.68513575102546,1983,1993
23.68904225535517,1988,1998
23.692948759684878,1989,1992
23.696855264014587,2045,2043
23.700761768344297,2078,2079
23.704668272674002,2126,2133
23.70857477700371,2114,2107
23.71248128133342,2150,2140
23.71638778566313,2140,2126
23.72029428999284,2107,2086
23.72420079432255,2131,2114
23.728107298652258,2133,2120
23.732013802981967,2137,2136
23.735920307311677,2106,2102
23.739826811641386,2093,2079
23.743733315971095,2070,2067
23.7476398203008,2033,2032
23.75154632463051,2044,2046
23.75545282896022,2037,2035
23.75935933328993,2035,2031
23.763265837619638,2002,2013
23.767172341949347,1986,1994
23.771078846279057,1965,1979
23.774985350608766,1958,1971
23.778891854938475,1972,1979
23.782798359268185,1967,1982
23.786704863597894,1946,1952
23.7906113679276,1967,1970
23.79451787225731,1980,1989
23.79842437658702,2023,2037
23.802330880916728,2055,2059
23.806237385246437,2066,2071
23.810143889576146,2096,2090
23.814050393905855,2086,2085
23.817956898235565,2109,2099
23.821863402565274,2087,2081
23.825769906894983,2109,2114
23.829676411224693,2098,2097
23.8335829155544,2087,2080
23.837489419884108,2047,2048
23.841395924213817,2051,2057
23.845302428543526,2025,2026
23.849208932873236,2049,2050
23.853115437202945,2042,2042
23.857021941532654,2044,2034
23.860928445862363,2019,2036
23.864834950192073,2012,2015
23.868741454521782,1951,1968
23.87264795885149,1949,1960
23.876554463181197,1977,1994
23.880460967510906,1971,1987
23.884367471840616,1959,1975
23.888273976170325,1978,1981
23.892180480500034,1986,1996
23.896086984829743,2013,2014
23.899993489159453,2035,2044
23.903899993489162,2082,2078
23.90780649781887,2096,2091
23.91171300214858,2116,2117
23.91561950647829,2094,2084
23.919526010807996,2109,2099
23.923432515137705,2120,2110
23.927339019467414,2102,2091
23.931245523797124,2104,2099
23.935152028126833,2093,2091
23.939058532456542,2058,2059
23.94296503678625,2018,2024
23.94687154111596,2030,2024
23.95077804544567,2033,2038
23.95468454977538,2033,2022
23.95859105410509,2025,2028
23.962497558434794,1981,1994
23.966404062764504,1971,1977
23.970310567094213,1960,1982
23.974217071423922,1964,1968
23.97812357575363,1966,1968
23.98203008008334,1964,1973
23.98593658441305,1958,1957
23.98984308874276,1971,1984
23.99374959307247,1975,1992
23.997656097402178,2028,2026
24.001562601731884,2072,2075
24.005469106061593,2101,2099
24.009375610391302,2124,2122
24.01328211472101,2133,2124
24.01718861905072,2128,2121
24.02109512338043,2146,2130
24.02500162771014,2141,2120
24.02890813203985,2164,2162
24.032814636369558,2137,2132
24.036721140699267,2115,2107
24.040627645028977,2074,2065
24.044534149358682,2082,2079
24.04844065368839,2065,2050
24.0523471580181,2072,2077
24.05625366234781,2048,2054
24.06016016667752,2052,2046
24.06406667100723,2019,2012
24.067973175336938,1985,1989
24.071879679666647,2007,2015
24.075786183996357,2014,2015
24.079692688326066,1997,1998
24.083599192655775,1956,1969
24.08750569698548,1992,1993
24.09141220131519,1991,1997
24.0953187056449,1998,1998
24.09922520997461,2048,2054
24.103131714304318,2061,2072
24.107038218634028,2108,2106
24.110944722963737,2117,2109
24.114851227293446,2090,2083
24.118757731623155,2138,2126
24.122664235952865,2118,2111
24.126570740282574,2118,2108
24.13047724461228,2095,2099
24.13438374894199,2106,2096
24.1382902532717,2107,2086
24.142196757601408,2039,2048
24.146103261931117,2067,2063
24.150009766260826,2039,2034
24.153916270590535,2068,2072
24.157822774920245,2043,2050
24.161729279249954,2026,2022
24.165635783579663,2010,2009
24.169542287909373,1994,1994
24.17344879223908,1988,1983
24.177355296568788,1986,2001
24.181261800898497,2013,2019
24.185168305228206,1988,1980
24.189074809557916,2005,2010
24.192981313887625,2020,2018
24.196887818217334,2055,2053
24.200794322547043,2075,2073
24.204700826876753,2139,2123
24.208607331206462,2127,2114
24.21251383553617,2137,2126
24.216420339865877,2134,2131
24.220326844195586,2137,2124
24.224233348525296,2116,2114
24.228139852855005,2130,2132
24.232046357184714,2133,2120
24.235952861514424,2102,2095
24.239859365844133,2081,2082
24.243765870173842,2043,2050
24.24767237450355,2055,2047
24.25157887883326,2045,2037
24.25548538316297,2038,2039
24.259391887492676,2057,2060
24.263298391822385,2001,2011
24.267204896152094,1977,1978
24.271111400481804,1968,1970
24.275017904811513,1973,1979
24.278924409141222,1959,1973
24.28283091347093,1953,1980
24.28673741780064,1961,1963
24.29064392213035,1968,1968
24.29455042646006,1969,1972
24.29845693078977,2001,2007
24.302363435119474,2050,2055
24.306269939449184,2093,2083
24.310176443778893,2121,2118
24.314082948108602,2081,2074
24.31798945243831,2108,2095
24.32189595676802,2091,2083
24.32580246109773,2125,2117
24.32970896542744,2121,2100
24.33361546975715,2103,2102
24.337521974086858,2078,2081
24.341428478416564,2052,2059
24.345334982746273,2029,2036
24.349241487075982,2041,2036
24.35314799140569,2049,2059
24.3570544957354,2045,2053
24.36096100006511,2022,2027
24.36486750439482,1991,1999
24.36877400872453,1979,1990
24.372680513054238,1959,1959
24.376587017383947,1974,1988
24.380493521713657,1985,1992
24.384400026043362,1964,1972
24.38830653037307,1968,1965
24.39221303470278,1983,1992
24.39611953903249,2027,2032
24.4000260433622,2067,2058
24.40393254769191,2095,2092
24.407839052021618,2113,2107
24.411745556351327,2106,2096
24.415652060681037,2124,2118
24.419558565010746,2108,2101
24.423465069340455,2110,2106
24.42737157367016,2119,2111
24.43127807799987,2114,2104
24.43518458232958,2087,2082
24.43909108665929,2063,2048
24.442997590989,2026,2036
24.446904095318708,2033,2041
24.450810599648417,2031,2034
24.454717103978126,2003,2004
24.458623608307835,2017,2016
24.462530112637545,1981,1986
24.466436616967254,1976,1987
24.47034312129696,1961,1976
24.47424962562667,1957,1970
24.47815612995638,1954,1969
24.482062634286088,1978,1977
24.485969138615797,1967,1968
24.489875642945506,1962,1971
24.493782147275216,1990,1997
24.497688651604925,2025,2025
24.501595155934634,2065,2059
24.505501660264343,2112,2105
24.509408164594053,2121,2117
24.51331466892376,2119,2111
24.517221173253468,2132,2128
24.521127677583177,2143,2130
24.525034181912886,2150,2136
24.528940686242596,2138,2126
24.532847190572305,2131,2106
24.536753694902014,2096,2107
24.540660199231723,2094,2087
24.544566703561433,2065,2058
24.548473207891142,2062,2063
24.55237971222085,2067,2053
24.556286216550557,2078,2080
24.560192720880266,2039,2040
24.564099225209976,2025,2029
24.568005729539685,1999,2008
24.571912233869394,1993,1995
24.575818738199104,1985,1992
24.579725242528813,1995,2000
24.583631746858522,1978,1982
24.58753825118823,1982,1987
24.59144475551794,1991,1993
24.59535125984765,2018,2020
24.599257764177356,2042,2049
24.603164268507065,2084,2081
24.607070772836774,2101,2093
24.610977277166484,2103,2096
24.614883781496193,2120,2114
24.618790285825902,2128,2118
24.62269679015561,2095,2081
24.62660329448532,2108,2104
24.63050979881503,2117,2109
24.63441630314474,2122,2121
24.638322807474445,2092,2087
24.642229311804154,2054,2057
24.646135816133864,2050,2052
24.650042320463573,2066,2070
24.653948824793282,2048,2052
24.65785532912299,2048,2044
24.6617618334527,2037,2035
24.66566833778241,2006,2014
24.66957484211212,1974,1983
24.67348134644183,1983,1985
24.677387850771538,1984,1987
24.681294355101244,1971,1981
24.685200859430953,2004,2002
24.689107363760662,1985,1992
24.69301386809037,2001,2000
24.69692037242008,2037,2023
24.70082687674979,2087,2098
24.7047333810795,2107,2097
24.70863988540921,2113,2104
24.712546389738918,2130,2112
24.716452894068627,2147,2153
24.720359398398337,2126,2135
24.724265902728042,2138,2133
24.72817240705775,2133,2134
24.73207891138746,2118,2110
24.73598541571717,2109,2097
24.73989192004688,2070,2073
24.74379842437659,2065,2057
24.7477049287063,2041,2032
24.751611433036008,2049,2057
24.755517937365717,2064,2054
24.759424441695426,2005,2002
24.763330946025135,2013,2013
24.76723745035484,1983,1986
24.77114395468455,1960,1965
24.77505045901426,1941,1944
24.77895696334397,1948,1958
24.78286346767368,1984,1993
24.786769972003388,1953,1958
24.790676476333097,1977,1990
24.794582980662806,1981,1990
24.798489484992515,2024,2024
24.802395989322225,2057,2060
24.806302493651934,2077,2084
24.81020899798164,2074,2072
24.81411550231135,2103,2102
24.81802200664106,2111,2104
24.821928510970768,2100,2109
24.825835015300477,2106,2097
24.829741519630186,2104,2089
24.833648023959896,2088,2075
24.837554528289605,2080,2077
24.841461032619314,2033,2032
24.845367536949023,2029,2037
24.849274041278733,2041,2042
24.85318054560844,2048,2052
24.857087049938148,2048,2048
24.860993554267857,2031,2018
24.864900058597566,1994,1991
24.868806562927276,1969,1981
24.872713067256985,1989,1996
24.876619571586694,1975,1973
24.880526075916404,1996,2007
24.884432580246113,1983,1997
24.888339084575822,1976,1972
24.89224558890553,1975,1980
24.896152093235237,1988,1998
24.900058597564946,2026,2030
24.903965101894656,2060,2061
24.907871606224365,2126,2112
24.911778110554074,2113,2100
24.915684614883784,2131,2119
24.919591119213493,2124,2111
24.923497623543202,2107,2118
24.92740412787291,2104,2100
24.93131063220262,2117,2115
24.93521713653233,2084,2081
24.939123640862036,2038,2029
24.943030145191745,2050,2049
24.946936649521454,2004,2012
24.950843153851164,2042,2039
24.954749658180873,2019,2021
24.958656162510582,2006,2015
24.96256266684029,1996,2009
24.96646917117,1964,1977
24.97037567549971,1947,1958
24.97428217982942,1948,1955
24.978188684159125,1969,1981
24.982095188488834,1978,1981
24.986001692818544,1968,1980
24.989908197148253,1974,1981
24.993814701477962,1996,1999
24.99772120580767,2006,2008
25.00162771013738,2055,2049
25.00553421446709,2091,2081
25.0094407187968,2118,2115
25.01334722312651,2124,2116
25.017253727456218,2137,2119
25.021160231785924,2122,2118
25.025066736115633,2139,2139
25.028973240445342,2142,2128
25.03287974477505,2134,2133
25.03678624910476,2104,2082
25.04069275343447,2070,2059
25.04459925776418,2080,2073
25.04850576209389,2066,2063
25.052412266423598,2050,2052
25.056318770753307,2067,2062
25.060225275083017,2055,2049
25.064131779412723,2022,2022
25.068038283742432,1995,2003
25.07194478807214,2007,2019
25.07585129240185,1997,2004
25.07975779673156,2012,2019
25.08366430106127,2000,2009
25.08757080539098,2001,2010
25.091477309720688,2002,2013
25.095383814050397,2004,2000
25.099290318380106,2065,2057
25.103196822709815,2071,2066
25.10710332703952,2103,2098
25.11100983136923,2104,2109
25.11491633569894,2134,2127
25.11882284002865,2119,2103
25.12272934435836,2127,2131
25.126635848688068,2119,2111
25.130542353017777,2109,2094
25.134448857347486,2112,2102
25.138355361677196,2094,2095
25.142261866006905,2050,2042
25.146168370336614,2034,2027
25.15007487466632,2045,2045
25.15398137899603,2060,2058
25.15788788332574,2050,2058
25.161794387655448,2039,2028
25.165700891985157,2007,2013
25.169607396314866,2000,2011
25.173513900644576,1977,1979
25.177420404974285,2001,2004
25.181326909303994,2002,2005
25.185233413633703,2011,2012
25.189139917963413,2007,2019
25.19304642229312,2010,2020
25.196952926622828,2047,2055
25.200859430952537,2084,2076
25.204765935282246,2112,2105
25.208672439611956,2145,2137
25.212578943941665,2123,2111
25.216485448271374,2142,2132
25.220391952601084,2121,2113
25.224298456930793,2135,2130
25.228204961260502,2142,2134
25.23211146559021,2139,2141
25.236017969919917,2099,2088
25.239924474249626,2087,2088
25.243830978579336,2068,2061
25.247737482909045,2046,2040
25.251643987238754,2032,2041
25.255550491568464,2041,2035
25.259456995898173,1992,2003
25.263363500227882,2031,2026
25.26727000455759,1984,1985
25.2711765088873,1968,1969
25.275083013217007,1943,1961
25.278989517546716,1959,1971
25.282896021876425,1974,1992
25.286802526206134,1934,1952
25.290709030535844,1960,1970
25.294615534865553,1956,1967
25.298522039195262,1993,1999
25.30242854352497,2051,2048
25.30633504785468,2098,2106
25.31024155218439,2114,2103
25.3141480565141,2104,2098
25.318054560843805,2112,2105
25.321961065173515,2109,2103
25.325867569503224,2108,2103
25.329774073832933,2108,2092
25.333680578162642,2081,2080
25.33758708249235,2065,2060
25.34149358682206,2050,2053
25.34540009115177,2022,2022
25.34930659548148,2027,2031
25.35321309981119,2050,2051
25.357119604140898,2061,2065
25.361026108470604,2021,2019
25.364932612800313,2011,2013
25.368839117130022,1965,1971
25.372745621459732,1987,1987
25.37665212578944,1960,1968
25.38055863011915,1976,1989
25.38446513444886,1974,1988
25.38837163877857,1959,1962
25.39227814310828,1985,1989
25.396184647437988,1996,2001
25.400091151767697,2019,2020
25.403997656097403,2085,2085
25.407904160427112,2083,2091
25.41181066475682,2121,2108
25.41571716908653,2111,2105
25.41962367341624,2122,2106
25.42353017774595,2118,2119
25.42743668207566,2100,2098
25.431343186405368,2105,2100
25.435249690735077,2100,2103
25.439156195064786,2051,2054
25.443062699394495,2006,2008
25.4469692037242,2026,2023
25.45087570805391,2040,2031
25.45478221238362,2026,2027
25.45868871671333,2024,2029
25.46259522104304,2002,2001
25.466501725372748,1977,1971
25.470408229702457,1962,1969
25.474314734032166,1943,1954
25.478221238361876,1972,1984
25.482127742691585,1959,1967
25.486034247021294,1998,1998
25.489940751351,1985,1997
25.49384725568071,1988,1997
25.49775376001042,1985,1980
25.501660264340128,2063,2054
25.505566768669837,2095,2089
25.509473272999546,2116,2110
25.513379777329256,2125,2116
25.517286281658965,2122,2114
25.521192785988674,2136,2137
25.525099290318384,2136,2123
25.529005794648093,2113,2106
25.5329122989778,2115,2108
25.536818803307508,2101,2099
25.540725307637217,2104,2107
25.544631811966926,2081,2080
25.548538316296636,2059,2057
25.552444820626345,2063,2059
25.556351324956054,2053,2047
25.560257829285764,2042,2034
25.564164333615473,2032,2032
25.568070837945182,1984,1991
25.571977342274888,1991,1988
25.575883846604597,1985,1995
25.579790350934307,1979,1990
25.583696855264016,1989,1999
25.587603359593725,1991,1994
25.591509863923434,2000,2002
25.595416368253144,2001,2006
25.599322872582853,2034,2041
25.603229376912562,2100,2099
25.60713588124227,2064,2058
25.61104238557198,2099,2085
25.614948889901687,2144,2134
25.618855394231396,2096,2084
25.622761898561105,2121,2114
25.626668402890814,2124,2112
25.630574907220524,2095,2098
25.634481411550233,2112,2093
25.638387915879942,2082,2079
25.64229442020965,2061,2060
25.64620092453936,2050,2048
25.65010742886907,2058,2061
25.65401393319878,2022,2028
25.657920437528485,2048,2049
25.661826941858195,2028,2031
25.665733446187904,1994,2001
25.669639950517613,1999,2008
25.673546454847322,1992,1997
25.67745295917703,1994,2004
25.68135946350674,1991,1996
25.68526596783645,1998,2008
25.68917247216616,2000,2006
25.69307897649587,2004,2027
25.696985480825578,2029,2023
25.700891985155284,2067,2066
25.704798489484993,2133,2126
25.708704993814703,2117,2118
25.712611498144412,2120,2119
25.71651800247412,2153,2142
25.72042450680383,2114,2100
25.72433101113354,2143,2134
25.72823751546325,2133,2109
25.73214401979296,2142,2132
25.736050524122668,2108,2105
25.739957028452377,2073,2074
25.743863532782083,2034,2040
25.747770037111792,2049,2050
25.7516765414415,2034,2044
25.75558304577121,2057,2066
25.75948955010092,2024,2030
25.76339605443063,1997,2006
25.76730255876034,1990,2001
25.771209063090048,1967,1977
25.775115567419757,1941,1957
25.779022071749466,1949,1968
25.782928576079176,1964,1972
25.78683508040888,1970,1998
25.79074158473859,1968,1971
25.7946480890683,1982,1994
25.79855459339801,2021,2030
25.80246109772772,2052,2051
25.806367602057428,2079,2082
25.810274106387137,2079,2078
25.814180610716846,2117,2104
25.818087115046556,2101,2096
25.821993619376265,2123,2111
25.825900123705974,2117,2110
25.82980662803568,2093,2102
25.83371313236539,2086,2081
25.8376196366951,2082,2089
25.841526141024808,2044,2035
25.845432645354517,2051,2044
25.849339149684226,2056,2062
25.853245654013936,2055,2069
25.857152158343645,2027,2024
25.861058662673354,2005,2012
25.864965167003064,2001,2015
25.868871671332773,1966,1973
25.87277817566248,1979,1976
25.876684679992188,1972,1980
25.880591184321897,1973,1984
25.884497688651606,1969,1979
25.888404192981316,1999,2004
25.892310697311025,1988,1999
25.896217201640734,1998,2004
25.900123705970444,2038,2030
25.904030210300153,2067,2070
25.907936714629862,2088,2084
25.911843218959568,2109,2111
25.915749723289277,2105,2099
25.919656227618987,2131,2129
25.923562731948696,2105,2099
25.927469236278405,2112,2089
25.931375740608114,2114,2104
25.935282244937824,2087,2081
25.939188749267533,2044,2055
25.943095253597242,2022,2034
25.94700175792695,2022,2018
25.95090826225666,2037,2042
25.954814766586367,2033,2025
25.958721270916076,2032,2047
25.962627775245785,1997,1999
25.966534279575495,1979,1999
25.970440783905204,1964,1978
25.974347288234913,1981,1983
25.978253792564622,1967,1974
25.98216029689433,1960,1962
25.98606680122404,1964,1963
25.98997330555375,1960,1963
25.99387980988346,1993,1995
25.997786314213165,2019,2024
26.001692818542875,2060,2064
26.005599322872584,2087,2084
26.009505827202293,2111,2106
26.013412331532002,2111,2106
26.017318835861712,2138,2133
26.02122534019142,2124,2119
26.02513184452113,2123,2120
26.02903834885084,2142,2140
26.03294485318055,2121,2112
26.03685135751026,2098,2089
26.040757861839964,2094,2094
26.044664366169673,2060,2059
26.048570870499383,2065,2068
26.052477374829092,2069,2080
26.0563838791588,2049,2050
26.06029038348851,2038,2030
26.06419688781822,2036,2042
26.06810339214793,2005,2018
26.07200989647764,1973,1983
26.075916400807348,1955,1956
26.079822905137057,1974,1974
26.083729409466763,2006,2025
26.087635913796472,1978,1993
26.09154241812618,1998,1993
26.09544892245589,2013,2018
26.0993554267856,2040,2036
26.10326193111531,2083,2087
26.10716843544502,2117,2110
26.111074939774728,2120,2114
26.114981444104437,2128,2119
26.118887948434146,2122,2112
26.122794452763856,2124,2115
26.12670095709356,2123,2119
26.13060746142327,2117,2114
26.13451396575298,2107,2097
26.13842047008269,2076,2073
26.1423269744124,2067,2068
26.146233478742108,2050,2056
26.150139983071817,2047,2045
26.154046487401526,2063,2056
26.157952991731236,2043,2050
26.161859496060945,2021,2032
26.165766000390654,2000,1999
26.16967250472036,1983,1987
26.17357900905007,1987,1999
26.17748551337978,1980,1993
26.181392017709488,1987,1996
26.185298522039197,2001,2009
26.189205026368906,1975,1973
26.193111530698616,2014,2027
26.197018035028325,2036,2042
26.200924539358034,2078,2068
26.204831043687744,2118,2111
26.20873754801745,2136,2121
26.21264405234716,2130,2127
26.216550556676868,2147,2131
26.220457061006577,2122,2106
26.224363565336287,2141,2141
26.228270069665996,2131,2122
26.232176573995705,2116,2107
26.236083078325414,2101,2098
26.239989582655124,2057,2052
26.243896086984833,2041,2039
26.247802591314542,2040,2035
26.251709095644248,2066,2063
26.255615599973957,2048,2049
26.259522104303667,2023,2031
26.263428608633376,1989,1994
26.267335112963085,1977,1972
26.271241617292795,1966,1974
26.275148121622504,1978,1983
26.279054625952213,1958,1970
26.282961130281922,1977,1980
26.28686763461163,1948,1952
26.29077413894134,1959,1968
26.294680643271047,1980,1981
26.298587147600756,2002,2015
26.302493651930465,2055,2051
26.306400156260175,2073,2069
26.310306660589884,2085,2088
26.314213164919593,2107,2096
26.318119669249302,2117,2111
26.32202617357901,2082,2073
26.32593267790872,2136,2132
26.32983918223843,2126,2115
26.33374568656814,2100,2089
26.337652190897845,2075,2069
26.341558695227555,2048,2048
26.345465199557264,2015,2012
26.349371703886973,2036,2045
26.353278208216683,2035,2031
26.357184712546392,2057,2064
26.3610912168761,2022,2032
26.36499772120581,1993,2001
26.36890422553552,1969,1966
26.37281072986523,1993,1999
26.37671723419494,1960,1972
26.380623738524644,1960,1965
26.384530242854353,1966,1968
26.388436747184063,1973,1987
26.392343251513772,1968,1984
26.39624975584348,1990,1999
26.40015626017319,2043,2034
26.4040627645029,2090,2089
26.40796926883261,2097,2087
26.41187577316232,2113,2109
26.415782277492028,2091,2084
26.419688781821737,2095,2095
26.423595286151443,2105,2096
26.427501790481152,2117,2107
26.43140829481086,2112,2117
26.43531479914057,2076,2079
26.43922130347028,2047,2046
26.44312780779999,2034,2037
26.4470343121297,2031,2035
26.450940816459408,2034,2029
26.454847320789117,2008,2014
26.458753825118826,2042,2038
26.462660329448536,1976,1987
26.46656683377824,1980,1985
26.47047333810795,1947,1961
26.47437984243766,1981,1992
26.47828634676737,1959,1973
26.48219285109708,1971,1978
26.486099355426788,1981,1984
26.490005859756497,1979,1985
26.493912364086206,1989,2006
26.497818868415916,2027,2028
26.501725372745625,2063,2061
26.505631877075334,2100,2096
26.50953838140504,2113,2102
26.51344488573475,2118,2105
26.51735139006446,2124,2112
26.521257894394168,2140,2124
26.525164398723877,2159,2146
26.529070903053587,2117,2108
26.532977407383296,2147,2136
26.536883911713005,2093,2080
26.540790416042714,2087,2077
26.544696920372424,2092,2091
26.54860342470213,2065,2059
26.55250992903184,2089,2096
26.556416433361548,2064,2073
26.560322937691257,2038,2029
26.564229442020967,2035,2037
26.568135946350676,1995,2003
26.572042450680385,2003,2005
26.575948955010094,1988,1998
26.579855459339804,1989,1986
26.583761963669513,1976,1969
26.587668467999222,1986,1993
26.591574972328928,1983,1988
26.595481476658637,2033,2036
26.599387980988347,2040,2046
26.603294485318056,2098,2097
26.607200989647765,2119,2106
26.611107493977475,2128,2119
26.615013998307184,2107,2106
26.618920502636893,2118,2105
26.622827006966602,2108,2106
26.62673351129631,2132,2129
26.63064001562602,2097,2083
26.634546519955727,2092,2083
26.638453024285436,2072,2079
26.642359528615145,2069,2064
26.646266032944855,2057,2058
26.650172537274564,2047,2042
26.654079041604273,2044,2040
26.657985545933983,2066,2068
26.661892050263692,2009,2016
26.6657985545934,2004,2007
26.66970505892311,1975,1978
26.67361156325282,1986,1996
26.677518067582525,1998,2002
26.681424571912235,1990,1998
26.685331076241944,1998,2006
26.689237580571653,1996,2009
26.693144084901363,1995,1995
26.697050589231072,2024,2035
26.70095709356078,2076,2071
26.70486359789049,2121,2115
26.7087701022202,2127,2118
26.71267660654991,2140,2127
26.71658311087962,2131,2119
26.720489615209324,2153,2152
26.724396119539033,2142,2131
26.728302623868743,2141,2127
26.732209128198452,2161,2150
26.73611563252816,2085,2088
26.74002213685787,2078,2070
26.74392864118758,2050,2053
26.74783514551729,2028,2031
26.751741649847,2062,2060
26.755648154176708,2036,2033
26.759554658506417,2042,2047
26.763461162836123,2001,1999
26.767367667165832,1991,2011
26.77127417149554,1969,1987
26.77518067582525,1983,1990
26.77908718015496,1973,1969
26.78299368448467,1958,1965
26.78690018881438,1977,1985
26.790806693144088,1969,1975
26.794713197473797,1969,1979
26.798619701803506,2019,2020
26.802526206133216,2058,2050
26.80643271046292,2107,2098
26.81033921479263,2101,2090
26.81424571912234,2105,2100
26.81815222345205,2102,2100
26.82205872778176,2106,2093
26.825965232111468,2113,2098
26.829871736441177,2095,2082
26.833778240770886,2098,2091
26.837684745100596,2089,2083
26.841591249430305,2026,2030
26.84549775376001,2049,2043
26.84940425808972,2049,2047
26.85331076241943,2035,2034
26.85721726674914,2043,2055
26.861123771078848,2019,2011
26.865030275408557,1973,1978
26.868936779738267,1983,1990
26.872843284067976,1951,1966
26.876749788397685,1963,1984
26.880656292727394,2007,2011
26.884562797057104,1959,1960
26.88846930138681,1973,1986
26.89237580571652,1970,1983
26.896282310046228,2008,2017
26.900188814375937,2065,2055
26.904095318705647,2061,2052
26.908001823035356,2082,2082
26.911908327365065,2128,2114
26.915814831694775,2092,2082
26.919721336024484,2102,2102
26.923627840354193,2124,2100
26.927534344683902,2118,2121
26.931440849013608,2098,2087
26.935347353343317,2074,2082
26.939253857673027,2050,2056
26.943160362002736,2011,2018
26.947066866332445,2013,2005
26.950973370662155,2004,2018
26.954879874991864,2008,2004
26.958786379321573,2043,2053
26.962692883651282,1982,1989
26.96659938798099,1966,1970
26.9705058923107,1957,1964
26.974412396640407,1950,1963
26.978318900970116,1969,1976
26.982225405299825,1969,1966
26.986131909629535,1964,1968
26.990038413959244,1962,1964
26.993944918288953,1981,1993
26.997851422618663,2027,2020
27.001757926948372,2076,2069
27.00566443127808,2113,2114
27.00957093560779,2144,2139
27.0134774399375,2120,2107
27.017383944267205,2127,2124
27.021290448596915,2140,2129
27.025196952926624,2138,2125
27.029103457256333,2135,2123
27.033009961586043,2115,2100
27.036916465915752,2102,2101
27.04082297024546,2085,2085
27.04472947457517,2061,2059
27.04863597890488,2048,2055
27.05254248323459,2063,2059
27.0564489875643,2061,2063
27.060355491894004,2047,2052
27.064261996223713,2035,2032
27.068168500553423,1994,1994
27.072075004883132,1986,1994
27.07598150921284,1983,1987
27.07988801354255,1992,2013
27.08379451787226,1956,1972
27.08770102220197,1992,2005
27.09160752653168,1994,1997
27.095514030861388,2004,2016
27.099420535191097,2028,2020
27.103327039520803,2082,2074
27.107233543850512,2099,2085
27.11114004818022,2117,2102
27.11504655250993,2099,2108
27.11895305683964,2123,2114
27.12285956116935,2104,2102
27.12676606549906,2125,2111
27.130672569828768,2108,2092
27.134579074158477,2106,2108
27.138485578488186,2089,2088
27.142392082817892,2062,2074
27.1462985871476,2059,2061
27.15020509147731,2048,2034
27.15411159580702,2058,2047
27.15801810013673,2039,2043
27.16192460446644,2026,2015
27.165831108796148,1983,1975
27.169737613125857,1996,2007
27.173644117455567,1987,1994
27.177550621785276,1990,2005
27.181457126114985,1981,1981
27.18536363044469,1996,2010
27.1892701347744,1997,2001
27.19317663910411,2018,2016
27.19708314343382,2026,2014
27.200989647763528,2074,2077
27.204896152093237,2140,2125
27.208802656422947,2154,2132
27.212709160752656,2134,2107
27.216615665082365,2132,2118
27.220522169412074,2155,2143
27.224428673741784,2145,2138
27.22833517807149,2145,2127
27.2322416824012,2125,2110
27.236148186730908,2115,2104
27.240054691060617,2088,2079
27.243961195390327,2049,2055
27.247867699720036,2041,2032
27.251774204049745,2039,2036
27.255680708379455,2049,2043
27.259587212709164,2016,2012
27.263493717038873,1987,1994
27.267400221368582,1979,1981
27.271306725698288,1951,1971
27.275213230027997,1963,1971
27.279119734357707,1964,1971
27.283026238687416,1961,1978
27.286932743017125,1965,1977
27.290839247346835,1974,1970
27.294745751676544,1972,1982
27.298652256006253,1994,1990
27.302558760335963,2056,2058
27.306465264665672,2092,2082
27.31037176899538,2088,2081
27.314278273325087,2094,2093
27.318184777654796,2115,2120
27.322091281984505,2097,2087
27.325997786314215,2097,2088
27.329904290643924,2104,2091
27.333810794973633,2085,2074
27.337717299303343,2071,2071
27.341623803633052,2058,2052
27.34553030796276,2045,2045
27.34943681229247,2055,2048
27.35334331662218,2039,2037
27.357249820951886,2045,2041
27.361156325281595,2034,2036
27.365062829611304,2003,2007
27.368969333941013,2008,2006
27.372875838270723,1971,1971
27.376782342600432,1974,1979
27.38068884693014,1965,1975
27.38459535125985,1978,1986
27.38850185558956,1969,1966
27.39240835991927,1994,1999
27.39631486424898,1991,1996
27.400221368578684,2052,2054
27.404127872908393,2073,2074
27.408034377238103,2117,2111
27.411940881567812,2107,2106
27.41584738589752,2109,2094
27.41975389022723,2132,2124
27.42366039455694,2102,2101
27.42756689888665,2097,2101
27.43147340321636,2090,2086
27.435379907546068,2059,2053
27.439286411875777,2067,2069
27.443192916205483,2012,2021
27.447099420535192,2019,2029
27.4510059248649,2012,2015
27.45491242919461,2021,2025
27.45881893352432,2016,2012
27.46272543785403,1992,1999
27.46663194218374,1974,1989
27.470538446513448,1951,1958
27.474444950843157,1942,1950
27.478351455172866,1956,1972
27.482257959502572,1986,1986
27.48616446383228,1969,1963
27.49007096816199,1963,1970
27.4939774724917,1974,1976
27.49788397682141,2025,2025
27.50179048115112,2060,2057
27.505696985480828,2097,2088
27.509603489810537,2105,2096
27.513509994140247,2123,2118
27.517416498469956,2123,2126
27.521323002799665,2132,2124
27.52522950712937,2145,2134
27.52913601145908,2160,2159
27.53304251578879,2137,2129
27.5369490201185,2103,2096
27.540855524448208,2079,2074
27.544762028777917,2067,2071
27.548668533107627,2056,2058
27.552575037437336,2054,2055
27.556481541767045,2073,2067
27.560388046096755,2030,2027
27.564294550426464,2009,2012
27.56820105475617,2018,2034
27.57210755908588,1992,2006
27.576014063415588,1971,1982
27.579920567745297,2011,2012
27.583827072075007,2004,2013
27.587733576404716,1958,1966
27.591640080734425,1990,2001
27.595546585064135,2026,2034
27.599453089393844,2067,2072
27.603359593723553,2090,2091
27.607266098053262,2126,2124
27.611172602382968,2115,2114
27.615079106712678,2132,2120
27.618985611042387,2096,2101
27.622892115372096,2114,2114
27.626798619701805,2118,2108
27.630705124031515,2111,2095
27.634611628361224,2092,2091
27.638518132690933,2053,2057
27.642424637020643,2046,2054
27.646331141350352,2053,2044
27.65023764568006,2045,2039
27.654144150009767,2035,2032
27.658050654339476,2038,2044
27.661957158669185,2026,2024
27.665863662998895,2010,2016
27.669770167328604,1964,1980
27.673676671658313,1979,1974
27.677583175988023,1979,1982
27.681489680317732,2005,2014
27.68539618464744,1969,1980
27.68930268897715,1982,1993
27.69320919330686,1999,2002
27.697115697636566,2036,2043
27.701022201966275,2071,2062
27.704928706295984,2117,2108
27.708835210625693,2139,2137
27.712741714955403,2149,2159
27.716648219285112,2142,2135
27.72055472361482,2130,2123
27.72446122794453,2141,2127
27.72836773227424,2133,2129
27.73227423660395,2126,2107
27.73618074093366,2099,2091
27.740087245263364,2049,2052
27.743993749593074,2062,2057
27.747900253922783,2036,2044
27.751806758252492,2033,2028
27.7557132625822,2061,2056
27.75961976691191,2015,2026
27.76352627124162,2002,2008
27.76743277557133,1978,1994
27.77133927990104,1964,1981
27.775245784230748,1953,1955
27.779152288560454,1967,1970
27.783058792890163,1976,1968
27.786965297219872,1961,1963
27.79087180154958,1937,1954
27.79477830587929,2010,2013
27.798684810209,2015,2017
27.80259131453871,2048,2043
27.80649781886842,2087,2096
27.810404323198128,2088,2089
27.814310827527837,2099,2108
27.818217331857547,2102,2098
27.822123836187252,2097,2096
27.82603034051696,2116,2105
27.82993684484667,2117,2112
27.83384334917638,2100,2088
27.83774985350609,2075,2061
27.8416563578358,2046,2052
27.845562862165508,2038,2031
27.849469366495217,2017,2009
27.853375870824927,2041,2031
27.857282375154636,2039,2041
27.861188879484345,2040,2050
27.86509538381405,2003,2003
27.86900188814376,1990,1999
27.87290839247347,1996,2003
27.87681489680318,1963,1978
27.880721401132888,1956,1976
27.884627905462597,1995,2009
27.888534409792307,1995,2000
27.892440914122016,1999,2014
27.896347418451725,2008,2008
27.900253922781435,2043,2036
27.904160427111144,2086,2083
27.90806693144085,2083,2075
27.91197343577056,2100,2088
27.915879940100268,2121,2113
27.919786444429977,2090,2096
27.923692948759687,2120,2111
27.927599453089396,2088,2085
27.931505957419105,2099,2099
27.935412461748815,2083,2074
27.939318966078524,2075,2080
27.943225470408233,2040,2051
27.947131974737943,2025,2031
27.95103847906765,2048,2047
27.954944983397358,2033,2032
27.958851487727067,2027,2024
27.962757992056776,2034,2029
27.966664496386485,1990,1992
27.970571000716195,1958,1955
27.974477505045904,1968,1976
27.978384009375613,1984,1990
27.982290513705323,1961,1967
27.986197018035032,1971,1974
27.99010352236474,1970,1988
27.994010026694447,2002,2016
27.997916531024156,2019,2033
28.001823035353866,2085,2080
28.005729539683575,2088,2083
28.009636044013284,2115,2120
28.013542548342993,2132,2129
28.017449052672703,2111,2099
28.021355557002412,2136,2130
28.02526206133212,2138,2130
28.02916856566183,2130,2112
28.03307506999154,2140,2123
28.036981574321246,2108,2106
28.040888078650955,2079,2081
28.044794582980664,2064,2063
28.048701087310373,2077,2081
28.052607591640083,2086,2089
28.056514095969792,2080,2075
28.0604206002995,2056,2059
28.06432710462921,2012,2021
28.06823360895892,1987,1994
28.07214011328863,2018,2016
28.07604661761834,1993,2003
28.079953121948044,1998,2011
28.083859626277754,1999,1995
28.087766130607463,1959,1960
28.091672634937172,1984,1991
28.09557913926688,2015,2009
28.09948564359659,2075,2068
28.1033921479263,2090,2085
28.10729865225601,2105,2092
28.11120515658572,2122,2119
28.115111660915428,2135,2123
28.119018165245134,2126,2124
28.122924669574843,2104,2094
28.126831173904552,2130,2122
28.13073767823426,2099,2096
28.13464418256397,2080,2081
28.13855068689368,2091,2086
28.14245719122339,2038,2041
28.1463636955531,2065,2061
28.150270199882808,2054,2054
28.154176704212517,2045,2043
28.158083208542227,2038,2037
28.161989712871932,2028,2032
28.16589621720164,1991,2014
28.16980272153135,1987,1992
28.17370922586106,1971,1981
28.17761573019077,2000,1997
28.18152223452048,1998,2017
28.185428738850188,1970,1986
28.189335243179897,1992,1997
28.193241747509607,1995,2009
28.197148251839316,2028,2021
28.201054756169025,2080,2072
28.20496126049873,2103,2097
28.20886776482844,2100,2090
28.21277426915815,2160,2148
28.21668077348786,2131,2100
28.220587277817568,2122,2121
28.224493782147277,2156,2152
28.228400286476987,2146,2130
28.232306790806696,2110,2111
28.236213295136405,2113,2111
28.240119799466115,2068,2067
28.244026303795824,2020,2023
28.24793280812553,2042,2049
28.25183931245524,2031,2029
28.25574581678495,2061,2053
28.259652321114658,2018,2022
28.263558825444367,1991,1993
28.267465329774076,1986,1989
28.271371834103785,1965,1977
28.275278338433495,1966,1976
28.279184842763204,1972,1982
28.283091347092913,1967,1977
28.286997851422623,1975,1976
28.29090435575233,1968,1970
28.294810860082038,1994,1996
28.298717364411747,2021,2024
28.302623868741456,2046,2045
28.306530373071165,2084,2082
28.310436877400875,2089,2084
28.314343381730584,2118,2109
28.318249886060293,2102,2096
28.322156390390003,2082,2074
28.326062894719712,2100,2088
28.32996939904942,2127,2111
28.333875903379127,2091,2095
28.337782407708836,2057,2046
28.341688912038546,2034,2034
28.345595416368255,2051,2048
28.349501920697964,2029,2034
28.353408425027673,2028,2023
28.357314929357383,2013,2011
28.361221433687092,2029,2019
28.3651279380168,1971,1980
28.36903444234651,1978,1986
28.37294094667622,1961,1976
28.376847451005926,1988,2004
28.380753955335635,1978,1981
28.384660459665344,1976,1985
28.388566963995054,1981,1992
28.392473468324763,1986,1988
28.396379972654472,2004,1997
28.40028647698418,2045,2044
28.40419298131389,2084,2079
28.4080994856436,2102,2092
28.41200598997331,2127,2128
28.415912494303015,2110,2109
28.419818998632724,2095,2074
28.423725502962434,2108,2103
28.427632007292143,2111,2098
28.431538511621852,2094,2076
28.43544501595156,2083,2083
28.43935152028127,2041,2043
28.44325802461098,2039,2038
28.44716452894069,2015,2020
28.4510710332704,2030,2025
28.454977537600108,2037,2033
28.458884041929814,2004,2007
28.462790546259523,1990,1994
28.466697050589232,1980,1987
28.47060355491894,1973,1976
28.47451005924865,1932,1940
28.47841656357836,1961,1962
28.48232306790807,1952,1966
28.48622957223778,1987,1990
28.490136076567488,1955,1964
28.494042580897197,2004,2018
28.497949085226907,2025,2023
28.501855589556612,2042,2043
28.50576209388632,2109,2102
28.50966859821603,2128,2118
28.51357510254574,2131,2116
28.51748160687545,2106,2107
28.52138811120516,2107,2097
28.525294615534868,2148,2141
28.529201119864577,2106,2091
28.533107624194287,2091,2083
28.537014128523996,2096,2077
28.540920632853705,2099,2100
28.54482713718341,2053,2054
28.54873364151312,2058,2064
28.55264014584283,2050,2070
28.55654665017254,2043,2044
28.560453154502248,2060,2061
28.564359658831957,2001,2005
28.568266163161667,2003,1997
28.572172667491376,1996,2009
28.576079171821085,1989,1997
28.579985676150795,2010,2000
28.583892180480504,1985,1989
28.58779868481021,1993,1995
28.59170518913992,1992,1996
28.59561169346963,2009,2016
28.599518197799338,2049,2046
28.603424702129047,2077,2073
28.607331206458756,2120,2099
28.611237710788465,2114,2106
28.615144215118175,2113,2113
28.619050719447884,2108,2097
28.622957223777593,2116,2113
28.626863728107303,2138,2116
28.63077023243701,2123,2116
28.634676736766718,2080,2087
28.638583241096427,2078,2063
28.642489745426136,2051,2038
28.646396249755846,2062,2061
28.650302754085555,2042,2045
28.654209258415264,2043,2037
28.658115762744973,2067,2060
28.662022267074683,2010,2008
28.665928771404392,2015,2024
28.6698352757341,2010,2020
28.673741780063807,1989,2010
28.677648284393516,1981,2000
28.681554788723226,1985,1984
28.685461293052935,1978,1984
28.689367797382644,1989,1995
28.693274301712353,2018,2033
28.697180806042063,2039,2036
28.701087310371772,2062,2064
28.70499381470148,2120,2121
28.70890031903119,2119,2118
28.712806823360896,2136,2121
28.716713327690606,2141,2128
28.720619832020315,2130,2120
28.724526336350024,2128,2114
28.728432840679734,2125,2129
28.732339345009443,2113,2100
28.736245849339152,2103,2105
28.74015235366886,2068,2075
28.74405885799857,2056,2058
28.74796536232828,2047,2048
28.75187186665799,2063,2065
28.755778370987695,2036,2037
28.759684875317404,2028,2029
28.763591379647114,2010,2019
28.767497883976823,1960,1966
28.771404388306532,1963,1980
28.77531089263624,1979,1995
28.77921739696595,1957,1970
28.78312390129566,1952,1958
28.78703040562537,1958,1964
28.79093690995508,1942,1944
28.794843414284788,1961,1977
28.798749918614494,2029,2031
28.802656422944203,2037,2036
28.806562927273912,2074,2066
28.81046943160362,2098,2089
28.81437593593333,2076,2079
28.81828244026304,2078,2077
28.82218894459275,2110,2101
28.82609544892246,2126,2127
28.830001953252168,2110,2098
28.833908457581877,2123,2122
28.837814961911587,2076,2074
28.841721466241292,2057,2060
28.845627970571,2042,2044
28.84953447490071,2057,2060
28.85344097923042,2035,2033
28.85734748356013,2035,2040
28.86125398788984,2007,2014
28.865160492219548,2006,1999
28.869066996549257,1967,1975
28.872973500878967,1971,1972
28.876880005208676,1991,2002
28.880786509538385,1962,1963
28.88469301386809,1980,1987
28.8885995181978,1981,1989
28.89250602252751,1976,1997
28.89641252685722,2031,2039
28.90031903118693,2020,2024
28.904225535516638,2098,2079
28.908132039846347,2114,2107
28.912038544176056,2101,2094
28.915945048505765,2116,2100
28.919851552835475,2095,2086
28.923758057165184,2119,2114
28.92766456149489,2109,2101
28.9315710658246,2089,2084
28.93547757015431,2053,2035
28.939384074484018,2090,2083
28.943290578813727,2028,2035
28.947197083143436,2026,2036
28.951103587473145,2037,2046
28.955010091802855,2029,2025
28.958916596132564,2013,2022
28.962823100462273,2016,2021
28.966729604791983,1975,1989
28.97063610912169,1947,1964
28.974542613451398,1971,1980
28.978449117781107,1954,1961
28.982355622110816,1972,1979
28.986262126440526,1967,1973
28.990168630770235,1966,1975
28.994075135099944,1984,1992
28.997981639429653,2032,2025
29.001888143759363,2099,2089
29.005794648089072,2125,2113
29.00970115241878,2121,2115
29.013607656748487,2120,2106
29.017514161078196,2119,2110
29.021420665407906,2134,2130
29.025327169737615,2139,2124
29.029233674067324,2105,2103
29.033140178397034,2101,2100
29.037046682726743,2107,2108
29.040953187056452,2078,2081
29.04485969138616,2068,2064
29.04876619571587,2067,2069
29.052672700045576,2076,2069
29.056579204375286,2060,2059
29.060485708704995,2049,2045
29.064392213034704,2025,2029
29.068298717364414,2012,2006
29.072205221694123,2007,2011
29.076111726023832,1995,2006
29.08001823035354,1982,1992
29.08392473468325,1972,1979
29.08783123901296,2004,1997
29.09173774334267,2009,2017
29.095644247672375,2027,2028
29.099550752002084,2042,2037
29.103457256331794,2086,2082
29.107363760661503,2090,2084
29.111270264991212,2107,2103
29.11517676932092,2102,2106
29.11908327365063,2146,2140
29.12298977798034,2105,2097
29.12689628231005,2114,2113
29.13080278663976,2108,2101
29.134709290969468,2095,2095
29.138615795299174,2055,2052
29.142522299628883,2028,2031
29.146428803958592,2059,2058
29.1503353082883,2054,2045
29.15424181261801,2075,2073
29.15814831694772,2043,2037
29.16205482127743,2016,2024
29.16596132560714,2023,2016
29.169867829936848,1999,2000
29.173774334266557,1988,1992
29.177680838596267,1991,1986
29.181587342925972,2008,2015
29.18549384725568,1980,1990
29.18940035158539,1990,1983
29.1933068559151,2013,2020
29.19721336024481,2041,2036
29.20111986457452,2080,2080
29.205026368904228,2122,2126
29.208932873233937,2152,2137
29.212839377563647,2122,2121
29.216745881893356,2120,2114
29.220652386223065,2137,2128
29.22455889055277,2151,2136
29.22846539488248,2124,2104
29.23237189921219,2125,2110
29.2362784035419,2085,2087
29.24018490787161,2074,2075
29.244091412201318,2050,2044
29.247997916531027,2017,2017
29.251904420860736,2066,2067
29.255810925190445,2036,2042
29.259717429520155,2021,2029
29.263623933849864,1994,2002
29.26753043817957,1979,1989
29.27143694250928,1960,1959
29.27534344683899,1955,1961
29.279249951168698,1952,1961
29.283156455498407,1968,1969
29.287062959828116,1967,1973
29.290969464157826,1968,1973
29.294875968487535,2005,2014
29.298782472817244,2031,2025
29.302688977146953,2041,2042
29.306595481476663,2097,2085
29.31050198580637,2096,2092
29.314408490136078,2095,2090
29.318314994465787,2127,2117
29.322221498795496,2132,2126
29.326128003125206,2098,2097
29.330034507454915,2120,2114
29.333941011784624,2112,2103
29.337847516114334,2062,2069
29.341754020444043,2043,2039
29.345660524773752,2043,2045
29.349567029103458,2047,2046
29.353473533433167,2032,2032
29.357380037762876,2035,2045
29.361286542092586,2012,2036
29.365193046422295,2001,1992
29.369099550752004,1982,1978
29.373006055081714,1968,1990
29.376912559411423,1980,1988
29.380819063741132,1962,1973
29.38472556807084,1962,1962
29.38863207240055,1954,1957
29.392538576730256,2004,2008
29.396445081059966,2022,2025
29.400351585389675,2045,2048
29.404258089719384,2077,2075
29.408164594049094,2093,2097
29.412071098378803,2100,2099
29.415977602708512,2117,2110
29.41988410703822,2111,2107
29.42379061136793,2100,2088
29.42769711569764,2093,2088
29.43160362002735,2116,2105
29.435510124357055,2084,2075
29.439416628686764,2048,2054
29.443323133016474,2029,2032
29.447229637346183,2019,2022
29.451136141675892,2033,2040
29.4550426460056,2008,2012
29.45894915033531,2039,2048
29.46285565466502,1976,1988
29.46676215899473,1971,1972
29.47066866332444,1946,1948
29.474575167654148,1959,1964
29.478481671983854,1962,1975
29.482388176313563,1983,1984
29.486294680643272,1968,1986
29.49020118497298,1961,1967
29.49410768930269,1993,1991
29.4980141936324,2026,2022
29.50192069796211,2070,2066
29.50582720229182,2107,2099
29.509733706621528,2123,2126
29.513640210951237,2133,2126
29.517546715280947,2134,2126
29.521453219610652,2123,2115
29.525359723940362,2109,2102
29.52926622827007,2147,2130
29.53317273259978,2121,2118
29.53707923692949,2110,2115
29.5409857412592,2088,2096
29.54489224558891,2071,2075
29.548798749918618,2088,2084
29.552705254248327,2061,2047
29.556611758578036,2052,2055
29.560518262907745,2051,2048
29.56442476723745,2031,2039
29.56833127156716,1983,1986
29.57223777589687,1961,1971
29.57614428022658,2001,1997
29.58005078455629,2002,1988
29.583957288885998,2022,2018
29.587863793215707,1987,1989
29.591770297545416,2005,2011
29.595676801875126,1989,2000
29.599583306204835,2042,2051
29.603489810534544,2078,2072
29.60739631486425,2120,2114
29.61130281919396,2128,2121
29.61520932352367,2129,2120
29.619115827853378,2104,2100
29.623022332183087,2108,2098
29.626928836512796,2128,2117
29.630835340842506,2109,2123
29.634741845172215,2104,2092
29.638648349501924,2101,2094
29.642554853831633,2032,2038
29.646461358161343,2051,2051
29.65036786249105,2073,2063
29.654274366820758,2060,2059
29.658180871150467,2045,2035
29.662087375480176,2024,2025
29.665993879809886,2025,2030
29.669900384139595,1977,1984
29.673806888469304,1984,1991
29.677713392799014,1998,1998
29.681619897128723,1980,1988
29.685526401458432,1991,1999
29.689432905788138,1980,1987
29.693339410117847,2029,2036
29.697245914447556,2033,2027
29.701152418777266,2091,2088
29.705058923106975,2118,2111
29.708965427436684,2148,2139
29.712871931766394,2114,2101
29.716778436096103,2137,2116
29.720684940425812,2127,2121
29.72459144475552,2139,2135
29.72849794908523,2138,2141
29.732404453414937,2131,2115
29.736310957744646,2093,2090
29.740217462074355,2037,2032
29.744123966404064,2064,2065
29.748030470733774,2027,2026
29.751936975063483,2063,2056
29.755843479393192,2036,2047
29.7597499837229,2010,2014
29.76365648805261,2011,2010
29.76756299238232,1993,1998
29.77146949671203,1935,1950
29.775376001041735,1962,1971
29.779282505371445,1964,1970
29.783189009701154,1948,1945
29.787095514030863,1939,1952
29.791002018360572,1959,1965
29.79490852269028,1970,1979
29.79881502701999,2034,2028
29.8027215313497,2061,2062
29.80662803567941,2087,2084
29.81053454000912,2116,2111
29.814441044338828,2117,2108
29.818347548668534,2089,2081
29.822254052998243,2115,2108
29.826160557327952,2077,2070
29.83006706165766,2119,2122
29.83397356598737,2102,2090
29.83788007031708,2074,2066
29.84178657464679,2060,2057
29.8456930789765,2051,2045
29.849599583306208,2038,2034
29.853506087635918,2043,2049
29.857412591965627,2019,2017
29.861319096295333,2010,2015
29.865225600625042,2003,2003
29.86913210495475,1975,1986
29.87303860928446,1962,1972
29.87694511361417,1962,1965
29.88085161794388,1998,2001
29.88475812227359,1964,1969
29.888664626603298,1975,1978
29.892571130933007,1987,1993
29.896477635262716,2020,2017
29.900384139592425,2034,2032
29.90429064392213,2071,2081
29.90819714825184,2095,2100
29.91210365258155,2094,2093
29.91601015691126,2105,2101
29.91991666124097,2120,2126
29.923823165570678,2102,2104
29.927729669900387,2122,2106
29.931636174230096,2091,2074
29.935542678559806,2069,2059
29.939449182889515,2060,2070
29.943355687219224,2029,2020
29.94726219154893,2059,2060
29.95116869587864,2037,2049
29.95507520020835,2048,2047
29.958981704538058,2007,2003
29.962888208867767,1982,1996
29.966794713197476,1951,1960
29.970701217527186,1948,1950
29.974607721856895,1962,1978
29.978514226186604,1948,1964
29.982420730516314,1952,1964
29.98632723484602,1970,1980
29.99023373917573,1982,1994
29.994140243505438,1989,1991
29.998046747835147,2010,2017
30.001953252164856,2061,2061
30.005859756494566,2110,2102
30.009766260824275,2145,2136
30.013672765153984,2129,2127
30.017579269483694,2136,2120
30.021485773813403,2129,2114
30.025392278143112,2157,2153
30.029298782472818,2158,2152
30.033205286802527,2120,2118
30.037111791132237,2110,2103
30.041018295461946,2073,2072
30.044924799791655,2057,2054
30.048831304121364,2053,2056
30.052737808451074,2066,2073
30.056644312780783,2062,2056
30.060550817110492,2035,2028
30.0644573214402,2023,2022
30.06836382576991,2013,2013
30.072270330099617,1982,1986
30.076176834429326,1977,1981
30.080083338759035,1963,1959
30.083989843088744,1995,2004
30.087896347418454,1992,2004
30.091802851748163,2026,2035
30.095709356077872,2009,2009
30.09961586040758,2063,2068
30.10352236473729,2084,2063
30.107428869067,2114,2111
30.11133537339671,2113,2098
30.115241877726415,2111,2095
30.119148382056125,2124,2115
30.123054886385834,2108,2101
30.126961390715543,2106,2097
30.130867895045252,2128,2106
30.13477439937496,2084,2083
30.13868090370467,2065,2071
30.14258740803438,2073,2074
30.14649391236409,2032,2040
30.1504004166938,2072,2065
30.154306921023508,2063,2063
30.158213425353214,2034,2030
30.162119929682923,2012,2021
30.166026434012633,1996,1990
30.169932938342342,1988,1996
30.17383944267205,1987,1989
30.17774594700176,1984,1999
30.18165245133147,1997,2006
30.18555895566118,1978,1984
30.18946545999089,1997,1998
30.193371964320598,2012,2018
30.197278468650307,2021,2031
30.201184972980013,2083,2089
30.205091477309722,2103,2096
30.20899798163943,2138,2124
30.21290448596914,2135,2112
30.21681099029885,2125,2120
30.22071749462856,2155,2137
30.22462399895827,2138,2129
30.228530503287978,2134,2130
30.232437007617687,2097,2100
30.236343511947396,2096,2094
30.240250016277106,2089,2090
30.24415652060681,2054,2050
30.24806302493652,2062,2059
30.25196952926623,2055,2048
30.25587603359594,2027,2021
30.25978253792565,2019,2017
30.263689042255358,2009,2024
30.267595546585067,1973,1988
30.271502050914776,1975,1986
30.275408555244486,1957,1962
30.279315059574195,1979,1983
30.2832215639039,1968,1971
30.28712806823361,1966,1988
30.29103457256332,1974,1981
30.29494107689303,1978,1979
30.298847581222738,2035,2025
30.302754085552447,2051,2054
30.306660589882156,2092,2091
30.310567094211866,2071,2067
30.314473598541575,2084,2071
30.318380102871284,2103,2099
30.322286607200994,2108,2091
30.3261931115307,2107,2105
30.33009961586041,2111,2115
30.334006120190118,2065,2071
30.337912624519827,2054,2056
30.341819128849536,2057,2057
30.345725633179246,2056,2047
30.349632137508955,2043,2039
30.353538641838664,2041,2044
30.357445146168374,2012,2019
30.361351650498083,2007,2011
30.365258154827792,2003,2004
30.369164659157498,1955,1961
30.373071163487207,1977,1987
30.376977667816917,1961,1978
30.380884172146626,1997,2010
30.384790676476335,1978,1982
30.388697180806044,1967,1978
30.392603685135754,1989,1984
30.396510189465463,2010,2020
30.400416693795172,2062,2050
30.40432319812488,2084,2090
30.40822970245459,2096,2094
30.412136206784297,2123,2111
30.416042711114006,2087,2080
30.419949215443715,2089,2081
30.423855719773425,2111,2109
30.427762224103134,2100,2089
30.431668728432843,2093,2092
30.435575232762552,2081,2070
30.43948173709226,2056,2053
30.44338824142197,2042,2041
30.44729474575168,2031,2024
30.45120125008139,2022,2027
30.455107754411095,2028,2034
30.459014258740805,2017,2022
30.462920763070514,2011,2015
30.466827267400223,1981,1996
30.470733771729932,1943,1944
30.47464027605964,1967,1968
30.47854678038935,1965,1981
30.48245328471906,1947,1958
30.48635978904877,1959,1966
30.49026629337848,1972,1982
30.49417279770819,2018,2015
30.498079302037894,2031,2027
30.501985806367603,2055,2066
30.505892310697313,2118,2112
30.509798815027022,2139,2126
30.51370531935673,2129,2122
30.51761182368644,2122,2112
30.52151832801615,2124,2115
30.52542483234586,2148,2142
30.52933133667557,2144,2139
30.533237841005278,2112,2115
30.537144345334987,2103,2086
30.541050849664693,2081,2081
30.544957353994402,2076,2068
30.54886385832411,2065,2069
30.55277036265382,2077,2071
30.55667686698353,2041,2034
30.56058337131324,2026,2036
30.56448987564295,2022,2018
30.568396379972658,1976,1988
30.572302884302367,1986,1994
30.576209388632076,1996,2002
30.580115892961786,1980,1990
30.58402239729149,1992,2002
30.5879289016212,1992,1999
30.59183540595091,2002,2011
30.59574191028062,2008,2006
30.59964841461033,2045,2044
30.603554918940038,2080,2074
30.607461423269747,2114,2108
30.611367927599456,2126,2130
30.615274431929166,2124,2113
30.619180936258875,2122,2106
30.62308744058858,2119,2111
30.62699394491829,2131,2108
30.630900449248,2130,2123
30.63480695357771,2112,2100
30.638713457907418,2080,2082
30.642619962237127,2052,2049
30.646526466566836,2048,2036
30.650432970896546,2051,2053
30.654339475226255,2040,2047
30.658245979555964,2058,2043
30.662152483885674,2022,2026
30.66605898821538,2007,2005
30.66996549254509,1998,2001
30.673871996874798,1970,1972
30.677778501204507,2001,1997
30.681685005534217,2011,2012
30.685591509863926,2008,2015
30.689498014193635,2008,2017
30.693404518523344,1986,1994
30.697311022853054,2031,2034
30.701217527182763,2114,2106
30.705124031512472,2109,2089
30.709030535842178,2121,2114
30.712937040171887,2153,2132
30.716843544501597,2144,2141
30.720750048831306,2104,2105
30.724656553161015,2113,2104
30.728563057490724,2143,2140
30.732469561820434,2130,2115
30.736376066150143,2102,2102
30.740282570479852,2049,2045
30.74418907480956,2071,2065
30.74809557913927,2066,2064
30.752002083468977,2068,2070
30.755908587798686,2043,2045
30.759815092128395,2036,2043
30.763721596458105,2012,2014
30.767628100787814,1973,1985
30.771534605117523,1954,1956
30.775441109447232,1946,1942
30.77934761377694,1940,1946
30.78325411810665,1968,1976
30.78716062243636,1953,1964
30.79106712676607,1950,1956
30.794973631095775,1976,1977
30.798880135425485,1997,1997
30.802786639755194,2033,2040
30.806693144084903,2080,2074
30.810599648414613,2072,2064
30.814506152744322,2086,2083
30.81841265707403,2104,2097
30.82231916140374,2119,2119
30.82622566573345,2095,2087
30.83013217006316,2126,2107
30.83403867439287,2107,2103
30.837945178722574,2072,2066
30.841851683052283,2047,2040
30.845758187381993,2048,2046
30.849664691711702,2031,2028
30.85357119604141,2038,2031
30.85747770037112,2022,2026
30.86138420470083,2015,2019
30.86529070903054,1983,1983
30.86919721336025,1993,2002
30.873103717689958,1956,1955
30.877010222019667,1961,1965
30.880916726349373,1988,1991
30.884823230679082,1985,1996
30.88872973500879,2010,2011
30.8926362393385,1989,1989
30.89654274366821,2005,2007
30.90044924799792,2021,2021
30.90435575232763,2082,2089
30.908262256657338,2096,2084
30.912168760987047,2097,2088
30.916075265316756,2109,2093
30.919981769646462,2109,2105
30.92388827397617,2114,2117
30.92779477830588,2113,2112
30.93170128263559,2095,2079
30.9356077869653,2065,2068
30.93951429129501,2048,2030
30.943420795624718,2037,2036
30.947327299954427,2028,2024
30.951233804284136,2043,2048
30.955140308613846,2006,2011
30.959046812943555,2015,2010
30.96295331727326,1988,1998
30.96685982160297,1969,1971
30.97076632593268,1941,1954
30.97467283026239,1966,1968
30.978579334592098,1958,1959
30.982485838921807,1962,1981
30.986392343251516,1965,1968
30.990298847581226,1952,1965
30.994205351910935,1996,2004
30.998111856240644,2020,2026
31.002018360570354,2070,2065
31.00592486490006,2089,2097
31.00983136922977,2137,2132
31.013737873559478,2109,2089
31.017644377889187,2134,2125
31.021550882218897,2093,2087
31.025457386548606,2129,2120
31.029363890878315,2129,2128
31.033270395208024,2115,2113
31.037176899537734,2087,2083
31.041083403867443,2053,2054
31.044989908197152,2093,2084
31.048896412526858,2063,2064
31.052802916856567,2066,2073
31.056709421186277,2061,2058
31.060615925515986,2026,2024
31.064522429845695,2018,2028
31.068428934175405,1993,1999
31.072335438505114,1999,2015
31.076241942834823,1977,1975
31.080148447164532,2002,1992
31.08405495149424,2007,2003
31.08796145582395,1993,1998
31.091867960153657,1994,1996
31.095774464483366,2007,2007
31.099680968813075,2049,2052
31.103587473142785,2073,2072
31.107493977472494,2105,2104
31.111400481802203,2120,2112
31.115306986131912,2122,2117
31.11921349046162,2109,2101
31.12311999479133,2106,2094
31.12702649912104,2128,2124
31.13093300345075,2127,2129
31.134839507780455,2101,2100
31.138746012110165,2077,2081
31.142652516439874,2034,2041
31.146559020769583,2074,2073
31.150465525099293,2051,2050
31.154372029429002,2031,2029
31.15827853375871,2043,2055
31.16218503808842,2020,2021
31.16609154241813,1983,1991
31.16999804674784,2009,2014
31.17390455107755,2005,2006
31.177811055407254,2001,1996
31.181717559736963,1979,1979
31.185624064066673,1975,1973
31.189530568396382,1971,1980
31.19343707272609,2020,2017
31.1973435770558,2041,2033
31.20125008138551,2067,2061
31.20515658571522,2122,2124
31.20906309004493,2150,2127
31.212969594374638,2124,2119
31.216876098704347,2152,2138
31.220782603034053,2138,2135
31.224689107363762,2145,2144
31.22859561169347,2140,2127
31.23250211602318,2128,2118
31.23640862035289,2108,2105
31.2403151246826,2072,2072
31.24422162901231,2036,2037
31.248128133342018,2037,2035
31.252034637671727,2070,2067
31.255941142001436,2051,2059
31.259847646331142,2018,2025
31.26375415066085,2002,1988
31.26766065499056,1973,1976
31.27156715932027,1974,1985
31.27547366364998,1966,1970
31.27938016797969,1950,1958
31.283286672309398,1953,1956
31.287193176639107,1955,1963
31.291099680968816,1954,1964
31.295006185298526,2012,2013
31.298912689628235,2026,2015
31.30281919395794,2046,2050
31.30672569828765,2101,2086
31.31063220261736,2087,2080
31.31453870694707,2101,2102
31.318445211276778,2119,2105
31.322351715606487,2081,2081
31.326258219936197,2096,2088
31.330164724265906,2096,2096
31.334071228595615,2080,2070
31.337977732925324,2073,2074
31.341884237255034,2064,2059
31.34579074158474,2040,2038
31.34969724591445,2046,2043
31.353603750244158,2043,2045
31.357510254573867,2046,2045
31.361416758903577,2047,2039
31.365323263233286,1995,2005
31.369229767562995,1969,1985
31.373136271892704,1986,1985
31.377042776222414,1941,1953
31.380949280552123,1984,1988
31.384855784881832,1997,2011
31.388762289211538,1956,1967
31.392668793541247,1979,1990
31.396575297870957,2025,2023
31.400481802200666,2043,2045
31.404388306530375,2098,2092
31.408294810860085,2084,2082
31.412201315189794,2117,2118
31.416107819519503,2106,2100
31.420014323849212,2109,2109
31.42392082817892,2085,2077
31.42782733250863,2126,2125
31.431733836838337,2084,2082
31.435640341168046,2073,2064
31.439546845497755,2059,2050
31.443453349827465,2002,2004
31.447359854157174,2015,2012
31.451266358486883,2028,2037
31.455172862816593,2035,2041
31.459079367146302,2007,2015
31.46298587147601,2001,2002
31.46689237580572,1973,1984
31.47079888013543,1952,1953
31.474705384465135,1947,1950
31.478611888794845,1963,1980
31.482518393124554,1964,1969
31.486424897454263,1951,1961
31.490331401783973,1980,1985
31.494237906113682,1974,1977
31.49814441044339,2029,2031
31.5020509147731,2085,2066
31.50595741910281,2083,2069
31.50986392343252,2121,2117
31.51377042776223,2119,2103
31.517676932091934,2129,2116
31.521583436421643,2141,2138
31.525489940751353,2136,2116
31.529396445081062,2140,2139
31.53330294941077,2149,2146
31.53720945374048,2088,2077
31.54111595807019,2077,2062
31.5450224623999,2076,2077
31.54892896672961,2087,2089
31.552835471059318,2063,2057
31.556741975389023,2052,2044
31.560648479718733,2064,2080
31.564554984048442,1999,2001
31.56846148837815,2003,2012
31.57236799270786,1981,1996
31.57627449703757,1986,1992
31.58018100136728,1963,1973
31.58408750569699,1987,1990
31.587994010026698,1978,1989
31.591900514356407,1983,1990
31.595807018686116,1998,2013
31.599713523015822,2066,2074
31.60362002734553,2084,2080
31.60752653167524,2108,2100
31.61143303600495,2124,2112
31.61533954033466,2127,2126
31.61924604466437,2106,2094
31.623152548994078,2119,2116
31.627059053323787,2121,2114
31.630965557653496,2110,2120
31.634872061983206,2091,2092
31.638778566312915,2052,2061
31.64268507064262,2074,2073
31.64659157497233,2051,2050
31.65049807930204,2049,2047
31.65440458363175,2046,2056
31.658311087961458,2049,2046
31.662217592291167,2002,2023
31.666124096620877,1981,1982
31.670030600950586,1998,2001
31.673937105280295,1990,1993
31.677843609610004,1990,1998
31.681750113939714,1986,1994
31.68565661826942,2012,2021
31.68956312259913,2004,2015
31.693469626928838,2003,2009
31.697376131258547,2041,2045
31.701282635588257,2094,2087
31.705189139917966,2121,2119
31.709095644247675,2103,2105
31.713002148577385,2128,2131
31.716908652907094,2125,2117
31.720815157236803,2127,2116
31.724721661566512,2114,2103
31.728628165896218,2115,2092
31.732534670225927,2125,2126
31.736441174555637,2080,2071
31.740347678885346,2067,2067
31.744254183215055,2064,2045
31.748160687544765,2035,2044
31.752067191874474,2052,2045
31.755973696204183,2045,2046
31.759880200533892,2015,2016
31.763786704863602,2033,2027
31.76769320919331,1986,1992
31.771599713523017,1951,1966
31.775506217852726,1969,1980
31.779412722182435,1957,1959
31.783319226512145,1986,1997
31.787225730841854,1938,1951
31.791132235171563,1947,1953
31.795038739501273,1978,1992
31.798945243830982,2010,2014
31.80285174816069,2061,2057
31.8067582524904,2096,2092
31.81066475682011,2078,2074
31.814571261149815,2101,2092
31.818477765479525,2099,2095
31.822384269809234,2124,2101
31.826290774138943,2111,2103
31.830197278468653,2096,2091
31.834103782798362,2091,2087
31.83801028712807,2055,2056
31.84191679145778,2043,2046
31.84582329578749,2044,2039
31.8497298001172,2050,2053
31.853636304446905,2066,2069
31.857542808776614,2027,2029
31.861449313106323,2025,2037
31.865355817436033,1994,2001
31.869262321765742,1979,1984
31.87316882609545,1964,1969
31.87707533042516,1962,1972
31.88098183475487,1974,1984
31.88488833908458,2001,2017
31.88879484341429,1963,1974
31.892701347743998,1983,1991
31.896607852073704,2011,2004
31.900514356403413,2067,2057
31.904420860733122,2067,2061
31.90832736506283,2109,2110
31.91223386939254,2109,2097
31.91614037372225,2112,2115
31.92004687805196,2097,2096
31.92395338238167,2105,2100
31.927859886711378,2101,2101
31.931766391041087,2102,2094
31.935672895370796,2100,2093
31.939579399700502,2044,2046
31.94348590403021,2020,2026
31.94739240835992,1999,2002
31.95129891268963,2023,2025
31.95520541701934,2022,2021
31.95911192134905,2005,2002
31.963018425678758,2005,2008
31.966924930008467,1971,1979
31.970831434338177,1945,1954
31.974737938667886,1952,1958
31.978644442997595,1971,1980
31.9825509473273,1973,1972
31.98645745165701,1951,1965
31.99036395598672,1967,1982
31.99427046031643,1973,1981
31.998176964646138,2041,2038
32.00208346897585,2062,2060
32.00598997330555,2091,2086
32.009896477635266,2099,2095
32.01380298196497,2130,2126
32.017709486294684,2118,2098
32.02161599062439,2147,2133
32.0255224949541,2136,2133
32.02942899928381,2128,2126
32.03333550361352,2114,2116
32.03724200794323,2123,2115
32.04114851227294,2070,2053
32.045055016602646,2057,2054
32.04896152093235,2040,2054
32.052868025262065,2054,2050
32.05677452959177,2058,2052
32.06068103392148,2028,2027
32.06458753825119,2023,2020
32.0684940425809,2009,2020
32.07240054691061,2018,2018
32.07630705124032,2006,2008
32.080213555570026,1952,1967
32.08412005989974,1977,1983
32.088026564229445,1992,2003
32.09193306855915,1981,1985
32.09583957288886,2011,2013
32.09974607721857,2054,2048
32.10365258154828,2078,2064
32.10755908587799,2120,2102
32.1114655902077,2107,2108
32.115372094537406,2103,2096
32.11927859886712,2102,2106
32.123185103196825,2107,2102
32.12709160752654,2126,2114
32.13099811185624,2108,2115
32.13490461618595,2134,2131
32.13881112051566,2061,2058
32.14271762484537,2052,2060
32.14662412917508,2059,2052
32.150530633504786,2030,2043
32.1544371378345,2050,2043
32.158343642164205,2049,2057
32.16225014649392,2012,2022
32.16615665082362,2027,2029
32.170063155153336,1998,2013
32.17396965948304,1982,1989
32.17787616381275,1985,1989
32.18178266814246,1989,2003
32.185689172472166,1995,1999
32.18959567680188,1996,1987
32.193502181131585,1985,2013
32.1974086854613,2018,2025
32.201315189791,2085,2076
32.205221694120716,2100,2093
32.20912819845042,2128,2132
32.213034702780135,2155,2144
32.21694120710984,2140,2131
32.220847711439546,2121,2101
32.22475421576926,2141,2134
32.228660720098965,2133,2133
32.23256722442868,2112,2104
32.236473728758384,2081,2077
32.240380233088096,2067,2056
32.2442867374178,2025,2029
32.248193241747515,2039,2045
32.25209974607722,2052,2047
32.256006250406934,2033,2034
32.25991275473664,2021,2038
32.263819259066345,2009,2009
32.26772576339606,1970,1970
32.271632267725764,1971,1977
32.27553877205548,1945,1963
32.27944527638518,1977,1989
32.283351780714895,1960,1973
32.2872582850446,1963,1965
32.291164789374314,1963,1959
32.29507129370402,1979,1975
32.29897779803373,2035,2028
32.30288430236344,2066,2063
32.306790806693144,2107,2106
32.31069731102286,2100,2097
32.31460381535256,2102,2097
32.318510319682275,2114,2105
32.32241682401198,2105,2100
32.326323328341694,2119,2123
32.3302298326714,2107,2102
32.33413633700111,2092,2075
32.33804284133082,2092,2085
32.341949345660524,2064,2064
32.34585584999024,2053,2051
32.34976235431994,2051,2046
32.353668858649655,2060,2062
32.35757536297936,2036,2030
32.361481867309074,1990,1999
32.36538837163878,1963,1965
32.36929487596849,1971,1984
32.3732013802982,1977,1987
32.37710788462791,1949,1965
32.38101438895762,1955,1940
32.38492089328732,1987,1995
32.388827397617035,1992,1996
32.39273390194674,1983,1984
32.396640406276454,1993,1989
32.40054691060616,2056,2057
32.40445341493587,2081,2081
32.40835991926558,2109,2109
32.41226642359529,2113,2105
32.416172927925,2118,2128
32.42007943225471,2106,2096
32.423985936584415,2107,2101
32.42789244091412,2095,2088
32.431798945243834,2101,2082
32.43570544957354,2066,2058
32.43961195390325,2027,2032
32.44351845823296,2031,2035
32.44742496256267,2028,2025
32.45133146689238,2010,2010
32.45523797122209,2043,2038
32.459144475551795,2013,2017
32.46305097988151,1988,1996
32.466957484211214,1971,1982
32.47086398854092,1948,1970
32.47477049287063,1971,1976
32.47867699720034,1973,1980
32.48258350153005,1961,1971
32.48649000585976,1960,1971
32.49039651018947,1975,1973
32.494303014519176,1986,2001
32.49820951884889,2029,2019
32.502116023178594,2069,2080
32.50602252750831,2081,2078
32.50992903183801,2103,2088
32.51383553616772,2120,2111
32.51774204049743,2133,2119
32.52164854482714,2098,2092
32.52555504915685,2128,2117
32.529461553486556,2135,2125
32.53336805781627,2119,2099
32.537274562145974,2104,2100
32.54118106647569,2072,2065
32.54508757080539,2076,2083
32.548994075135106,2055,2053
32.55290057946481,2047,2036
32.55680708379452,2071,2073
32.56071358812423,2038,2040
32.564620092453936,1997,1993
32.56852659678365,1992,2002
32.572433101113354,2007,2004
32.57633960544307,1970,1966
32.58024610977277,1989,1995
32.584152614102486,2019,2030
32.58805911843219,1983,1994
32.591965622761904,1994,1996
32.59587212709161,2018,2032
32.599778631421316,2048,2044
32.60368513575103,2114,2108
32.607591640080734,2106,2091
32.61149814441045,2111,2123
32.61540464874015,2140,2131
32.619311153069866,2123,2111
32.62321765739957,2126,2119
32.627124161729284,2133,2129
32.63103066605899,2147,2142
32.6349371703887,2077,2070
32.63884367471841,2053,2061
32.642750179048114,2037,2036
32.64665668337783,2038,2047
32.65056318770753,2054,2069
32.654469692037246,2046,2054
32.65837619636695,2042,2035
32.662282700696665,1992,1988
32.66618920502637,2000,1996
32.67009570935608,1994,2002
32.67400221368579,1997,2002
32.6779087180155,2002,2005
32.68181522234521,2010,2023
32.68572172667491,1976,1985
32.689628231004626,1968,1970
32.69353473533433,2014,2022
32.697441239664045,2024,2022
32.70134774399375,2083,2082
32.70525424832346,2134,2120
32.70916075265317,2126,2109
32.71306725698288,2143,2130
32.71697376131259,2136,2121
32.7208802656423,2146,2139
32.724786769972006,2151,2140
32.72869327430171,2126,2112
32.732599778631425,2121,2110
32.73650628296113,2104,2103
32.74041278729084,2090,2083
32.74431929162055,2049,2056
32.74822579595026,2029,2025
32.75213230027997,2051,2052
32.75603880460968,2030,2033
32.759945308939386,2029,2047
32.7638518132691,2014,2008
32.767758317598805,1972,1979
32.77166482192851,1946,1958
32.77557132625822,1939,1961
32.77947783058793,1951,1966
32.78338433491764,1956,1965
32.78729083924735,1949,1952
32.79119734357706,1962,1978
32.795103847906766,1988,1991
32.79901035223648,2006,2013
32.802916856566185,2044,2048
32.8068233608959,2083,2074
32.8107298652256,2115,2115
32.81463636955531,2085,2075
32.81854287388502,2075,2077
32.82244937821473,2070,2071
32.82635588254444,2137,2130
32.830262386874146,2116,2098
32.83416889120386,2078,2070
32.838075395533565,2054,2046
32.84198189986328,2051,2052
32.84588840419298,2031,2034
32.849794908522696,2031,2025
32.8537014128524,2026,2023
32.85760791718211,2038,2047
32.86151442151182,2037,2029
32.865420925841526,1988,1987
32.86932743017124,1976,1977
32.873233934500945,1963,1971
32.87714043883066,1976,1991
32.881046943160364,1983,1982
32.884953447490076,1974,1987
32.88885995181978,1972,1968
32.892766456149495,1990,2002
32.8966729604792,1995,1988
32.90057946480891,2036,2042
32.90448596913862,2092,2084
32.908392473468325,2089,2082
32.91229897779804,2138,2126
32.916205482127744,2092,2087
32.92011198645746,2136,2133
32.92401849078716,2108,2103
32.927924995116875,2098,2086
32.93183149944658,2115,2120
32.935738003776294,2089,2092
32.939644508106,2057,2052
32.943551012435705,2024,2032
32.94745751676542,2037,2036
32.951364021095124,2021,2028
32.95527052542484,2029,2026
32.95917702975454,1993,1993
32.963083534084255,1997,1985
32.96699003841396,1967,1977
32.970896542743674,1972,1982
32.97480304707338,1950,1959
32.978709551403085,1960,1964
32.9826160557328,1965,1973
32.986522560062504,1971,1978
32.99042906439222,1964,1972
32.99433556872192,1988,1987
32.998242073051635,2032,2031
33.00214857738134,2055,2051
33.006055081711054,2093,2091
33.00996158604076,2102,2093
33.01386809037047,2130,2122
33.01777459470018,2148,2151
33.021681099029884,2112,2108
33.0255876033596,2136,2123
33.0294941076893,2130,2120
33.033400612019015,2109,2104
33.03730711634872,2082,2089
33.041213620678434,2082,2077
33.04512012500814,2064,2064
33.04902662933785,2088,2077
33.05293313366756,2081,2076
33.05683963799727,2078,2074
33.06074614232698,2052,2051
33.06465264665668,2012,2013
33.068559150986395,1991,1991
33.0724656553161,1988,1997
33.076372159645814,1957,1964
33.08027866397552,1978,1986
33.08418516830523,1988,1997
33.08809167263494,1983,1982
33.09199817696465,1993,2002
33.09590468129436,2014,2010
33.09981118562407,2050,2048
33.103717689953776,2077,2067
33.10762419428348,2134,2116
33.111530698613194,2155,2156
33.1154372029429,2129,2118
33.11934370727261,2115,2108
33.12325021160232,2137,2136
33.12715671593203,2134,2134
33.13106322026174,2126,2116
33.13496972459145,2116,2111
33.138876228921156,2072,2066
33.14278273325087,2068,2070
33.146689237580574,2035,2041
33.15059574191028,2053,2055
33.15450224623999,2065,2071
33.1584087505697,2060,2050
33.16231525489941,2017,2018
33.16622175922912,2002,2009
33.17012826355883,2008,2021
33.174034767888536,1985,1987
33.17794127221825,1974,1983
33.181847776547954,1976,1990
33.18575428087767,1996,2000
33.18966078520737,1986,1993
33.19356728953708,2014,2020
33.19747379386679,2053,2056
33.2013802981965,2103,2090
33.20528680252621,2106,2090
33.209193306855916,2138,2122
33.21309981118563,2133,2131
33.217006315515334,2128,2121
33.22091281984505,2156,2134
33.22481932417475,2128,2101
33.228725828504466,2135,2125
33.23263233283417,2126,2124
33.23653883716388,2107,2112
33.24044534149359,2075,2067
33.244351845823296,2059,2050
33.24825835015301,2058,2061
33.252164854482714,2025,2032
33.25607135881243,2028,2035
33.25997786314213,2028,2038
33.263884367471846,2012,2010
33.26779087180155,1954,1956
33.271697376131264,1955,1958
33.27560388046097,1941,1941
33.279510384790676,1953,1953
33.28341688912039,1978,1985
33.287323393450094,1974,1980
33.29122989777981,1967,1971
33.29513640210951,2014,2007
33.299042906439226,2041,2041
33.30294941076893,2061,2053
33.306855915098645,2092,2080
33.31076241942835,2095,2092
33.31466892375806,2112,2109
33.31857542808777,2124,2122
33.322481932417475,2097,2084
33.32638843674719,2115,2101
33.33029494107689,2131,2115
33.334201445406606,2085,2085
33.33810794973631,2033,2042
33.342014454066025,2055,2059
33.34592095839573,2024,2028
33.34982746272544,2028,2020
33.35373396705515,2054,2058
33.35764047138486,2030,2036
33.36154697571457,2037,2035
33.36545348004427,1977,1988
33.369359984373986,1968,1975
33.37326648870369,1973,1975
33.377172993033405,1967,1976
33.38107949736311,1981,1985
33.38498600169282,1966,1984
33.38889250602253,1972,1975
33.39279901035224,1975,1990
33.39670551468195,2026,2024
33.40061201901166,2009,2000
33.404518523341366,2084,2079
33.40842502767107,2108,2104
33.412331532000785,2112,2105
33.41623803633049,2103,2107
33.4201445406602,2095,2083
33.42405104498991,2081,2074
33.42795754931962,2137,2119
33.43186405364933,2075,2069
33.43577055797904,2075,2069
33.439677062308746,2036,2036
33.44358356663846,2035,2035
33.447490070968165,2039,2031
33.45139657529787,2037,2049
33.45530307962758,2052,2062
33.45920958395729,2012,2015
33.463116088287,1997,1995
33.46702259261671,1977,1994
33.47092909694642,1961,1981
33.474835601276126,1946,1964
33.47874210560584,1955,1971
33.482648609935545,1958,1969
33.48655511426526,1976,1974
33.49046161859496,1973,1991
33.49436812292467,1976,1986
33.49827462725438,2037,2036
33.50218113158409,2056,2050
33.5060876359138,2094,2084
33.509994140243506,2113,2104
33.51390064457322,2133,2126
33.517807148902925,2120,2111
33.52171365323264,2159,2150
33.525620157562344,2129,2123
33.529526661892056,2126,2136
33.53343316622176,2112,2107
33.53733967055147,2084,2073
33.54124617488118,2074,2071
33.54515267921089,2071,2071
33.5490591835406,2057,2054
33.552965687870305,2057,2053
33.55687219220002,2058,2057
33.560778696529724,2049,2053
33.56468520085944,2041,2043
33.56859170518914,1996,2003
33.57249820951885,1983,1989
33.57640471384856,1981,1986
33.58031121817827,2005,2015
33.58421772250798,1993,2001
33.588124226837685,2010,2017
33.5920307311674,2000,2007
33.595937235497104,1986,1996
33.59984373982682,2074,2064
33.60375024415652,2088,2085
33.607656748486235,2110,2090
33.61156325281594,2114,2111
33.61546975714565,2112,2104
33.61937626147536,2103,2096
33.623282765805065,2142,2120
33.62718927013478,2114,2098
33.631095774464484,2113,2093
33.6350022787942,2079,2075
33.6389087831239,2078,2075
33.642815287453615,2059,2055
33.64672179178332,2068,2069
33.650628296113034,2053,2048
33.65453480044274,2053,2049
33.658441304772445,2046,2044
33.66234780910216,2043,2045
33.666254313431864,1991,1988
33.67016081776158,1979,1991
33.67406732209128,1998,1999
33.677973826420995,2003,2002
33.6818803307507,2007,2009
33.685786835080414,2006,2023
33.68969333941012,1973,1979
33.69359984373983,2024,2027
33.69750634806954,2044,2053
33.701412852399244,2080,2075
33.70531935672896,2124,2106
33.70922586105866,2127,2133
33.713132365388375,2139,2138
33.71703886971808,2123,2113
33.720945374047794,2118,2115
33.7248518783775,2119,2110
33.72875838270721,2118,2105
33.73266488703692,2138,2140
33.73657139136663,2104,2099
33.74047789569634,2068,2055
33.74438440002604,2082,2077
33.748290904355756,2039,2034
33.75219740868546,2035,2039
33.756103913015174,2039,2039
33.76001041734488,2006,2012
33.76391692167459,1992,1995
33.7678234260043,1966,1970
33.77172993033401,1964,1977
33.77563643466372,1973,1975
33.77954293899343,1957,1981
33.783449443323136,1957,1966
33.78735594765284,1969,1978
33.791262451982554,1969,1970
33.79516895631226,1981,1995
33.79907546064197,2015,2010
33.80298196497168,2051,2051
33.80688846930139,2084,2077
33.8107949736311,2102,2104
33.81470147796081,2081,2078
33.818607982290516,2100,2093
33.82251448662023,2115,2113
33.826420990949934,2082,2076
33.83032749527964,2101,2093
33.83423399960935,2101,2096
33.83814050393906,2058,2064
33.84204700826877,2043,2049
33.84595351259848,2051,2054
33.84986001692819,2047,2046
33.853766521257896,2026,2028
33.85767302558761,2020,2020
33.861579529917314,2016,2020
33.86548603424703,1987,1992
33.86939253857673,1967,1974
33.87329904290644,1984,1991
33.87720554723615,1985,1989
33.88111205156586,1972,1976
33.88501855589557,1963,1966
33.888925060225276,1968,1976
33.89283156455499,1983,2003
33.896738068884694,1998,2004
33.90064457321441,2065,2055
33.90455107754411,2073,2060
33.908457581873826,2109,2105
33.91236408620353,2115,2110
33.91627059053324,2090,2079
33.92017709486295,2105,2091
33.924083599192656,2127,2119
33.92799010352237,2100,2093
33.931896607852075,2092,2091
33.93580311218179,2061,2051
33.93970961651149,2047,2043
33.943616120841206,2026,2016
33.94752262517091,2030,2035
33.951429129500625,2052,2048
33.95533563383033,2016,2023
33.959242138160036,2003,1998
33.96314864248975,1989,1991
33.967055146819455,1992,1995
33.97096165114917,1948,1959
33.97486815547887,1955,1958
33.978774659808586,1965,1979
33.98268116413829,1969,1974
33.986587668468005,1984,1992
33.99049417279771,1968,1979
33.99440067712742,2001,2012
33.99830718145713,1999,1999
34.002213685786835,2036,2041
34.00612019011655,2130,2117
34.01002669444625,2108,2095
34.013933198775966,2108,2102
34.01783970310567,2142,2138
34.021746207435385,2129,2126
34.02565271176509,2128,2120
34.0295592160948,2118,2104
34.03346572042451,2127,2114
34.03737222475422,2118,2112
34.04127872908393,2078,2074
34.04518523341363,2071,2077
34.049091737743346,2058,2056
34.05299824207305,2075,2079
34.056904746402765,2055,2054
34.06081125073247,2067,2067
34.06471775506218,2025,2035
34.06862425939189,1998,2001
34.0725307637216,1996,2000
34.07643726805131,1973,1977
34.08034377238102,1957,1958
34.084250276710726,1979,1979
34.08815678104043,1977,1989
34.092063285370145,2009,2009
34.09596978969985,1996,1991
34.09987629402956,2048,2057
34.10378279835927,2089,2082
34.10768930268898,2144,2132
34.11159580701869,2109,2101
34.1155023113484,2120,2114
34.119408815678106,2132,2116
34.12331532000782,2133,2139
34.127221824337525,2139,2127
34.13112832866723,2142,2151
34.13503483299694,2094,2096
34.13894133732665,2054,2047
34.14284784165636,2059,2058
34.14675434598607,2052,2054
34.15066085031578,2051,2050
34.154567354645486,2062,2057
34.1584738589752,2049,2051
34.162380363304905,2044,2044
34.16628686763462,2000,2003
34.170193371964324,2000,2005
34.17409987629403,1983,1992
34.17800638062374,1989,1998
34.18191288495345,1977,1985
34.18581938928316,1990,1993
34.18972589361287,2012,2009
34.19363239794258,1998,1990
34.197538902272285,2047,2061
34.201445406602,2081,2072
34.205351910931704,2122,2116
34.20925841526141,2144,2139
34.21316491959112,2137,2113
34.21707142392083,2142,2136
34.22097792825054,2136,2126
34.22488443258025,2120,2110
34.22879093690996,2110,2109
34.232697441239665,2128,2118
34.23660394556938,2102,2092
34.240510449899084,2068,2070
34.2444169542288,2049,2049
34.2483234585585,2040,2042
34.25222996288821,2034,2037
34.25613646721792,2018,2023
34.26004297154763,2035,2033
34.26394947587734,1979,1986
34.267855980207045,1985,1982
34.27176248453676,1963,1981
34.275668988866464,1955,1952
34.27957549319618,1964,1976
34.28348199752588,1946,1964
34.287388501855595,1956,1961
34.2912950061853,1986,1996
34.29520151051501,1967,1985
34.29910801484472,2039,2034
34.303014519174425,2084,2082
34.30692102350414,2068,2060
34.310827527833844,2102,2087
34.31473403216356,2096,2100
34.31864053649326,2104,2102
34.322547040822975,2127,2111
34.32645354515268,2121,2123
34.330360049482394,2106,2094
34.3342665538121,2104,2094
34.338173058141805,2067,2061
34.34207956247152,2066,2079
34.345986066801224,2022,2022
34.34989257113094,2054,2049
34.35379907546064,2036,2041
34.357705579790355,2047,2049
34.36161208412006,2012,2017
34.365518588449774,1987,1998
34.36942509277948,1970,1983
34.37333159710919,1975,1979
34.3772381014389,1984,1990
34.381144605768604,1985,1992
34.38505111009832,1978,1976
34.38895761442802,1956,1958
34.392864118757736,2000,1996
34.39677062308744,2026,2035
34.400677127417154,2045,2039
34.40458363174686,2093,2084
34.40849013607657,2097,2091
34.41239664040628,2111,2115
34.41630314473599,2113,2119
34.4202096490657,2102,2094
34.4241161533954,2103,2102
34.428022657725116,2112,2104
34.43192916205482,2089,2079
34.435835666384534,2076,2073
34.43974217071424,2038,2049
34.44364867504395,2018,2020
34.44755517937366,2015,2017
34.45146168370337,2039,2049
34.45536818803308,2030,2035
34.45927469236279,2018,2032
34.463181196692496,1983,1993
34.4670877010222,1963,1976
34.470994205351914,1939,1941
34.47490070968162,1951,1965
34.47880721401133,1951,1959
34.48271371834104,1959,1974
34.48662022267075,1953,1952
34.49052672700046,1958,1968
34.49443323133017,1983,1993
34.498339735659876,2041,2047
34.50224623998959,2084,2087
34.506152744319294,2095,2093
34.510059248649,2123,2118
34.51396575297871,2130,2121
34.51787225730842,2132,2127
34.52177876163813,2140,2131
34.52568526596784,2129,2122
34.52959177029755,2150,2141
34.533498274627256,2132,2115
34.53740477895697,2096,2096
34.541311283286674,2084,2077
34.54521778761639,2071,2065
34.54912429194609,2072,2068
34.5530307962758,2084,2075
34.55693730060551,2056,2049
34.56084380493522,2047,2048
34.56475030926493,2024,2033
34.568656813594636,1990,1995
34.57256331792435,1991,1991
34.576469822254055,1981,1988
34.58037632658377,1998,1999
34.58428283091347,2013,2010
34.588189335243186,1968,1964
34.59209583957289,1997,2003
34.5960023439026,2008,2008
34.59990884823231,2041,2042
34.603815352562016,2090,2084
34.60772185689173,2120,2116
34.611628361221435,2117,2107
34.61553486555115,2117,2109
34.61944136988085,2112,2109
34.623347874210566,2116,2109
34.62725437854027,2138,2128
34.631160882869985,2115,2113
34.63506738719969,2111,2110
34.638973891529396,2073,2070
34.64288039585911,2065,2073
34.646786900188815,2053,2045
34.65069340451853,2040,2025
34.65459990884823,2052,2055
34.658506413177946,2029,2022
34.66241291750765,2017,2022
34.666319421837365,2001,2001
34.67022592616707,1978,1988
34.67413243049678,1980,1990
34.67803893482649,1991,1996
34.681945439156195,1991,1996
34.68585194348591,2012,2022
34.68975844781561,2016,2020
34.693664952145326,2020,2010
34.69757145647503,2046,2046
34.701477960804745,2057,2040
34.70538446513445,2119,2112
34.70929096946416,2145,2129
34.71319747379387,2145,2131
34.71710397812358,2129,2116
34.72101048245329,2140,2127
34.72491698678299,2131,2132
34.728823491112706,2150,2137
34.73272999544241,2121,2107
34.736636499772125,2076,2073
34.74054300410183,2055,2052
34.74444950843154,2039,2033
34.74835601276125,2056,2044
34.75226251709096,2028,2035
34.75616902142067,2013,2019
34.76007552575038,2020,2023
34.763982030080086,2002,2001
34.76788853440979,1973,1982
34.771795038739505,1963,1972
34.77570154306921,1936,1952
34.77960804739892,1958,1956
34.78351455172863,1977,1974
34.78742105605834,1949,1963
34.79132756038805,1960,1963
34.79523406471776,1981,1988
34.799140569047466,2022,2033
34.80304707337718,2063,2050
34.806953577706885,2090,2090
34.81086008203659,2106,2095
34.814766586366304,2120,2118
34.81867309069601,2114,2106
34.82257959502572,2101,2086
34.82648609935543,2113,2110
34.83039260368514,2111,2115
34.83429910801485,2088,2089
34.83820561234456,2069,2069
34.842112116674265,2031,2035
34.84601862100397,2030,2030
34.849925125333684,2061,2051
34.85383162966339,2053,2052
34.8577381339931,2044,2036
34.86164463832281,2033,2027
34.86555114265252,1993,1992
34.86945764698223,1991,1997
34.87336415131194,1977,1972
34.877270655641645,1967,1971
34.88117715997136,1968,1971
34.885083664301064,1966,1981
34.88899016863077,1974,1978
34.89289667296048,1969,1968
34.89680317729019,2030,2034
34.9007096816199,2044,2051
34.90461618594961,2098,2087
34.90852269027932,2102,2101
34.912429194609025,2128,2126
34.91633569893874,2096,2095
34.920242203268444,2109,2118
34.92414870759816,2109,2111
34.92805521192786,2126,2102
34.93196171625757,2121,2111
34.93586822058728,2087,2077
34.93977472491699,2039,2038
34.9436812292467,2027,2033
34.947587733576405,2045,2058
34.95149423790612,2038,2038
34.955400742235824,2029,2029
34.95930724656554,2006,2005
34.96321375089524,2027,2028
34.967120255224955,1962,1961
34.97102675955466,1941,1939
34.97493326388437,1964,1978
34.97883976821408,1980,1988
34.982746272543785,1968,1981
34.9866527768735,1942,1939
34.990559281203204,1976,1983
34.99446578553292,1984,2003
34.99837228986262,2022,2016
35.002278794192335,2051,2057
35.00618529852204,2100,2084
35.010091802851754,2137,2130
35.01399830718146,2115,2097
35.017904811511166,2123,2116
35.02181131584088,2135,2127
35.025717820170584,2139,2127
35.0296243245003,2133,2128
35.03353082883,2129,2112
35.037437333159716,2134,2118
35.04134383748942,2073,2067
35.045250341819134,2063,2057
35.04915684614884,2063,2056
35.05306335047855,2076,2071
35.05696985480826,2068,2066
35.060876359137964,2040,2042
35.06478286346768,2012,2006
35.06868936779738,1971,1982
35.072595872127096,1988,1996
35.0765023764568,2016,2028
35.080408880786514,2021,2025
35.08431538511622,1980,1979
35.08822188944593,1990,1996
35.09212839377564,1986,1979
35.09603489810535,2006,2008
35.09994140243506,2053,2058
35.10384790676476,2084,2094
35.107754411094476,2098,2091
35.11166091542418,2119,2114
35.115567419753894,2130,2120
35.1194739240836,2128,2119
35.12338042841331,2135,2125
35.12728693274302,2120,2107
35.13119343707273,2108,2106
35.13509994140244,2096,2093
35.13900644573215,2082,2079
35.142912950061856,2079,2076
35.14681945439156,2045,2047
35.150725958721274,2028,2032
35.15463246305098,2045,2035
35.15853896738069,2032,2025
35.1624454717104,2033,2031
35.16635197604011,2008,2011
35.17025848036982,2007,2013
35.17416498469953,1989,1981
35.178071489029236,1974,1983
35.18197799335895,1986,1995
35.185884497688654,1987,1988
35.18979100201836,2001,2004
35.19369750634807,2017,2015
35.19760401067778,2023,2034
35.20151051500749,2076,2074
35.2054170193372,2119,2114
35.20932352366691,2123,2126
35.213230027996616,2131,2123
35.21713653232633,2121,2119
35.221043036656035,2115,2121
35.22494954098575,2150,2125
35.22885604531545,2125,2117
35.23276254964516,2120,2104
35.23666905397487,2083,2077
35.24057555830458,2065,2062
35.24448206263429,2063,2060
35.248388566963996,2049,2034
35.25229507129371,2027,2036
35.256201575623415,2024,2024
35.26010807995313,2008,2018
35.26401458428283,1976,1996
35.267921088612546,1975,1980
35.27182759294225,1965,1973
35.27573409727196,1953,1963
35.27964060160167,1968,1974
35.283547105931376,1981,1981
35.28745361026109,1980,1989
35.291360114590795,1948,1973
35.29526661892051,1986,1996
35.29917312325021,2043,2040
35.303079627579926,2078,2081
35.30698613190963,2079,2079
35.310892636239345,2096,2098
35.31479914056905,2086,2081
35.318705644898756,2119,2108
35.32261214922847,2115,2113
35.326518653558175,2093,2097
35.33042515788789,2120,2117
35.33433166221759,2106,2097
35.338238166547306,2069,2070
35.34214467087701,2036,2047
35.346051175206725,2041,2065
35.34995767953643,2018,2016
35.35386418386614,2052,2043
35.35777068819585,2050,2048
35.361677192525555,2015,2012
35.36558369685527,1992,2002
35.36949020118497,1982,2000
35.373396705514686,1985,1993
35.37730320984439,1971,1985
35.381209714174105,1964,1967
35.38511621850381,1982,1987
35.38902272283352,1961,1959
35.39292922716323,1973,1976
35.39683573149294,2025,2023
35.40074223582265,2056,2048
35.40464874015235,2080,2077
35.408555244482066,2133,2116
35.41246174881177,2105,2091
35.416368253141485,2111,2104
35.42027475747119,2110,2105
35.4241812618009,2134,2120
35.42808776613061,2104,2090
35.43199427046032,2093,2076
35.43590077479003,2072,2082
35.43980727911974,2039,2046
35.44371378344945,2042,2039
35.44762028777915,2025,2029
35.451526792108865,2013,2019
35.45543329643857,2017,2013
35.459339800768284,2007,2012
35.46324630509799,1986,1990
35.4671528094277,1971,1978
35.47105931375741,1955,1959
35.47496581808712,1974,1980
35.47887232241683,1951,1965
35.48277882674653,1995,1998
35.486685331076245,1976,1992
35.49059183540595,1989,1995
35.494498339735664,2001,2017
35.49840484406537,2038,2033
35.50231134839508,2080,2077
35.50621785272479,2125,2128
35.5101243570545,2137,2117
35.51403086138421,2138,2124
35.51793736571392,2135,2128
35.521843870043625,2135,2121
35.52575037437333,2123,2106
35.529656878703044,2140,2132
35.53356338303275,2112,2117
35.53746988736246,2118,2115
35.54137639169217,2068,2072
35.54528289602188,2042,2043
35.54918940035159,2076,2068
35.5530959046813,2071,2063
35.557002409011005,2073,2066
35.56090891334072,2058,2065
35.564815417670424,2026,2021
35.56872192200013,2015,2024
35.57262842632984,1991,1989
35.57653493065955,1972,1980
35.58044143498926,2011,2012
35.58434793931897,1972,1980
35.58825444364868,2003,2005
35.592160947978385,1995,1992
35.5960674523081,2031,2047
35.599973956637804,2063,2056
35.60388046096752,2092,2085
35.60778696529722,2143,2132
35.61169346962693,2105,2102
35.61559997395664,2113,2104
35.61950647828635,2121,2111
35.62341298261606,2134,2124
35.627319486945765,2120,2117
35.63122599127548,2096,2089
35.635132495605184,2114,2097
35.6390389999349,2066,2057
35.6429455042646,2053,2041
35.646852008594315,2016,2023
35.65075851292402,2046,2050
35.65466501725373,2035,2040
35.65857152158344,2045,2049
35.662478025913146,2055,2064
35.66638453024286,2002,1998
35.670291034572564,1981,1985
35.67419753890228,1976,1975
35.67810404323198,2007,2002
35.682010547561696,1990,1995
35.6859170518914,2001,2003
35.689823556221114,1995,1998
35.69373006055082,1991,2005
35.697636564880526,2038,2042
35.70154306921024,2086,2080
35.705449573539944,2134,2139
35.70935607786966,2139,2118
35.71326258219936,2134,2138
35.717169086529076,2118,2121
35.72107559085878,2123,2112
35.724982095188494,2140,2132
35.7288885995182,2122,2106
35.73279510384791,2117,2110
35.73670160817762,2083,2084
35.740608112507324,2053,2050
35.74451461683704,2059,2064
35.74842112116674,2021,2026
35.752327625496456,2044,2032
35.75623412982616,2043,2044
35.760140634155874,2024,2031
35.76404713848558,1982,1994
35.76795364281529,1971,1976
35.771860147145,1961,1961
35.77576665147471,1958,1969
35.77967315580442,1980,1987
35.78357966013412,1951,1964
35.787486164463836,1945,1955
35.79139266879354,1943,1966
35.795299173123254,1981,1982
35.79920567745296,1998,2005
35.80311218178267,2027,2044
35.80701868611238,2092,2092
35.81092519044209,2114,2114
35.8148316947718,2095,2094
35.81873819910151,2097,2095
35.822644703431216,2091,2075
35.82655120776092,2125,2123
35.830457712090634,2101,2100
35.83436421642034,2095,2096
35.83827072075005,2078,2069
35.84217722507976,2055,2055
35.84608372940947,2042,2055
35.84999023373918,2042,2042
35.85389673806889,2072,2069
35.857803242398596,2034,2028
35.86170974672831,2003,2009
35.865616251058015,2007,2014
35.86952275538772,1962,1969
35.87342925971743,1974,1988
35.87733576404714,1992,1990
35.88124226837685,1953,1963
35.88514877270656,1975,1980
35.88905527703627,1983,1999
35.892961781365976,1984,1980
35.89686828569569,2004,2003
35.900774790025395,2032,2029
35.90468129435511,2093,2089
35.90858779868481,2107,2094
35.91249430301452,2120,2114
35.91640080734423,2113,2111
35.92030731167394,2097,2096
35.92421381600365,2092,2085
35.928120320333356,2093,2098
35.93202682466307,2122,2103
35.935933328992775,2066,2063
35.93983983332249,2044,2035
35.94374633765219,2013,2009
35.947652841981906,2012,2010
35.95155934631161,2025,2031
35.95546585064132,2019,2016
35.95937235497103,1991,1988
35.963278859300736,2007,2011
35.96718536363045,1955,1968
35.971091867960155,1996,1993
35.97499837228987,1957,1973
35.97890487661957,1977,2000
35.982811380949286,1965,1964
35.98671788527899,1967,1964
35.990624389608705,1959,1973
35.99453089393841,2011,2013
35.998437398268116,2057,2059
36.00234390259783,2065,2062
36.006250406927535,2115,2108
36.01015691125725,2125,2126
36.01406341558695,2109,2108
36.017969919916666,2166,2152
36.02187642424637,2133,2118
36.025782928576085,2132,2127
36.02968943290579,2130,2136
36.0335959372355,2123,2121
36.03750244156521,2093,2083
36.041408945894915,2075,2075
36.04531545022463,2064,2048
36.04922195455433,2052,2054
36.053128458884046,2088,2092
36.05703496321375,2050,2048
36.060941467543465,2024,2031
36.06484797187317,2039,2036
36.06875447620288,1982,1980
36.07266098053259,1997,2003
36.0765674848623,2002,2012
36.08047398919201,1983,1989
36.084380493521714,1993,2001
36.08828699785143,1990,1991
36.09219350218113,1972,1971
36.096100006510845,2003,2017
36.10000651084055,2040,2047
36.103913015170264,2095,2095
36.10781951949997,2098,2090
36.11172602382968,2122,2116
36.11563252815939,2115,2110
36.119539032489094,2139,2126
36.12344553681881,2131,2132
36.12735204114851,2126,2119
36.131258545478225,2112,2105
36.13516504980793,2084,2073
36.139071554137644,2071,2068
36.14297805846735,2057,2057
36.14688456279706,2055,2051
36.15079106712677,2035,2028
36.15469757145648,2031,2027
36.15860407578619,2065,2059
36.16251058011589,2023,2033
36.166417084445605,2010,2012
36.17032358877531,1984,1994
36.174230093105024,2010,2019
36.17813659743473,1985,1994
36.18204310176444,1996,1997
36.18594960609415,2005,2000
36.18985611042386,2008,2017
36.19376261475357,2035,2041
36.19766911908328,2049,2030
36.201575623412985,2061,2061
36.20548212774269,2107,2103
36.209388632072404,2149,2139
36.21329513640211,2128,2115
36.21720164073182,2134,2126
36.22110814506153,2157,2144
36.22501464939124,2120,2112
36.22892115372095,2129,2114
36.23282765805066,2098,2087
36.236734162380365,2100,2094
36.24064066671008,2078,2071
36.244547171039784,2051,2042
36.24845367536949,2062,2063
36.2523601796992,2031,2029
36.25626668402891,2048,2060
36.26017318835862,2016,2016
36.26407969268833,1996,2004
36.26798619701804,1991,1991
36.271892701347745,1948,1959
36.27579920567746,1950,1969
36.279705710007164,1962,1970
36.28361221433688,1941,1949
36.28751871866658,1972,1975
36.29142522299629,1967,1978
36.295331727326,1991,1994
36.29923823165571,2018,2021
36.30314473598542,2073,2072
36.307051240315126,2047,2049
36.31095774464484,2096,2099
36.314864248974544,2109,2109
36.31877075330426,2095,2090
36.32267725763396,2109,2106
36.326583761963676,2120,2107
36.33049026629338,2124,2125
36.33439677062309,2070,2069
36.3383032749528,2056,2052
36.342209779282506,2043,2036
36.34611628361222,2033,2040
36.350022787941924,2031,2028
36.35392929227164,2042,2035
36.35783579660134,2038,2047
36.361742300931056,2028,2023
36.36564880526076,1993,1998
36.369555309590474,1997,2005
36.37346181392018,1986,1994
36.377368318249886,1967,1986
36.3812748225796,1985,1994
36.385181326909304,1988,1998
36.38908783123902,1975,1977
36.39299433556872,1983,1999
36.396900839898436,2019,2024
36.40080734422814,2064,2071
36.404713848557854,2094,2085
36.40862035288756,2078,2059
36.41252685721727,2121,2108
36.41643336154698,2114,2107
36.420339865876684,2091,2090
36.4242463702064,2098,2103
36.4281528745361,2097,2091
36.432059378865816,2121,2109
36.43596588319552,2085,2071
36.439872387525234,2054,2050
36.44377889185494,2022,2027
36.44768539618465,2025,2024
36.45159190051436,2045,2047
36.45549840484407,2034,2027
36.45940490917378,2051,2054
36.46331141350348,1999,2002
36.467217917833196,1944,1946
36.4711244221629,1954,1964
36.475030926492614,1961,1966
36.47893743082232,1964,1963
36.48284393515203,1964,1977
36.48675043948174,1982,1976
36.49065694381145,1960,1965
36.49456344814116,2013,2008
36.49846995247087,2046,2035
36.502376456800576,2068,2062
36.50628296113028,2107,2095
36.510189465459995,2136,2133
36.5140959697897,2125,2119
36.51800247411941,2121,2113
36.52190897844912,2104,2108
36.52581548277883,2133,2125
36.52972198710854,2152,2140
36.53362849143825,2109,2104
36.537534995767956,2117,2112
36.54144150009767,2076,2079
36.545348004427375,2055,2054
36.54925450875708,2084,2073
36.55316101308679,2056,2054
36.5570675174165,2064,2059
36.56097402174621,2020,2024
36.56488052607592,2029,2023
36.56878703040563,2004,2009
36.572693534735336,1984,1985
36.57660003906505,1994,1993
36.580506543394755,1996,2001
36.58441304772447,2000,2004
36.58831955205417,1968,1963
36.59222605638388,1988,1994
36.59613256071359,2028,2031
36.6000390650433,2070,2063
36.60394556937301,2083,2077
36.607852073702716,2088,2079
36.61175857803243,2116,2109
36.615665082362135,2105,2102
36.61957158669185,2114,2098
36.62347809102155,2124,2127
36.627384595351266,2134,2129
36.63129109968097,2110,2098
36.63519760401068,2077,2075
36.63910410834039,2063,2055
36.643010612670096,2056,2050
36.64691711699981,2022,2022
36.650823621329515,2034,2034
36.65473012565923,2070,2058
36.65863662998893,2040,2039
36.662543134318646,2020,2025
36.66644963864835,2003,2006
36.670356142978065,1992,1996
36.67426264730777,1993,1997
36.678169151637476,2006,2004
36.68207565596719,2016,2017
36.685982160296895,1998,1998
36.68988866462661,1998,1998
36.69379516895631,2018,2009
36.697701673286026,2029,2042
36.70160817761573,2082,2074
36.705514681945445,2120,2112
36.70942118627515,2125,2124
36.71332769060486,2134,2125
36.71723419493457,2146,2137
36.721140699264275,2139,2132
36.72504720359399,2152,2134
36.728953707923694,2133,2121
36.73286021225341,2115,2102
36.73676671658311,2100,2099
36.740673220912825,2055,2048
36.74457972524253,2061,2064
36.748486229572244,2051,2055
36.75239273390195,2038,2041
36.756299238231655,2029,2031
36.76020574256137,2006,2026
36.764112246891074,1991,2010
36.76801875122079,1974,1984
36.77192525555049,1962,1971
36.775831759880205,1976,1981
36.77973826420991,1952,1962
36.783644768539624,1970,1977
36.78755127286933,1963,1971
36.79145777719904,1944,1953
36.79536428152875,2006,2007
36.799270785858454,2012,2016
36.80317729018817,2074,2061
36.80708379451787,2093,2088
36.810990298847585,2099,2093
36.81489680317729,2093,2094
36.818803307507004,2117,2101
36.82270981183671,2089,2088
36.82661631616642,2125,2127
36.83052282049613,2101,2092
36.83442932482584,2080,2083
36.83833582915555,2069,2067
36.84224233348525,2056,2051
36.846148837814965,2041,2041
36.85005534214467,2054,2048
36.853961846474384,2047,2061
36.85786835080409,2045,2042
36.8617748551338,2008,2012
36.86568135946351,2000,2012
36.86958786379322,1961,1979
36.87349436812293,1942,1952
36.87740087245264,1973,1992
36.881307376782345,1986,1987
36.88521388111205,1977,1984
36.889120385441764,1975,1979
36.89302688977147,1994,1993
36.89693339410118,1997,2005
36.90083989843089,2038,2030
36.9047464027606,2099,2098
36.90865290709031,2124,2114
36.91255941142002,2127,2131
36.916465915749725,2104,2091
36.92037242007944,2099,2078
36.924278924409144,2124,2121
36.92818542873885,2083,2078
36.93209193306856,2112,2115
36.93599843739827,2064,2058
36.93990494172798,2056,2051
36.94381144605769,2032,2026
36.9477179503874,2016,2029
36.951624454717106,2008,2010
36.95553095904682,2008,2012
36.959437463376524,2011,2024
36.96334396770624,1991,1995
36.96725047203594,1974,1978
36.97115697636565,1971,1974
36.97506348069536,1941,1944
36.97896998502507,1960,1962
36.98287648935478,1950,1958
36.986782993684486,1968,1967
36.9906894980142,1995,1996
36.994596002343904,1992,1996
36.99850250667362,2020,2018
37.00240901100332,2058,2045
37.006315515333036,2120,2122
37.01022201966274,2123,2125
37.01412852399245,2132,2130
37.01803502832216,2141,2127
37.021941532651866,2117,2106
37.02584803698158,2143,2123
37.029754541311284,2132,2122
37.033661045641,2108,2105
37.0375675499707,2086,2092
37.041474054300416,2083,2083
37.04538055863012,2031,2036
37.049287062959834,2077,2074
37.05319356728954,2069,2058
37.057100071619246,2060,2056
37.06100657594896,2055,2058
37.064913080278664,2043,2037
37.06881958460838,1993,1995
37.07272608893808,1981,1988
37.076632593267796,1990,2005
37.0805390975975,1994,2006
37.084445601927214,1995,2003
37.08835210625692,1974,1985
37.09225861058663,2009,2018
37.09616511491634,2010,2010
37.100071619246044,2053,2051
37.10397812357576,2091,2086
37.10788462790546,2135,2130
37.111791132235176,2112,2108
37.11569763656488,2097,2095
37.119604140894594,2109,2105
37.1235106452243,2127,2123
37.12741714955401,2134,2128
37.13132365388372,2105,2102
37.13523015821343,2104,2095
37.13913666254314,2088,2084
37.14304316687284,2072,2066
37.146949671202556,2062,2058
37.15085617553226,2037,2042
37.154762679861975,2076,2078
37.15866918419168,2051,2059
37.16257568852139,2009,2022
37.1664821928511,2008,2013
37.17038869718081,2010,2008
37.17429520151052,1991,1990
37.17820170584023,2015,2013
37.182108210169936,1990,2005
37.18601471449964,2006,2011
37.189921218829355,2009,2009
37.19382772315906,2016,2004
37.19773422748877,2034,2036
37.20164073181848,2067,2052
37.20554723614819,2114,2105
37.2094537404779,2137,2131
37.21336024480761,2123,2129
37.217266749137316,2126,2116
37.22117325346703,2136,2141
37.225079757796735,2153,2138
37.22898626212644,2146,2130
37.23289276645615,2112,2103
37.23679927078586,2115,2105
37.24070577511557,2072,2065
37.24461227944528,2045,2045
37.24851878377499,2050,2051
37.252425288104696,2042,2029
37.25633179243441,2054,2052
37.260238296764115,2027,2027
37.26414480109383,1995,2004
37.26805130542353,1966,1977
37.27195780975324,1948,1966
37.27586431408295,1938,1954
37.27977081841266,1941,1955
37.28367732274237,1942,1948
37.287583827072076,1963,1977
37.29149033140179,1952,1959
37.295396835731495,1983,1970
37.29930334006121,2016,2022
37.30320984439091,2058,2058
37.307116348720626,2077,2069
37.31102285305033,2090,2086
37.31492935738004,2108,2112
37.31883586170975,2096,2104
37.322742366039456,2115,2119
37.32664887036917,2101,2101
37.330555374698875,2124,2111
37.33446187902859,2103,2088
37.338368383358294,2046,2051
37.342274887688006,2042,2049
37.34618139201771,2068,2058
37.35008789634742,2043,2033
37.35399440067713,2061,2065
37.35790090500684,2049,2055
37.36180740933655,2009,2014
37.365713913666255,2002,2012
37.36962041799597,1976,1988
37.373526922325674,1987,2006
37.37743342665539,1971,1976
37.38133993098509,1961,1970
37.385246435314805,1959,1963
37.38915293964451,1950,1967
37.39305944397422,1973,1982
37.39696594830393,2018,2028
37.400872452633635,2054,2057
37.40477895696335,2064,2067
37.408685461293054,2120,2111
37.41259196562277,2129,2121
37.41649846995247,2106,2107
37.420404974282185,2135,2133
37.42431147861189,2107,2101
37.428217982941604,2107,2107
37.43212448727131,2079,2078
37.436030991601015,2084,2085
37.43993749593073,2044,2047
37.443844000260434,2048,2045
37.44775050459015,2023,2033
37.45165700891985,2032,2036
37.455563513249565,2003,2009
37.45947001757927,1990,1995
37.463376521908984,1993,1991
37.46728302623869,1976,1980
37.4711895305684,1964,1968
37.47509603489811,1969,1973
37.479002539227814,1974,1992
37.48290904355753,1982,1986
37.48681554788723,1985,1995
37.490722052216945,1989,1999
37.49462855654665,1980,1988
37.498535060876364,2026,2022
37.50244156520607,2099,2094
37.50634806953578,2113,2105
37.51025457386549,2145,2125
37.5141610781952,2133,2123
37.51806758252491,2146,2136
37.52197408685461,2143,2135
37.525880591184325,2138,2122
37.52978709551403,2107,2098
37.533693599843744,2133,2127
37.53760010417345,2106,2106
37.54150660850316,2065,2069
37.54541311283287,2057,2058
37.54931961716258,2059,2054
37.55322612149229,2080,2082
37.557132625822,2086,2075
37.561039130151705,2052,2057
37.56494563448141,2045,2031
37.568852138811124,1989,1987
37.57275864314083,1980,1991
37.57666514747054,2006,2008
37.58057165180025,1994,1996
37.58447815612996,1987,1987
37.58838466045967,1980,1987
37.59229116478938,2010,2015
37.596197669119086,2013,2015
37.6001041734488,2054,2049
37.604010677778504,2069,2071
37.60791718210821,2117,2111
37.61182368643792,2115,2113
37.61573019076763,2138,2126
37.61963669509734,2108,2095
37.62354319942705,2137,2125
37.62744970375676,2137,2127
37.631356208086466,2104,2100
37.63526271241618,2105,2092
37.639169216745884,2103,2101
37.6430757210756,2068,2077
37.6469822254053,2062,2054
37.65088872973501,2035,2035
37.65479523406472,2046,2044
37.65870173839443,2058,2052
37.66260824272414,2045,2043
37.666514747053846,1986,1980
37.67042125138356,2003,2008
37.674327755713264,1996,1985
37.67823426004298,1992,2006
37.68214076437268,1988,1993
37.686047268702396,1984,1984
37.6899537730321,1999,2001
37.69386027736181,2009,2014
37.69776678169152,2049,2050
37.701673286021226,2079,2080
37.70557979035094,2089,2092
37.709486294680644,2131,2117
37.71339279901036,2137,2124
37.71729930334006,2147,2146
37.721205807669776,2125,2116
37.72511231199948,2111,2109
37.729018816329194,2120,2109
37.7329253206589,2123,2123
37.736831824988606,2093,2086
37.74073832931832,2068,2065
37.744644833648024,2050,2050
37.74855133797774,2030,2034
37.75245784230744,2049,2049
37.756364346637156,2040,2042
37.76027085096686,2025,2038
37.764177355296574,1982,1991
37.76808385962628,1989,1989
37.77199036395599,1954,1966
37.7758968682857,1967,1988
37.779803372615405,1961,1968
37.78370987694512,1947,1956
37.78761638127482,1962,1966
37.791522885604536,1952,1965
37.79542938993424,1992,2006
37.799335894263955,2024,2023
37.80324239859366,2058,2052
37.80714890292337,2080,2061
37.81105540725308,2110,2109
37.81496191158279,2107,2101
37.8188684159125,2099,2098
37.8227749202422,2128,2121
37.826681424571916,2095,2080
37.83058792890162,2133,2128
37.834494433231335,2089,2086
37.83840093756104,2066,2062
37.84230744189075,2049,2049
37.84621394622046,2037,2046
37.85012045055017,2041,2038
37.85402695487988,2037,2029
37.85793345920959,2015,2018
37.861839963539296,2021,2034
37.865746467869,2001,2008
37.869652972198715,1982,1989
37.87355947652842,1974,1982
37.87746598085813,2004,2006
37.88137248518784,1989,2003
37.88527898951755,1962,1970
37.88918549384726,1989,1990
37.89309199817697,1988,1995
37.896998502506676,2026,2021
37.90090500683639,2032,2037
37.904811511166095,2111,2097
37.9087180154958,2104,2095
37.91262451982551,2100,2092
37.91653102415522,2092,2093
37.92043752848493,2115,2105
37.92434403281464,2134,2110
37.92825053714435,2116,2106
37.932157041474056,2109,2092
37.93606354580377,2046,2033
37.939970050133475,2055,2045
37.94387655446319,2035,2041
37.94778305879289,2031,2040
37.9516895631226,2035,2032
37.95559606745231,2035,2038
37.95950257178202,2024,2032
37.96340907611173,1973,1981
37.967315580441436,1943,1952
37.97122208477115,1934,1933
37.975128589100855,1955,1962
37.97903509343057,1977,1978
37.982941597760274,1945,1969
37.98684810208998,1942,1933
37.99075460641969,1975,1984
37.9946611107494,1993,2011
37.99856761507911,2009,2009
38.00247411940882,2078,2082
38.00638062373853,2127,2108
38.010287128068235,2106,2097
38.01419363239795,2139,2135
38.018100136727654,2103,2082
38.02200664105737,2125,2119
38.02591314538707,2151,2138
38.02981964971678,2117,2107
38.03372615404649,2144,2144
38.0376326583762,2091,2081
38.04153916270591,2068,2061
38.045445667035615,2055,2055
38.04935217136533,2066,2065
38.053258675695034,2100,2093
38.05716518002475,2068,2060
38.06107168435445,2025,2025
38.064978188684165,1993,1982
38.06888469301387,2002,2012
38.07279119734358,1985,1990
38.07669770167329,2000,2022
38.080604206002995,1989,1975
38.08451071033271,2001,2011
38.088417214662414,2000,1999
38.09232371899213,2002,2005
38.09623022332183,2006,2008
38.100136727651545,2067,2068
38.10404323198125,2102,2101
38.107949736310964,2109,2097
38.11185624064067,2125,2112
38.115762744970375,2121,2115
38.11966924930009,2119,2110
38.123575753629794,2115,2118
38.12748225795951,2122,2112
38.13138876228921,2117,2109
38.135295266618925,2088,2089
38.13920177094863,2050,2042
38.143108275278344,2057,2063
38.14701477960805,2059,2069
38.15092128393776,2048,2053
38.15482778826747,2071,2072
38.158734292597174,2052,2057
38.16264079692689,2018,2028
38.16654730125659,2009,2018
38.170453805586305,1978,1983
38.17436030991601,1992,2000
38.178266814245724,1988,2001
38.18217331857543,1985,1992
38.18607982290514,1977,1990
38.18998632723485,2013,2016
38.19389283156456,2015,2030
38.19779933589427,2052,2051
38.20170584022397,2086,2077
38.205612344553685,2118,2108
38.20951884888339,2122,2104
38.213425353213104,2119,2105
38.21733185754281,2116,2113
38.22123836187252,2132,2113
38.22514486620223,2134,2119
38.22905137053194,2126,2117
38.23295787486165,2098,2095
38.23686437919136,2113,2110
38.240770883521066,2072,2066
38.24467738785077,2052,2050
38.248583892180484,2040,2033
38.25249039651019,2046,2052
38.2563969008399,2073,2073
38.26030340516961,2031,2029
38.26420990949932,1988,1996
38.26811641382903,1959,1981
38.27202291815874,1943,1957
38.275929422488446,1949,1951
38.27983592681816,1984,1990
38.283742431147864,1982,1988
38.28764893547757,1941,1958
38.29155543980728,1971,1978
38.29546194413699,1979,1984
38.2993684484667,2020,2024
38.30327495279641,2046,2042
38.30718145712612,2089,2080
38.311087961455826,2108,2096
38.31499446578554,2102,2093
38.318900970115244,2134,2136
38.32280747444496,2083,2074
38.32671397877466,2115,2116
38.33062048310437,2097,2090
38.33452698743408,2077,2074
38.33843349176379,2055,2058
38.3423399960935,2040,2039
38.346246500423206,2060,2059
38.35015300475292,2062,2065
38.354059509082624,2042,2051
38.35796601341234,2023,2019
38.36187251774204,2006,2001
38.365779022071756,1981,1987
38.36968552640146,1971,1983
38.37359203073117,1985,1989
38.37749853506088,1975,1973
38.381405039390586,1980,1992
38.3853115437203,1986,1991
38.389218048050004,1979,1987
38.39312455237972,1984,1985
38.39703105670942,2020,2016
38.400937561039136,2061,2056
38.40484406536884,2087,2079
38.408750569698555,2100,2107
38.41265707402826,2090,2071
38.416563578357966,2120,2121
38.42047008268768,2112,2102
38.424376587017385,2117,2121
38.4282830913471,2091,2089
38.4321895956768,2101,2098
38.436096100006516,2071,2063
38.44000260433622,2042,2049
38.443909108665935,2037,2037
38.44781561299564,2025,2028
38.45172211732535,2020,2017
38.45562862165506,2037,2049
38.459535125984765,2019,2017
38.46344163031448,2002,2011
38.46734813464418,1985,1987
38.471254638973896,1918,1946
38.4751611433036,1958,1957
38.479067647633315,1954,1968
38.48297415196302,1968,1978
38.48688065629273,1961,1976
38.49078716062244,1978,1989
38.49469366495215,1979,1990
38.49860016928186,2027,2037
38.50250667361156,2072,2062
38.506413177941276,2089,2085
38.51031968227098,2126,2115
38.514226186600695,2135,2130
38.5181326909304,2148,2135
38.52203919526011,2143,2132
38.52594569958982,2144,2140
38.52985220391953,2136,2115
38.53375870824924,2125,2107
38.53766521257895,2090,2087
38.541571716908656,2087,2089
38.54547822123836,2051,2051
38.549384725568075,2079,2082
38.55329122989778,2063,2071
38.55719773422749,2063,2055
38.5611042385572,2044,2036
38.56501074288691,2012,2023
38.56891724721662,1999,2007
38.57282375154633,1974,1979
38.576730255876036,1992,1997
38.58063676020575,1989,1997
38.584543264535455,1967,1967
38.58844976886516,1975,1974
38.59235627319487,1995,2005
38.59626277752458,2016,2023
38.60016928185429,2078,2073
38.604075786184,2099,2094
38.60798229051371,2122,2109
38.611888794843416,2115,2117
38.61579529917313,2098,2084
38.619701803502835,2128,2106
38.62360830783254,2109,2096
38.627514812162254,2114,2110
38.63142131649196,2112,2101
38.63532782082167,2104,2098
38.63923432515138,2079,2078
38.64314082948109,2054,2054
38.6470473338108,2054,2054
38.65095383814051,2044,2041
38.654860342470215,2058,2059
38.65876684679993,2040,2044
38.662673351129634,2017,2018
38.66657985545934,1962,1983
38.67048635978905,1973,1970
38.67439286411876,2002,2011
38.67829936844847,1989,1981
38.68220587277818,1981,1980
38.68611237710789,2020,2033
38.690018881437595,1991,2002
38.69392538576731,1985,1996
38.697831890097014,2046,2037
38.70173839442673,2088,2096
38.70564489875643,2107,2096
38.70955140308614,2124,2107
38.71345790741585,2119,2113
38.71736441174556,2145,2139
38.72127091607527,2133,2126
38.725177420404975,2123,2111
38.72908392473469,2107,2105
38.732990429064394,2121,2109
38.73689693339411,2083,2079
38.74080343772381,2102,2097
38.744709942053525,2065,2061
38.74861644638323,2042,2043
38.75252295071294,2037,2050
38.75642945504265,2044,2038
38.760335959372355,2018,2022
38.76424246370207,1993,1999
38.768148968031774,1990,1995
38.77205547236149,1962,1965
38.77596197669119,1960,1971
38.779868481020905,1969,1979
38.78377498535061,1954,1964
38.787681489680324,1961,1970
38.79158799401003,1959,1968
38.795494498339735,1964,1974
38.79940100266945,2010,2014
38.803307506999154,2066,2063
38.80721401132887,2081,2078
38.81112051565857,2103,2103
38.815027019988285,2122,2123
38.81893352431799,2109,2101
38.822840028647704,2111,2102
38.82674653297741,2119,2112
38.83065303730712,2104,2105
38.83455954163683,2074,2080
38.838466045966534,2059,2066
38.84237255029625,2059,2055
38.84627905462595,2032,2037
38.850185558955665,2047,2046
38.85409206328537,2044,2052
38.857998567615084,2037,2038
38.86190507194479,2025,2029
38.8658115762745,1987,1996
38.86971808060421,1961,1978
38.87362458493392,1968,1971
38.87753108926363,1976,1986
38.88143759359333,1987,1986
38.885344097923046,1971,1986
38.88925060225275,1969,1982
38.893157106582464,1992,1998
38.89706361091217,2039,2049
38.90097011524188,2049,2045
38.90487661957159,2085,2068
38.9087831239013,2095,2083
38.91268962823101,2106,2097
38.91659613256072,2119,2109
38.920502636890426,2100,2113
38.92440914122013,2120,2122
38.928315645549844,2113,2101
38.93222214987955,2087,2079
38.93612865420926,2070,2074
38.94003515853897,2027,2027
38.94394166286868,2019,2026
38.94784816719839,2006,2015
38.9517546715281,2018,2019
38.955661175857806,2006,2023
38.95956768018752,2015,2014
38.963474184517224,1993,1998
38.96738068884693,1968,1970
38.97128719317664,1951,1955
38.97519369750635,1940,1947
38.97910020183606,1963,1970
38.98300670616577,1980,1976
38.98691321049548,1969,1972
38.990819714825186,1978,1979
38.9947262191549,2016,2013
38.998632723484604,2001,1999
39.00253922781432,2082,2083
39.00644573214402,2094,2087
39.01035223647373,2104,2093
39.01425874080344,2103,2088
39.01816524513315,2152,2134
39.02207174946286,2123,2117
39.025978253792566,2122,2113
39.02988475812228,2154,2141
39.033791262451984,2118,2115
39.0376977667817,2111,2100
39.0416042711114,2086,2098
39.045510775441116,2077,2075
39.04941727977082,2065,2064
39.05332378410053,2062,2062
39.05723028843024,2045,2042
39.061136792759946,2032,2032
39.06504329708966,2018,2016
39.068949801419365,1974,1974
39.07285630574908,2002,2008
39.07676281007878,1993,1999
39.080669314408496,1985,1984
39.0845758187382,1984,1994
39.088482323067915,1981,1986
39.09238882739762,2006,2004
39.096295331727326,2028,2029
39.10020183605704,2032,2036
39.104108340386745,2100,2092
39.10801484471646,2102,2093
39.11192134904616,2093,2093
39.115827853375876,2115,2106
39.11973435770558,2138,2133
39.123640862035295,2137,2125
39.127547366365,2137,2135
39.13145387069471,2121,2112
39.13536037502442,2104,2098
39.139266879354125,2080,2079
39.14317338368384,2051,2049
39.14707988801354,2056,2050
39.150986392343256,2043,2042
39.15489289667296,2052,2055
39.158799401002675,2035,2032
39.16270590533238,2017,2021
39.16661240966209,1990,2003
39.1705189139918,1990,1990
39.17442541832151,1989,2003
39.17833192265122,1998,1998
39.18223842698092,1992,1996
39.186144931310636,1993,2000
39.19005143564034,1975,1997
39.193957939970055,2023,2035
39.19786444429976,2033,2037
39.20177094862947,2073,2059
39.20567745295918,2108,2091
39.20958395728889,2122,2117
39.2134904616186,2140,2135
39.21739696594831,2160,2155
39.221303470278016,2120,2116
39.22520997460772,2127,2112
39.229116478937435,2129,2123
39.23302298326714,2105,2098
39.23692948759685,2075,2076
39.24083599192656,2067,2063
39.24474249625627,2033,2030
39.24864900058598,2051,2050
39.25255550491569,2048,2060
39.256462009245396,2039,2029
39.2603685135751,2007,2008
39.264275017904815,2001,2005
39.26818152223452,1952,1959
39.272088026564234,1969,1978
39.27599453089394,1972,1981
39.27990103522365,1969,1981
39.28380753955336,1980,1996
39.28771404388307,1956,1964
39.29162054821278,1968,1976
39.29552705254249,1994,2000
39.299433556872195,2008,2017
39.3033400612019,2064,2056
39.307246565531614,2089,2095
39.31115306986132,2090,2084
39.31505957419103,2125,2127
39.31896607852074,2086,2081
39.32287258285045,2112,2107
39.32677908718016,2116,2105
39.33068559150987,2105,2094
39.334592095839575,2085,2077
39.33849860016929,2067,2064
39.342405104498994,2047,2063
39.3463116088287,2068,2061
39.35021811315841,2054,2048
39.35412461748812,2049,2049
39.35803112181783,2037,2036
39.36193762614754,2000,1994
39.36584413047725,1976,1983
39.369750634806955,1982,1984
39.37365713913667,1984,2007
39.377563643466374,1971,1976
39.38147014779609,1977,1981
39.38537665212579,1993,2002
39.3892831564555,1981,2002
39.39318966078521,1999,1999
39.39709616511492,2016,2022
39.40100266944463,2059,2054
39.404909173774335,2099,2100
39.40881567810405,2102,2098
39.412722182433754,2118,2112
39.41662868676347,2130,2126
39.42053519109317,2111,2108
39.424441695422885,2108,2096
39.42834819975259,2114,2105
39.4322547040823,2088,2080
39.43616120841201,2084,2077
39.440067712741715,2051,2044
39.44397421707143,2024,2028
39.447880721401134,2011,2016
39.45178722573085,2019,2028
39.45569373006055,2033,2036
39.459600234390265,2019,2024
39.46350673871997,1995,2004
39.467413243049684,1969,1981
39.47131974737939,1963,1961
39.475226251709095,1972,1979
39.47913275603881,1994,1995
39.483039260368514,1963,1969
39.48694576469823,1946,1953
39.49085226902793,1966,1991
39.494758773357646,1991,2002
39.49866527768735,2012,2016
39.502571782017064,2079,2078
39.50647828634677,2088,2083
39.51038479067648,2129,2122
39.51429129500619,2133,2115
39.518197799335894,2118,2117
39.52210430366561,2119,2097
39.52601080799531,2120,2116
39.529917312325026,2139,2133
39.53382381665473,2118,2109
39.537730320984444,2114,2116
39.54163682531415,2039,2032
39.54554332964386,2047,2043
39.54944983397357,2066,2065
39.55335633830328,2081,2078
39.55726284263299,2053,2053
39.56116934696269,2050,2056
39.565075851292406,2020,2014
39.56898235562211,1992,2005
39.572888859951824,1997,2004
39.57679536428153,1959,1979
39.58070186861124,1980,1986
39.58460837294095,1996,2002
39.58851487727066,1995,1991
39.59242138160037,2009,2012
39.59632788593008,1998,2003
39.600234390259786,2036,2034
39.60414089458949,2088,2087
39.608047398919204,2110,2097
39.61195390324891,2108,2100
39.61586040757862,2114,2113
39.61976691190833,2121,2110
39.62367341623804,2107,2102
39.62757992056775,2163,2145
39.63148642489746,2116,2121
39.635392929227166,2094,2098
39.63929943355688,2067,2069
39.643205937886584,2055,2045
39.64711244221629,2065,2065
39.651018946546,2030,2021
39.65492545087571,2067,2058
39.65883195520542,2062,2068
39.66273845953513,2012,2009
39.66664496386484,1992,1996
39.670551468194546,1970,1982
39.67445797252426,1982,1995
39.678364476853965,1994,1998
39.68227098118368,2006,2011
39.68617748551338,2014,2017
39.69008398984309,2008,2017
39.6939904941728,2024,2030
39.69789699850251,2060,2057
39.70180350283222,2068,2056
39.705710007161926,2124,2117
39.70961651149164,2144,2134
39.713523015821345,2135,2130
39.71742952015106,2132,2120
39.72133602448076,2140,2130
39.725242528810476,2145,2138
39.72914903314018,2121,2112
39.73305553746989,2129,2131
39.7369620417996,2078,2067
39.740868546129306,2048,2038
39.74477505045902,2053,2055
39.748681554788725,2068,2064
39.75258805911844,2030,2039
39.75649456344814,2030,2042
39.760401067777856,2018,2018
39.76430757210756,2002,2013
39.768214076437275,1968,1973
39.77212058076698,1971,1974
39.776027085096686,1940,1942
39.7799335894264,1964,1967
39.783840093756105,1963,1966
39.78774659808582,1952,1964
39.79165310241552,1952,1963
39.795559606745236,2009,2009
39.79946611107494,2025,2022
39.803372615404655,2061,2060
39.80727911973436,2085,2077
39.81118562406407,2103,2101
39.81509212839378,2095,2090
39.818998632723485,2112,2096
39.8229051370532,2091,2090
39.8268116413829,2113,2106
39.830718145712616,2094,2091
39.83462465004232,2105,2104
39.838531154372035,2086,2084
39.84243765870174,2045,2043
39.84634416303145,2043,2040
39.85025066736116,2025,2032
39.854157171690865,2049,2044
39.85806367602058,2038,2040
39.86197018035028,2009,2011
39.865876684679996,1993,2001
39.8697831890097,1977,1989
39.873689693339415,1977,1987
39.87759619766912,1966,1977
39.88150270199883,1981,1982
39.88540920632854,1963,1981
39.88931571065825,1972,1988
39.89322221498796,1985,1995
39.897128719317664,2020,2024
39.901035223647376,2048,2050
39.90494172797708,2089,2079
39.908848232306795,2114,2102
39.9127547366365,2097,2081
39.916661240966214,2132,2119
39.92056774529592,2113,2106
39.92447424962563,2090,2092
39.92838075395534,2114,2096
39.93228725828505,2109,2101
39.93619376261476,2066,2071
39.94010026694446,2022,2019
39.944006771274175,2033,2028
39.94791327560388,2031,2037
39.951819779933594,2027,2024
39.9557262842633,2039,2034
39.95963278859301,2021,2016
39.96353929292272,1971,1981
39.96744579725243,1976,1985
39.97135230158214,1970,1976
39.97525880591185,1995,2004
39.979165310241555,1970,1977
39.98307181457126,1982,1981
39.986978318900974,1978,1980
39.99088482323068,1989,1999
39.99479132756039,1996,2004
39.9986978318901,2026,2017
40.00260433621981,2079,2075
40.00651084054952,2098,2090
40.01041734487923,2119,2114
40.014323849208935,2125,2120
40.01823035353865,2112,2094
40.022136857868354,2120,2111
40.02604336219806,2126,2117
40.02994986652777,2114,2106
40.03385637085748,2104,2094
40.03776287518719,2082,2075
40.0416693795169,2045,2043
40.04557588384661,2078,2075
40.049482388176315,2073,2076
40.05338889250603,2075,2075
40.057295396835734,2043,2042
40.06120190116545,2036,2032
40.06510840549515,1995,2005
40.06901490982486,1973,1970
40.07292141415457,1983,1996
40.07682791848428,1984,1988
40.08073442281399,2016,2022
40.084640927143695,1975,1972
40.08854743147341,1981,1995
40.092453935803114,1978,1978
40.09636044013283,2011,2007
40.10026694446253,2058,2050
40.104173448792245,2079,2072
40.10807995312195,2110,2098
40.11198645745166,2126,2115
40.11589296178137,2110,2112
40.119799466111076,2109,2100
40.12370597044079,2136,2113
40.127612474770494,2145,2127
40.13151897910021,2096,2085
40.13542548342991,2092,2089
40.139331987759626,2059,2047
40.14323849208933,2051,2054
40.147144996419044,2071,2071
40.15105150074875,2046,2041
40.154958005078456,2037,2042
40.15886450940817,2072,2065
40.162771013737874,2040,2049
40.16667751806759,1993,2000
40.17058402239729,1969,1988
40.174490526727006,1981,1994
40.17839703105671,1994,2011
40.182303535386424,1983,1988
40.18621003971613,1990,1991
40.19011654404584,1972,1982
40.19402304837555,1994,1996
40.197929552705254,2065,2065
40.20183605703497,2084,2078
40.20574256136467,2135,2116
40.209649065694386,2129,2116
40.21355557002409,2123,2115
40.217462074353804,2123,2131
40.22136857868351,2133,2123
40.22527508301322,2126,2116
40.22918158734293,2152,2147
40.23308809167264,2115,2109
40.23699459600235,2088,2076
40.24090110033205,2056,2066
40.244807604661766,2070,2074
40.24871410899147,2052,2054
40.252620613321184,2035,2033
40.25652711765089,2058,2056
40.2604336219806,2022,2023
40.26434012631031,2017,2007
40.26824663064002,1954,1961
40.27215313496973,1964,1976
40.27605963929944,1954,1965
40.279966143629146,1969,1973
40.28387264795885,1954,1961
40.287779152288564,1957,1960
40.29168565661827,1958,1958
40.29559216094798,1962,1976
40.29949866527769,2026,2029
40.3034051696074,2040,2041
40.30731167393711,2073,2066
40.31121817826682,2098,2089
40.315124682596526,2090,2084
40.31903118692624,2079,2080
40.322937691255945,2098,2089
40.32684419558565,2127,2112
40.33075069991536,2108,2105
40.33465720424507,2076,2060
40.33856370857478,2050,2058
40.34247021290449,2029,2026
40.3463767172342,2038,2046
40.350283221563906,2055,2049
40.35418972589362,2028,2027
40.358096230223325,2029,2023
40.36200273455304,2016,2015
40.36590923888274,1982,1982
40.36981574321245,1996,2000
40.37372224754216,1974,1984
40.37762875187187,1999,1987
40.38153525620158,1982,1989
40.385441760531286,1987,2002
40.389348264861,1991,1994
40.393254769190705,1997,2004
40.39716127352042,2013,2029
40.40106777785012,2047,2052
40.404974282179836,2105,2101
40.40888078650954,2104,2108
40.41278729083925,2104,2103
40.41669379516896,2106,2102
40.420600299498666,2109,2103
40.42450680382838,2124,2112
40.428413308158085,2113,2111
40.4323198124878,2085,2079
40.4362263168175,2074,2076
40.440132821147216,2036,2041
40.44403932547692,2009,2021
40.447945829806635,2013,2028
40.45185233413634,2025,2029
40.455758838466046,2016,2011
40.45966534279576,2002,2014
40.463571847125465,1978,1976
40.46747835145518,1979,1982
40.47138485578488,1967,1972
40.475291360114596,1960,1971
40.4791978644443,1967,1971
40.483104368774015,1946,1968
40.48701087310372,1982,1984
40.490917377433426,1965,1989
40.49482388176314,1963,1968
40.498730386092845,2036,2037
40.50263689042256,2065,2077
40.50654339475226,2097,2091
40.510449899081976,2117,2118
40.51435640341168,2137,2121
40.518262907741395,2129,2116
40.5221694120711,2104,2093
40.52607591640081,2145,2134
40.52998242073052,2134,2126
40.533888925060225,2122,2102
40.53779542938994,2094,2088
40.541701933719644,2067,2066
40.545608438049356,2066,2067
40.54951494237906,2068,2069
40.553421446708775,2037,2051
40.55732795103848,2059,2059
40.561234455368194,2044,2033
40.5651409596979,2021,2024
40.56904746402761,1987,1992
40.57295396835732,2013,2014
40.576860472687024,1993,1996
40.58076697701674,2022,2027
40.58467348134644,2005,2003
40.588579985676155,1994,1995
40.59248649000586,1990,1998
40.596392994335574,2036,2031
40.60029949866528,2082,2078
40.60420600299499,2087,2090
40.6081125073247,2126,2101
40.61201901165441,2123,2117
40.61592551598412,2125,2115
40.61983202031382,2126,2117
40.623738524643535,2113,2104
40.62764502897324,2130,2121
40.631551533302954,2113,2113
40.63545803763266,2088,2088
40.63936454196237,2074,2075
40.64327104629208,2041,2047
40.64717755062179,2027,2035
40.6510840549515,2050,2044
40.65499055928121,2071,2072
40.658897063610915,2015,2024
40.66280356794062,2031,2033
40.666710072270334,2001,2009
40.67061657660004,1992,1994
40.67452308092975,1980,1977
40.67842958525946,1997,2001
40.68233608958917,1974,1986
40.68624259391888,2022,2020
40.69014909824859,2000,2005
40.694055602578295,2040,2044
40.69796210690801,2050,2043
40.701868611237714,2043,2042
40.70577511556742,2120,2104
40.70968161989713,2133,2131
40.71358812422684,2138,2135
40.71749462855655,2148,2143
40.72140113288626,2132,2119
40.72530763721597,2151,2131
40.729214141545675,2130,2129
40.73312064587539,2116,2109
40.737027150205094,2095,2085
40.74093365453481,2071,2064
40.74484015886451,2035,2035
40.74874666319422,2041,2035
40.75265316752393,2053,2055
40.75655967185364,2021,2016
40.76046617618335,2024,2018
40.764372680513056,1986,1998
40.76827918484277,1964,1976
40.772185689172474,1953,1962
40.77609219350219,1962,1968
40.77999869783189,1975,1976
40.783905202161606,1960,1969
40.78781170649131,1945,1958
40.79171821082102,1957,1969
40.79562471515073,1968,1985
40.799531219480436,2028,2037
40.80343772381015,2066,2066
40.807344228139854,2090,2092
40.81125073246957,2107,2091
40.81515723679927,2098,2095
40.819063741128986,2090,2076
40.82297024545869,2093,2084
40.826876749788404,2097,2088
40.83078325411811,2119,2114
40.834689758447816,2069,2069
40.83859626277753,2086,2090
40.842502767107234,2058,2052
40.84640927143695,2036,2043
40.85031577576665,2067,2068
40.854222280096366,2049,2035
40.85812878442607,2035,2027
40.862035288755784,2018,2025
40.86594179308549,1997,2006
40.8698482974152,1983,1986
40.87375480174491,1978,1989
40.877661306074614,1986,1986
40.88156781040433,1966,1975
40.88547431473403,1971,1978
40.889380819063746,2000,2006
40.89328732339345,1982,1987
40.897193827723164,2027,2015
40.90110033205287,2046,2038
40.90500683638258,2101,2100
40.90891334071229,2103,2095
40.912819845042,2124,2105
40.91672634937171,2112,2103
40.92063285370141,2111,2114
40.924539358031126,2106,2091
40.92844586236083,2108,2112
40.932352366690544,2098,2094
40.93625887102025,2053,2067
40.94016537534996,2032,2040
40.94407187967967,2023,2031
40.94797838400938,2035,2040
40.95188488833909,2016,2018
40.9557913926688,2029,2037
40.959697896998506,1996,1999
40.96360440132821,2004,2005
40.967510905657925,1967,1993
40.97141740998763,1954,1960
40.97532391431734,1951,1960
40.97923041864705,1967,1973
40.98313692297676,1981,1995
40.98704342730647,1988,1989
40.99094993163618,1975,1984
40.994856435965886,2006,2014
40.9987629402956,2039,2040
41.002669444625305,2081,2085
41.00657594895501,2096,2092
41.01048245328472,2112,2111
41.01438895761443,2120,2117
41.01829546194414,2125,2116
41.02220196627385,2137,2116
41.02610847060356,2147,2141
41.030014974933266,2148,2140
41.03392147926298,2100,2092
41.037827983592685,2106,2106
41.0417344879224,2086,2078
41.0456409922521,2063,2063
41.04954749658181,2043,2050
41.05345400091152,2070,2073
41.05736050524123,2039,2038
41.06126700957094,2062,2052
41.065173513900646,2023,2013
41.06908001823036,1986,1984
41.072986522560065,1986,2001
41.07689302688978,1975,1987
41.08079953121948,1974,1983
41.084706035549196,1982,1986
41.0886125398789,1996,1990
41.09251904420861,1997,2001
41.09642554853832,2003,2013
41.100332052868026,2044,2042
41.10423855719774,2078,2072
41.108145061527445,2119,2105
41.11205156585716,2137,2140
41.11595807018686,2111,2106
41.119864574516576,2095,2083
41.12377107884628,2115,2097
41.12767758317599,2125,2131
41.1315840875057,2122,2120
41.135490591835406,2082,2083
41.13939709616512,2072,2070
41.143303600494825,2071,2058
41.14721010482454,2061,2078
41.15111660915424,2073,2079
41.155023113483956,2055,2053
41.15892961781366,2037,2043
41.162836122143375,2020,2024
41.16674262647308,2015,2017
41.170649130802786,1980,1987
41.1745556351325,1988,1994
41.178462139462205,1972,1963
41.18236864379192,2003,2007
41.186275148121624,1992,1990
41.190181652451336,1990,1998
41.19408815678104,2034,2038
41.197994661110755,2041,2051
41.20190116544046,2092,2098
41.205807669770174,2130,2118
41.20971417409988,2118,2112
41.213620678429585,2130,2128
41.2175271827593,2125,2127
41.221433687089004,2116,2103
41.22534019141872,2147,2138
41.22924669574842,2119,2105
41.233153200078135,2139,2134
41.23705970440784,2087,2081
41.240966208737554,2036,2042
41.24487271306726,2037,2037
41.24877921739697,2038,2045
41.25268572172668,2041,2041
41.256592226056384,2032,2038
41.2604987303861,2010,2002
41.2644052347158,2000,2005
41.268311739045515,1986,1996
41.27221824337522,1962,1979
41.276124747704934,1969,1968
41.28003125203464,1973,1977
41.28393775636435,1974,1985
41.28784426069406,1942,1951
41.29175076502377,1969,1971
41.29565726935348,1990,1995
41.29956377368318,2021,2033
41.303470278012895,2067,2072
41.3073767823426,2080,2070
41.311283286672314,2105,2101
41.31518979100202,2081,2081
41.31909629533173,2082,2068
41.32300279966144,2097,2091
41.32690930399115,2114,2101
41.33081580832086,2115,2109
41.33472231265057,2071,2073
41.338628816980275,2051,2048
41.34253532130998,2062,2068
41.346441825639694,2033,2047
41.3503483299694,2058,2057
41.35425483429911,2048,2044
41.35816133862882,2049,2057
41.36206784295853,2022,2032
41.36597434728824,2008,2014
41.36988085161795,1966,1975
41.373787355947655,1981,1993
41.37769386027737,1991,2000
41.381600364607074,1987,1986
41.38550686893678,1991,1997
41.38941337326649,1995,2003
41.3933198775962,1998,2000
41.39722638192591,2023,2020
41.40113288625562,2064,2060
41.40503939058533,2101,2105
41.408945894915036,2088,2087
41.41285239924475,2121,2112
41.416758903574454,2108,2093
41.42066540790417,2120,2110
41.42457191223387,2105,2104
41.42847841656358,2083,2069
41.43238492089329,2087,2081
41.436291425223,2043,2047
41.44019792955271,2049,2046
41.444104433882416,2023,2032
41.44801093821213,2043,2050
41.451917442541834,2020,2023
41.45582394687155,2003,2004
41.45973045120125,2020,2021
41.463636955530966,2001,2011
41.46754345986067,1951,1959
41.47144996419038,1963,1972
41.47535646852009,1939,1958
41.479262972849796,1974,1980
41.48316947717951,1953,1956
41.487075981509214,1959,1967
41.49098248583893,1971,1978
41.49488899016863,2027,2030
41.498795494498346,2046,2051
41.50270199882805,2060,2052
41.506608503157764,2097,2103
41.51051500748747,2132,2126
41.514421511817176,2115,2098
41.51832801614689,2132,2112
41.522234520476594,2149,2134
41.52614102480631,2152,2146
41.53004752913601,2149,2142
41.533954033465726,2124,2129
41.53786053779543,2110,2115
41.541767042125144,2073,2073
41.54567354645485,2063,2055
41.54958005078456,2061,2057
41.55348655511427,2054,2058
41.557393059443974,2059,2048
41.56129956377369,2026,2043
41.56520606810339,2009,2009
41.569112572433106,2021,2015
41.57301907676281,1980,1992
41.576925581092524,1971,1974
41.58083208542223,1993,1994
41.58473858975194,1967,1973
41.58864509408165,1972,1980
41.59255159841136,1997,2020
41.59645810274107,2018,2021
41.60036460707077,2059,2050
41.604271111400486,2070,2074
41.60817761573019,2113,2104
41.612084120059905,2094,2096
41.61599062438961,2129,2112
41.61989712871932,2121,2124
41.62380363304903,2120,2112
41.62771013737874,2109,2106
41.63161664170845,2118,2117
41.63552314603816,2098,2088
41.639429650367866,2088,2092
41.64333615469757,2042,2038
41.647242659027285,2037,2034
41.65114916335699,2071,2081
41.6550556676867,2051,2045
41.65896217201641,2041,2040
41.66286867634612,2014,2012
41.66677518067583,1988,1991
41.67068168500554,1994,2000
41.674588189335246,1959,1976
41.67849469366496,1994,1997
41.682401197994665,2006,2006
41.68630770232437,2000,2016
41.69021420665408,1978,1985
41.69412071098379,2009,2021
41.6980272153135,2045,2043
41.70193371964321,2080,2074
41.70584022397292,2146,2130
41.709746728302626,2128,2124
41.71365323263234,2139,2126
41.717559736962045,2147,2128
41.72146624129176,2115,2112
41.72537274562146,2135,2121
41.72927924995117,2140,2142
41.73318575428088,2127,2120
41.73709225861059,2099,2090
41.7409987629403,2050,2040
41.744905267270006,2067,2068
41.74881177159972,2054,2052
41.752718275929425,2048,2054
41.75662478025914,2041,2033
41.76053128458884,2005,2014
41.76443778891855,1984,1991
41.76834429324826,1981,1990
41.77225079757797,1966,1980
41.77615730190768,1963,1974
41.780063806237386,1967,1978
41.7839703105671,1949,1959
41.787876814896805,1948,1968
41.79178331922652,1980,1991
41.79568982355622,2001,2004
41.799596327885936,2033,2047
41.80350283221564,2054,2046
41.80740933654535,2084,2081
41.81131584087506,2111,2117
41.815222345204766,2096,2084
41.81912884953448,2090,2079
41.823035353864185,2105,2104
41.8269418581939,2104,2104
41.830848362523604,2130,2119
41.83475486685332,2096,2076
41.83866137118302,2056,2060
41.842567875512735,2036,2046
41.84647437984244,2028,2033
41.85038088417215,2055,2057
41.85428738850186,2076,2069
41.858193892831565,2031,2031
41.86210039716128,2008,2013
41.866006901490984,1995,1990
41.8699134058207,1984,1998
41.8738199101504,1959,1960
41.877726414480115,1983,1989
41.88163291880982,1996,1998
41.885539423139534,1963,1976
41.88944592746924,1957,1976
41.893352431798945,1981,1974
41.89725893612866,2008,2013
41.901165440458364,2016,2026
41.90507194478808,2093,2083
41.90897844911778,2115,2097
41.912884953447495,2092,2087
41.9167914577772,2092,2089
41.920697962106914,2111,2114
41.92460446643662,2113,2099
41.92851097076633,2087,2074
41.93241747509604,2088,2077
41.936323979425744,2088,2092
41.94023048375546,2035,2033
41.94413698808516,2022,2020
41.948043492414875,2025,2024
41.95194999674458,2027,2034
41.955856501074294,2020,2022
41.959763005404,2026,2030
41.96366950973371,1997,1996
41.96757601406342,1966,1969
41.97148251839313,1980,1990
41.97538902272284,1969,1975
41.97929552705254,1977,1982
41.983202031382255,1978,1979
41.98710853571196,1974,1984
41.991015040041674,1991,2007
41.99492154437138,1988,1994
41.99882804870109,2055,2062
42.0027345530308,2103,2095
42.00664105736051,2117,2112
42.01054756169022,2113,2103
42.01445406601993,2120,2115
42.018360570349635,2131,2114
42.02226707467934,2121,2123
42.026173579009054,2142,2130
42.03008008333876,2141,2137
42.03398658766847,2130,2128
42.03789309199818,2107,2098
42.04179959632789,2082,2071
42.0457061006576,2085,2075
42.04961260498731,2046,2048
42.053519109317016,2053,2049
42.05742561364673,2069,2061
42.061332117976434,2044,2046
42.06523862230614,2025,2024
42.06914512663585,1989,1994
42.07305163096556,1981,1990
42.07695813529527,1988,2002
42.08086463962498,1982,1983
42.08477114395469,2015,2019
42.088677648284396,1987,1999
42.09258415261411,2010,2012
42.096490656943814,2031,2034
42.10039716127353,2058,2054
42.10430366560323,2102,2101
42.10821016993294,2116,2102
42.11211667426265,2124,2115
42.11602317859236,2117,2121
42.11992968292207,2131,2135
42.123836187251776,2100,2092
42.12774269158149,2113,2110
42.131649195911194,2126,2125
42.13555570024091,2099,2098
42.13946220457061,2055,2051
42.143368708900326,2037,2045
42.14727521323003,2032,2025
42.15118171755974,2046,2043
42.15508822188945,2068,2063
42.158994726219156,2034,2041
42.16290123054887,2007,2011
42.166807734878574,2009,2018
42.17071423920829,2001,1996
42.17462074353799,1996,2002
42.178527247867706,1980,1991
42.18243375219741,1989,1999
42.186340256527124,1983,1985
42.19024676085683,1984,1990
42.194153265186536,2016,2023
42.19805976951625,2061,2068
42.201966273845954,2077,2074
42.20587277817567,2103,2098
42.20977928250537,2137,2117
42.213685786835086,2110,2111
42.21759229116479,2142,2133
42.221498795494504,2125,2119
42.22540529982421,2135,2130
42.22931180415392,2130,2115
42.23321830848363,2135,2125
42.237124812813335,2089,2084
42.24103131714305,2065,2063
42.24493782147275,2057,2064
42.248844325802466,2036,2042
42.25275083013217,2043,2051
42.256657334461885,2061,2067
42.26056383879159,2008,2010
42.2644703431213,1984,1976
42.26837684745101,1941,1957
42.27228335178072,1937,1952
42.27618985611043,1952,1965
42.28009636044013,1958,1977
42.284002864769846,1953,1964
42.28790936909955,1961,1968
42.291815873429265,1967,1975
42.29572237775897,1986,1989
42.29962888208868,2014,2017
42.30353538641839,2024,2038
42.3074418907481,2083,2076
42.31134839507781,2124,2114
42.31525489940752,2115,2118
42.319161403737226,2111,2106
42.32306790806693,2097,2093
42.326974412396645,2109,2098
42.33088091672635,2108,2107
42.33478742105606,2082,2078
42.33869392538577,2073,2075
42.34260042971548,2055,2052
42.34650693404519,2032,2029
42.3504134383749,2052,2043
42.354319942704606,2029,2031
42.35822644703431,2048,2043
42.362132951364025,2017,2015
42.36603945569373,1970,1982
42.36994596002344,1979,1988
42.37385246435315,1975,1970
42.37775896868286,1955,1958
42.38166547301257,1975,1974
42.38557197734228,1960,1973
42.389478481671986,1984,1987
42.3933849860017,1996,2009
42.397291490331405,2012,2031
42.40119799466111,2044,2036
42.40510449899082,2101,2103
42.40901100332053,2111,2099
42.41291750765024,2112,2101
42.41682401197995,2101,2103
42.42073051630966,2137,2136
42.424637020639366,2125,2117
42.42854352496908,2107,2099
42.432450029298785,2100,2096
42.4363565336285,2091,2085
42.4402630379582,2062,2059
42.44416954228791,2040,2040
42.44807604661762,2034,2028
42.45198255094733,2017,2015
42.45588905527704,2050,2043
42.45979555960675,2013,2021
42.46370206393646,1999,2001
42.467608568266165,1961,1967
42.47151507259588,1956,1948
42.475421576925584,1935,1950
42.4793280812553,1978,1990
42.483234585585,1942,1953
42.48714108991471,1994,1987
42.49104759424442,1982,1990
42.49495409857413,1993,1994
42.49886060290384,2058,2066
42.502767107233545,2067,2075
42.50667361156326,2100,2093
42.510580115892964,2139,2137
42.51448662022268,2108,2106
42.51839312455238,2134,2126
42.522299628882095,2121,2110
42.5262061332118,2140,2124
42.53011263754151,2136,2130
42.53401914187122,2133,2111
42.537925646200925,2098,2089
42.54183215053064,2087,2091
42.545738654860344,2054,2055
42.54964515919006,2083,2076
42.55355166351976,2056,2046
42.557458167849475,2040,2048
42.56136467217918,2052,2057
42.565271176508894,2011,2020
42.5691776808386,2004,2019
42.573084185168305,1987,2005
42.57699068949802,1988,1993
42.580897193827724,1973,1981
42.58480369815744,1991,1995
42.58871020248714,1987,1999
42.592616706816855,2020,2015
42.59652321114656,1995,1996
42.600429715476274,2039,2039
42.60433621980598,2091,2087
42.60824272413569,2125,2115
42.6121492284654,2104,2091
42.616055732795104,2114,2103
42.61996223712482,2130,2115
42.62386874145452,2139,2132
42.627775245784235,2135,2129
42.63168175011394,2105,2095
42.635588254443654,2077,2070
42.63949475877336,2067,2063
42.64340126310307,2046,2048
42.64730776743278,2029,2047
42.65121427176249,2049,2056
42.6551207760922,2058,2062
42.6590272804219,2038,2044
42.662933784751615,2007,2000
42.66684028908132,2012,2011
42.670746793411034,2003,2010
42.67465329774074,1984,1985
42.67855980207045,1975,1978
42.68246630640016,1982,1988
42.68637281072987,1990,1992
42.69027931505958,1985,1983
42.69418581938929,1989,1998
42.698092323718996,2040,2032
42.7019988280487,2068,2064
42.705905332378414,2133,2125
42.70981183670812,2123,2119
42.71371834103783,2140,2137
42.71762484536754,2147,2137
42.72153134969725,2111,2105
42.72543785402696,2145,2141
42.72934435835667,2134,2113
42.733250862686376,2118,2108
42.73715736701609,2077,2072
42.741063871345794,2056,2051
42.7449703756755,2054,2058
42.74887688000521,2032,2026
42.75278338433492,2039,2033
42.75668988866463,2044,2036
42.76059639299434,2041,2041
42.76450289732405,1986,1986
42.768409401653756,1974,1978
42.77231590598347,1966,1970
42.776222410313174,1973,1981
42.78012891464289,1973,1983
42.78403541897259,1950,1960
42.7879419233023,1975,1986
42.79184842763201,1963,1972
42.79575493196172,1962,1971
42.79966143629143,2027,2031
42.803567940621136,2049,2053
42.80747444495085,2094,2089
42.811380949280554,2099,2090
42.81528745361027,2095,2094
42.81919395793997,2076,2090
42.823100462269686,2081,2083
42.82700696659939,2119,2114
42.8309134709291,2077,2084
42.83481997525881,2087,2078
42.838726479588516,2096,2096
42.84263298391823,2051,2047
42.846539488247934,2026,2021
42.85044599257765,2041,2033
42.85435249690735,2043,2047
42.858259001237066,2035,2034
42.86216550556677,2008,2011
42.866072009896484,1989,2006
42.86997851422619,1983,1997
42.873885018555896,1970,1966
42.87779152288561,1977,1991
42.881698027215315,1956,1961
42.88560453154503,1996,2003
42.88951103587473,1976,1988
42.893417540204446,1986,1981
42.89732404453415,2018,2028
42.901230548863865,2054,2054
42.90513705319357,2102,2105
42.90904355752328,2136,2130
42.91295006185299,2101,2105
42.916856566182695,2119,2101
42.92076307051241,2090,2093
42.92466957484211,2109,2095
42.928576079171826,2098,2087
42.93248258350153,2096,2085
42.936389087831245,2058,2048
42.94029559216095,2024,2020
42.94420209649066,2040,2040
42.94810860082037,2023,2024
42.95201510515008,2032,2031
42.95592160947979,2003,2009
42.95982811380949,2006,2015
42.963734618139206,1982,2001
42.96764112246891,1954,1951
42.971547626798625,1961,1966
42.97545413112833,1963,1970
42.97936063545804,1965,1970
42.98326713978775,1986,1998
42.98717364411746,1973,1978
42.99108014844717,1983,1984
42.99498665277687,2021,2013
42.998893157106586,2046,2047
43.00279966143629,2100,2099
43.006706165766005,2128,2120
43.01061267009571,2099,2085
43.01451917442542,2110,2102
43.01842567875513,2136,2127
43.02233218308484,2132,2123
43.02623868741455,2138,2130
43.03014519174426,2135,2132
43.034051696073966,2105,2098
43.03795820040367,2105,2099
43.041864704733385,2082,2080
43.04577120906309,2070,2066
43.0496777133928,2055,2049
43.05358421772251,2064,2060
43.05749072205222,2054,2051
43.06139722638193,2044,2036
43.06530373071164,2034,2024
43.069210235041346,1977,1988
43.07311673937106,2007,2009
43.077023243700765,2000,2009
43.08092974803047,1989,2008
43.08483625236018,1980,1987
43.08874275668989,1988,1992
43.0926492610196,2005,2017
43.09655576534931,2031,2024
43.10046226967902,2074,2078
43.10436877400873,2074,2073
43.10827527833844,2105,2109
43.112181782668145,2130,2125
43.11608828699786,2131,2125
43.119994791327564,2111,2107
43.12390129565727,2100,2092
43.12780779998698,2104,2102
43.13171430431669,2105,2094
43.1356208086464,2094,2088
43.13952731297611,2053,2042
43.14343381730582,2046,2047
43.147340321635525,2052,2064
43.15124682596524,2062,2059
43.155153330294944,2046,2053
43.15905983462466,2049,2050
43.16296633895436,2031,2023
43.16687284328407,1998,1998
43.17077934761378,1999,1991
43.17468585194349,2013,2022
43.1785923562732,1993,2011
43.182498860602905,1985,1988
43.18640536493262,2012,2012
43.190311869262324,1997,1987
43.19421837359204,2014,2023
43.19812487792174,2050,2058
43.202031382251455,2076,2069
43.20593788658116,2115,2113
43.20984439091087,2143,2146
43.21375089524058,2118,2102
43.217657399570285,2130,2117
43.2215639039,2141,2134
43.225470408229704,2156,2147
43.22937691255942,2145,2136
43.23328341688912,2109,2102
43.237189921218835,2090,2090
43.24109642554854,2074,2075
43.245002929878254,2051,2050
43.24890943420796,2027,2030
43.252815938537665,2066,2054
43.25672244286738,2050,2047
43.260628947197084,1994,1994
43.2645354515268,1987,1998
43.2684419558565,1983,1992
43.272348460186215,1950,1967
43.27625496451592,1966,1978
43.280161468845634,1967,1975
43.28406797317534,1963,1964
43.28797447750505,1935,1938
43.29188098183476,1943,1956
43.295787486164464,1996,2016
43.29969399049418,2038,2032
43.30360049482388,2081,2061
43.307506999153595,2103,2096
43.3114135034833,2110,2104
43.315320007813014,2116,2109
43.31922651214272,2105,2105
43.32313301647243,2120,2116
43.32703952080214,2109,2099
43.33094602513185,2091,2086
43.33485252946156,2092,2085
43.33875903379126,2021,2026
43.342665538120976,2035,2031
43.34657204245068,2053,2044
43.350478546780394,2031,2017
43.3543850511101,2039,2029
43.35829155543981,2053,2050
43.36219805976952,2018,2035
43.36610456409923,1995,1991
43.37001106842894,1952,1970
43.37391757275865,1970,1985
43.377824077088356,1954,1972
43.38173058141806,1976,1975
43.385637085747774,1965,1971
43.38954359007748,1973,1979
43.39345009440719,1988,1997
43.3973565987369,2036,2037
43.40126310306661,2064,2062
43.40516960739632,2082,2072
43.40907611172603,2106,2103
43.412982616055736,2113,2100
43.41688912038545,2111,2109
43.420795624715154,2115,2113
43.42470212904486,2113,2099
43.42860863337457,2099,2086
43.43251513770428,2106,2101
43.43642164203399,2075,2071
43.4403281463637,2057,2065
43.44423465069341,2055,2055
43.448141155023116,2031,2036
43.45204765935283,2028,2021
43.455954163682534,2039,2039
43.45986066801225,2012,2018
43.46376717234195,1985,1996
43.46767367667166,1991,1990
43.47158018100137,1953,1975
43.47548668533108,1971,1976
43.47939318966079,1967,1974
43.483299693990496,1991,1993
43.48720619832021,1953,1961
43.491112702649914,1980,1990
43.49501920697963,2012,2013
43.49892571130933,2039,2038
43.502832215639046,2095,2106
43.50673871996875,2118,2112
43.51064522429846,2128,2115
43.51455172862817,2138,2130
43.518458232957876,2143,2133
43.52236473728759,2126,2118
43.526271241617295,2152,2154
43.53017774594701,2115,2109
43.53408425027671,2118,2120
43.537990754606426,2097,2094
43.54189725893613,2069,2068
43.545803763265845,2052,2047
43.54971026759555,2075,2077
43.553616771925256,2076,2077
43.55752327625497,2070,2070
43.561429780584675,2036,2039
43.56533628491439,2005,2007
43.56924278924409,1964,1974
43.573149293573806,1995,2006
43.57705579790351,1984,1989
43.580962302233225,1975,1985
43.58486880656293,1995,2010
43.58877531089264,1981,1983
43.59268181522235,2013,2030
43.596588319552055,2020,2026
43.60049482388177,2071,2070
43.60440132821147,2081,2084
43.608307832541186,2096,2093
43.61221433687089,2089,2087
43.616120841200605,2111,2101
43.62002734553031,2107,2114
43.62393384986002,2137,2120
43.62784035418973,2112,2103
43.631746858519435,2124,2116
43.63565336284915,2099,2096
43.63955986717885,2080,2082
43.643466371508566,2026,2024
43.64737287583827,2059,2058
43.651279380167985,2033,2036
43.65518588449769,2056,2060
43.6590923888274,2032,2033
43.66299889315711,2016,2024
43.66690539748682,1976,1978
43.67081190181653,2003,2004
43.67471840614623,1985,2000
43.678624910475946,1998,2002
43.68253141480565,1968,1981
43.686437919135365,1991,1997
43.69034442346507,1979,1973
43.69425092779478,1988,1986
43.69815743212449,2045,2052
43.7020639364542,2081,2061
43.70597044078391,2113,2110
43.70987694511362,2129,2122
43.713783449443326,2136,2131
43.71768995377303,2126,2111
43.721596458102745,2126,2108
43.72550296243245,2117,2108
43.729409466762164,2134,2129
43.73331597109187,2144,2134
43.73722247542158,2108,2107
43.74112897975129,2052,2057
43.745035484081,2036,2038
43.74894198841071,2068,2062
43.75284849274042,2037,2036
43.756754997070125,2044,2041
43.76066150139983,1994,2005
43.764568005729544,1994,1999
43.76847451005925,1965,1970
43.77238101438896,1962,1972
43.77628751871867,1953,1977
43.78019402304838,1948,1947
43.78410052737809,1942,1957
43.7880070317078,1991,1999
43.791913536037505,1950,1962
43.79582004036722,1985,1997
43.799726544696924,2041,2041
43.80363304902663,2065,2061
43.80753955335634,2090,2093
43.81144605768605,2084,2084
43.81535256201576,2128,2133
43.81925906634547,2107,2097
43.82316557067518,2103,2091
43.827072075004885,2093,2082
43.8309785793346,2102,2102
43.834885083664304,2075,2068
43.83879158799402,2058,2052
43.84269809232372,2069,2075
43.84660459665343,2048,2062
43.85051110098314,2027,2024
43.85441760531285,2054,2064
43.85832410964256,2034,2037
43.862230613972265,2010,2016
43.86613711830198,1986,1982
43.870043622631684,1964,1974
43.8739501269614,1955,1964
43.8778566312911,1978,1981
43.881763135620815,1977,1977
43.88566963995052,1969,1986
43.88957614428023,1995,1994
43.89348264860994,1994,2003
43.897389152939645,2014,2014
43.90129565726936,2033,2031
43.905202161599064,2087,2077
43.90910866592878,2097,2088
43.91301517025848,2102,2097
43.916921674588195,2106,2096
43.9208281789179,2112,2109
43.924734683247614,2109,2108
43.92864118757732,2106,2108
43.932547691907025,2086,2075
43.93645419623674,2072,2064
43.940360700566444,2055,2053
43.94426720489616,2047,2034
43.94817370922586,2032,2048
43.952080213555575,2028,2018
43.95598671788528,2023,2020
43.959893222214994,2025,2024
43.9637997265447,1980,1997
43.96770623087441,1983,1999
43.97161273520412,1949,1957
43.975519239533824,1939,1941
43.97942574386354,1961,1964
43.98333224819324,1982,1998
43.987238752522956,1945,1963
43.99114525685266,1982,1986
43.995051761182374,2009,2009
43.99895826551208,2061,2067
44.00286476984179,2069,2071
44.0067712741715,2108,2102
44.01067777850121,2123,2119
44.01458428283092,2142,2130
44.01849078716062,2124,2125
44.022397291490336,2127,2122
44.02630379582004,2118,2112
44.030210300149754,2115,2101
44.03411680447946,2122,2114
44.03802330880917,2100,2102
44.04192981313888,2088,2076
44.04583631746859,2063,2068
44.0497428217983,2058,2058
44.05364932612801,2082,2078
44.057555830457716,2053,2052
44.06146233478742,2048,2044
44.065368839117134,2041,2031
44.06927534344684,1974,1986
44.07318184777655,2002,1999
44.07708835210626,2020,2029
44.08099485643597,1999,2003
44.08490136076568,2001,2001
44.08880786509539,2000,2000
44.092714369425096,1988,1995
44.09662087375481,2030,2032
44.100527378084514,2053,2047
44.10443388241422,2084,2070
44.10834038674393,2103,2094
44.11224689107364,2121,2112
44.11615339540335,2127,2109
44.12005989973306,2112,2106
44.12396640406277,2119,2115
44.127872908392476,2139,2125
44.13177941272219,2110,2106
44.135685917051894,2080,2087
44.13959242138161,2047,2047
44.14349892571131,2061,2060
44.14740543004102,2041,2036
44.15131193437073,2067,2064
44.15521843870044,2053,2058
44.15912494303015,2053,2054
44.163031447359856,2012,2017
44.16693795168957,2010,2012
44.170844456019275,1984,1984
44.17475096034899,1984,1979
44.17865746467869,1990,1999
44.182563969008406,2021,2019
44.18647047333811,1991,1995
44.19037697766782,1999,2006
44.19428348199753,2007,2017
44.198189986327236,2051,2055
44.20209649065695,2086,2085
44.206002994986655,2134,2125
44.20990949931637,2130,2111
44.21381600364607,2156,2152
44.217722507975786,2121,2116
44.22162901230549,2129,2114
44.225535516635205,2147,2137
44.22944202096491,2145,2132
44.233348525294616,2135,2120
44.23725502962433,2098,2097
44.241161533954035,2037,2038
44.24506803828375,2053,2057
44.24897454261345,2041,2052
44.252881046943166,2044,2045
44.25678755127287,2036,2039
44.260694055602585,2029,2028
44.26460055993229,1979,1987
44.268507064261996,1968,1976
44.27241356859171,1960,1957
44.276320072921415,1931,1950
44.28022657725113,1961,1972
44.28413308158083,1948,1965
44.288039585910546,1960,1973
44.29194609024025,1990,2000
44.295852594569965,1972,1974
44.29975909889967,2016,2023
44.30366560322938,2057,2054
44.30757210755909,2088,2097
44.311478611888795,2117,2116
44.31538511621851,2087,2088
44.31929162054821,2113,2091
44.323198124877926,2118,2107
44.32710462920763,2099,2095
44.331011133537345,2112,2102
44.33491763786705,2094,2095
44.33882414219676,2087,2090
44.34273064652647,2049,2055
44.34663715085618,2023,2030
44.35054365518589,2024,2017
44.354450159515594,2061,2066
44.358356663845306,2048,2042
44.36226316817501,2011,2007
44.366169672504725,1978,1990
44.37007617683443,1979,1991
44.373982681164144,1962,1971
44.37788918549385,1985,1993
44.38179568982356,1996,2005
44.38570219415327,1987,2000
44.38960869848298,1985,1995
44.39351520281269,1999,2008
44.39742170714239,2035,2041
44.401328211472105,2044,2048
44.40523471580181,2103,2100
44.409141220131524,2102,2091
44.41304772446123,2089,2081
44.41695422879094,2116,2117
44.42086073312065,2104,2099
44.42476723745036,2095,2095
44.42867374178007,2132,2125
44.43258024610978,2097,2084
44.436486750439485,2064,2065
44.44039325476919,2041,2043
44.444299759098904,2030,2033
44.44820626342861,2022,2024
44.45211276775832,2055,2048
44.45601927208803,2032,2036
44.45992577641774,2014,2003
44.46383228074745,1950,1958
44.46773878507716,1948,1952
44.471645289406865,1949,1957
44.47555179373658,1984,1988
44.479458298066284,1966,1974
44.48336480239599,1976,1978
44.4872713067257,1970,1978
44.49117781105541,1966,1981
44.49508431538512,2012,2019
44.49899081971483,2023,2015
44.50289732404454,2079,2072
44.506803828374245,2098,2089
44.51071033270396,2132,2124
44.514616837033664,2136,2128
44.51852334136338,2114,2109
44.52242984569308,2125,2111
44.52633635002279,2118,2113
44.5302428543525,2146,2138
44.53414935868221,2126,2112
44.53805586301192,2075,2073
44.541962367341625,2054,2051
44.54586887167134,2062,2055
44.549775376001044,2085,2079
44.55368188033076,2065,2061
44.55758838466046,2047,2049
44.561494888990175,2030,2028
44.56540139331988,1998,2010
44.56930789764959,1991,1998
44.5732144019793,1958,1969
44.577120906309005,1998,2017
44.58102741063872,1971,1995
44.584933914968424,1995,2006
44.58884041929814,1968,1969
44.59274692362784,2003,1994
44.596653427957555,2022,2024
44.60055993228726,2064,2060
44.604466436616974,2087,2079
44.60837294094668,2119,2112
44.612279445276386,2127,2115
44.6161859496061,2117,2116
44.620092453935804,2116,2099
44.62399895826552,2134,2123
44.62790546259522,2124,2119
44.631811966924936,2108,2091
44.63571847125464,2088,2080
44.639624975584354,2053,2056
44.64353147991406,2038,2040
44.64743798424377,2070,2078
44.65134448857348,2043,2050
44.655250992903184,2055,2055
44.6591574972329,2035,2039
44.6630640015626,2010,2006
44.666970505892316,2001,2004
44.67087701022202,1967,1974
44.674783514551734,1972,1987
44.67869001888144,1985,1988
44.68259652321115,1979,1979
44.68650302754086,2009,2010
44.69040953187057,1994,1998
44.69431603620028,2031,2039
44.69822254052998,2052,2060
44.702129044859696,2103,2088
44.7060355491894,2109,2106
44.709942053519114,2115,2123
44.71384855784882,2137,2133
44.71775506217853,2128,2115
44.72166156650824,2128,2130
44.72556807083795,2141,2130
44.72947457516766,2131,2122
44.73338107949737,2099,2092
44.737287583827076,2100,2094
44.74119408815678,2085,2092
44.745100592486494,2054,2056
44.7490070968162,2051,2054
44.75291360114591,2052,2049
44.75682010547562,2033,2038
44.76072660980533,2011,2019
44.76463311413504,1983,1991
44.76853961846475,1968,1981
44.772446122794456,1973,1979
44.77635262712417,1953,1959
44.780259131453874,1941,1951
44.78416563578358,1958,1977
44.78807214011329,1965,1967
44.791978644443,1976,1981
44.79588514877271,1994,2000
44.79979165310242,2022,2040
44.80369815743213,2061,2062
44.807604661761836,2109,2103
44.81151116609155,2115,2120
44.815417670421255,2096,2089
44.81932417475097,2101,2095
44.82323067908067,2096,2098
44.82713718341038,2103,2100
44.83104368774009,2105,2100
44.8349501920698,2087,2092
44.83885669639951,2051,2055
44.842763200729216,2022,2027
44.84666970505893,2060,2059
44.850576209388635,2046,2045
44.85448271371835,2053,2054
44.85838921804805,2028,2036
44.862295722377766,2017,2025
44.86620222670747,1994,2008
44.87010873103718,1960,1969
44.87401523536689,1945,1959
44.877921739696596,1982,1979
44.88182824402631,1984,1996
44.885734748356015,1981,1971
44.88964125268573,1957,1967
44.89354775701543,1982,1995
44.897454261345146,2041,2032
44.90136076567485,2074,2063
44.90526727000456,2074,2065
44.90917377433427,2109,2110
44.913080278663976,2111,2095
44.91698678299369,2109,2108
44.920893287323395,2112,2113
44.92479979165311,2109,2105
44.92870629598281,2114,2112
44.932612800312526,2085,2083
44.93651930464223,2069,2073
44.940425808971945,2038,2038
44.94433231330165,2030,2033
44.948238817631356,2026,2027
44.95214532196107,2018,2002
44.956051826290775,2043,2051
44.95995833062049,2024,2019
44.96386483495019,1983,1978
44.967771339279906,1969,1985
44.97167784360961,1951,1974
44.975584347939325,1927,1943
44.97949085226903,1981,1984
44.98339735659874,1979,1991
44.98730386092845,1960,1977
44.991210365258155,1976,1981
44.99511686958787,2017,2021
44.999023373917574,2028,2038
45.002929878247286,2061,2055
45.00683638257699,2092,2081
45.010742886906705,2133,2135
45.01464939123641,2121,2102
45.018555895566124,2135,2126
45.02246239989583,2124,2110
45.02636890422554,2171,2162
45.03027540855525,2146,2130
45.034181912884954,2102,2095
45.03808841721467,2098,2098
45.04199492154437,2068,2070
45.045901425874085,2058,2063
45.04980793020379,2068,2067
45.053714434533504,2071,2066
45.05762093886321,2074,2085
45.06152744319292,2034,2017
45.06543394752263,2006,2012
45.06934045185234,1976,1982
45.07324695618205,2000,1982
45.07715346051175,2000,2009
45.081059964841465,1990,1994
45.08496646917117,1975,1985
45.088872973500884,1982,1993
45.09277947783059,1989,1988
45.0966859821603,2012,2010
45.10059248649001,2063,2065
45.10449899081972,2097,2084
45.10840549514943,2119,2107
45.11231199947914,2132,2129
45.116218503808845,2142,2130
45.12012500813855,2129,2128
45.124031512468264,2122,2112
45.12793801679797,2131,2135
45.13184452112768,2097,2089
45.13575102545739,2081,2078
45.1396575297871,2080,2071
45.14356403411681,2048,2037
45.14747053844652,2044,2041
45.151377042776225,2074,2070
45.15528354710594,2069,2061
45.159190051435644,2043,2044
45.16309655576535,2018,2024
45.16700306009506,1993,2004
45.17090956442477,1990,1990
45.17481606875448,2007,2008
45.17872257308419,1997,2002
45.1826290774139,1995,2002
45.186535581743605,1997,2002
45.19044208607332,1995,1996
45.194348590403024,2038,2035
45.19825509473274,2031,2026
45.20216159906244,2092,2082
45.20606810339215,2122,2117
45.20997460772186,2136,2120
45.21388111205157,2123,2107
45.21778761638128,2134,2126
45.221694120710985,2143,2130
45.2256006250407,2124,2120
45.229507129370404,2137,2126
45.23341363370012,2102,2095
45.23732013802982,2081,2084
45.241226642359536,2073,2082
45.24513314668924,2039,2043
45.24903965101895,2040,2039
45.25294615534866,2040,2032
45.256852659678366,2023,2026
45.26075916400808,2009,2018
45.264665668337784,1986,1984
45.2685721726675,1973,1977
45.2724786769972,1981,1991
45.276385181326916,1967,1987
45.28029168565662,1958,1967
45.284198189986334,1962,1966
45.28810469431604,1953,1957
45.292011198645746,1961,1976
45.29591770297546,1976,1975
45.299824207305164,2030,2033
45.30373071163488,2048,2045
45.30763721596458,2074,2076
45.311543720294296,2114,2103
45.315450224624,2097,2094
45.319356728953714,2119,2111
45.32326323328342,2099,2091
45.32716973761313,2123,2121
45.33107624194284,2108,2103
45.334982746272544,2080,2076
45.33888925060226,2054,2043
45.34279575493196,2051,2056
45.346702259261676,2038,2040
45.35060876359138,2043,2039
45.354515267921094,2049,2039
45.3584217722508,2041,2044
45.36232827658051,2025,2019
45.36623478091022,1986,1998
45.37014128523993,1985,1999
45.37404778956964,1983,1989
45.37795429389934,1970,1983
45.381860798229056,1981,1988
45.38576730255876,1978,1976
45.389673806888474,1985,1985
45.39358031121818,1987,1994
45.39748681554789,2013,2010
45.4013933198776,2070,2075
45.40529982420731,2076,2059
45.40920632853702,2108,2104
45.41311283286673,2099,2092
45.417019337196436,2109,2100
45.42092584152614,2120,2112
45.424832345855854,2107,2103
45.42873885018556,2102,2102
45.43264535451527,2098,2088
45.43655185884498,2055,2056
45.44045836317469,2062,2056
45.4443648675044,2026,2036
45.44827137183411,2036,2046
45.452177876163816,2021,2016
45.45608438049353,2022,2025
45.459990884823235,2016,2022
45.46389738915294,1975,1974
45.46780389348265,1975,1974
45.47171039781236,1970,1979
45.47561690214207,1957,1960
45.47952340647178,1978,1978
45.48342991080149,1967,1968
45.487336415131196,1963,1970
45.49124291946091,1982,1993
45.495149423790615,1993,2006
45.49905592812032,2036,2040
45.50296243245003,2077,2080
45.50686893677974,2116,2107
45.51077544110945,2108,2101
45.51468194543916,2113,2109
45.51858844976887,2112,2105
45.522494954098576,2146,2140
45.52640145842829,2155,2144
45.530307962757995,2121,2109
45.53421446708771,2103,2108
45.53812097141741,2109,2106
45.54202747574712,2068,2060
45.54593398007683,2066,2066
45.54984048440654,2064,2070
45.55374698873625,2071,2069
45.557653493065956,2075,2073
45.56155999739567,2046,2051
45.565466501725375,2027,2024
45.56937300605509,1974,1980
45.57327951038479,1974,1964
45.577186014714506,1981,1990
45.58109251904421,1990,1989
45.58499902337392,1989,1989
45.58890552770363,1972,1979
45.592812032033336,1995,2009
45.59671853636305,2015,2015
45.600625040692755,2058,2059
45.60453154502247,2087,2080
45.60843804935217,2101,2093
45.612344553681886,2106,2096
45.61625105801159,2119,2102
45.620157562341305,2110,2101
45.62406406667101,2130,2126
45.627970571000716,2151,2143
45.63187707533043,2114,2104
45.635783579660135,2083,2086
45.63969008398985,2078,2077
45.643596588319554,2047,2045
45.647503092649266,2043,2049
45.65140959697897,2049,2057
45.655316101308685,2041,2048
45.65922260563839,2030,2025
45.663129109968104,2027,2028
45.66703561429781,1996,1991
45.670942118627515,1980,1983
45.67484862295723,2003,2017
45.678755127286934,1992,2003
45.68266163161665,1994,1998
45.68656813594635,1987,1994
45.690474640276065,1987,1987
45.69438114460577,2014,2017
45.698287648935484,2055,2046
45.70219415326519,2093,2085
45.7061006575949,2116,2102
45.71000716192461,2136,2118
45.713913666254314,2133,2121
45.71782017058403,2132,2131
45.72172667491373,2141,2138
45.725633179243445,2134,2134
45.72953968357315,2126,2107
45.733446187902864,2123,2123
45.73735269223257,2121,2108
45.74125919656228,2079,2072
45.74516570089199,2066,2056
45.7490722052217,2036,2036
45.75297870955141,2056,2059
45.75688521388111,2049,2039
45.760791718210825,2022,2025
45.76469822254053,2002,1998
45.768604726870244,1946,1959
45.77251123119995,1961,1961
45.77641773552966,1949,1958
45.78032423985937,1943,1959
45.78423074418908,1962,1969
45.78813724851879,1989,2003
45.7920437528485,1969,1972
45.795950257178205,1997,1999
45.79985676150791,2025,2029
45.803763265837624,2062,2058
45.80766977016733,2094,2091
45.81157627449704,2116,2109
45.81548277882675,2098,2096
45.81938928315646,2095,2089
45.82329578748617,2110,2101
45.82720229181588,2123,2121
45.831108796145585,2109,2102
45.8350153004753,2082,2086
45.838921804805004,2067,2061
45.84282830913471,2046,2044
45.84673481346442,2055,2060
45.85064131779413,2045,2051
45.85454782212384,2042,2050
45.85845432645355,2022,2030
45.86236083078326,1986,1988
45.866267335112965,2004,2016
45.87017383944268,1990,1996
45.874080343772384,1958,1965
45.8779868481021,1994,2007
45.8818933524318,1952,1961
45.88579985676151,1995,2000
45.88970636109122,1957,1955
45.89361286542093,2010,2009
45.89751936975064,2030,2033
45.901425874080346,2058,2047
45.90533237841006,2092,2103
45.909238882739764,2096,2090
45.91314538706948,2111,2107
45.91705189139918,2098,2095
45.920958395728896,2111,2105
45.9248649000586,2104,2104
45.92877140438831,2095,2092
45.93267790871802,2100,2088
45.936584413047726,2101,2095
45.94049091737744,2047,2051
45.944397421707144,2048,2046
45.94830392603686,2019,2035
45.95221043036656,2042,2048
45.956116934696276,2031,2028
45.96002343902598,2033,2024
45.963929943355694,1979,1977
45.9678364476854,1977,1978
45.971742952015106,1947,1949
45.97564945634482,1944,1958
45.979555960674524,1970,1991
45.98346246500424,1970,1983
45.98736896933394,1972,1986
45.991275473663656,1980,1990
45.99518197799336,2008,2005
45.999088482323074,2047,2045
46.00299498665278,2065,2074
46.00690149098249,2106,2096
46.0108079953122,2118,2123
46.014714499641904,2137,2125
46.01862100397162,2116,2114
46.02252750830132,2129,2123
46.026434012631036,2129,2130
46.03034051696074,2150,2137
46.034247021290454,2117,2098
46.03815352562016,2099,2090
46.04206002994987,2081,2072
46.04596653427958,2064,2066
46.04987303860929,2044,2043
46.053779542939,2061,2070
46.0576860472687,2062,2065
46.061592551598416,2040,2046
46.06549905592812,2018,2017
46.069405560257835,2003,2002
46.07331206458754,2013,2022
46.07721856891725,1984,1985
46.08112507324696,1994,1993
46.08503157757667,1987,1989
46.08893808190638,1980,1985
46.09284458623609,1992,1993
46.096751090565796,2040,2036
46.1006575948955,2042,2036
46.104564099225215,2075,2073
46.10847060355492,2090,2100
46.11237710788463,2105,2100
46.11628361221434,2109,2103
46.12019011654405,2121,2121
46.12409662087376,2131,2116
46.12800312520347,2109,2098
46.131909629533176,2132,2131
46.13581613386288,2069,2072
46.139722638192595,2066,2084
46.1436291425223,2073,2076
46.14753564685201,2064,2059
46.15144215118172,2071,2065
46.15534865551143,2065,2063
46.15925515984114,2036,2037
46.16316166417085,2030,2031
46.167068168500556,1975,1973
46.17097467283027,1988,1997
46.174881177159975,1967,1976
46.17878768148968,1985,1992
46.18269418581939,1993,1997
46.1866006901491,1978,1996
46.19050719447881,2024,2023
46.19441369880852,2025,2031
46.19832020313823,2027,2033
46.202226707467936,2063,2057
46.20613321179765,2107,2095
46.210039716127355,2140,2127
46.21394622045707,2144,2129
46.21785272478677,2122,2111
46.22175922911648,2126,2124
46.22566573344619,2113,2099
46.2295722377759,2136,2131
46.23347874210561,2113,2104
46.237385246435316,2091,2085
46.24129175076503,2070,2075
46.245198255094735,2053,2050
46.24910475942445,2054,2045
46.25301126375415,2053,2051
46.256917768083866,2045,2043
46.26082427241357,2011,2013
46.26473077674328,1978,1984
46.26863728107299,1964,1968
46.272543785402696,1946,1947
46.27645028973241,1969,1979
46.280356794062115,1965,1975
46.28426329839183,1945,1961
46.288169802721534,1959,1963
46.292076307051246,1979,1991
46.29598281138095,1999,1999
46.299889315710665,2044,2035
46.30379582004037,2081,2070
46.30770232437008,2095,2093
46.31160882869979,2081,2074
46.315515333029495,2090,2081
46.31942183735921,2085,2081
46.323328341688914,2078,2068
46.32723484601863,2128,2131
46.33114135034833,2094,2098
46.335047854678045,2065,2056
46.33895435900775,2073,2062
46.342860863337464,2055,2054
46.34676736766717,2061,2057
46.350673871996875,2056,2059
46.35458037632659,2037,2042
46.358486880656294,2040,2042
46.36239338498601,2011,2011
46.36629988931571,1978,1987
46.370206393645425,1968,1973
46.37411289797513,1988,2010
46.378019402304844,1978,1987
46.38192590663455,1970,1978
46.38583241096426,1956,1968
46.38973891529397,1969,1966
46.393645419623674,1988,1985
46.39755192395339,2005,1999
46.40145842828309,2062,2051
46.405364932612805,2098,2081
46.40927143694251,2117,2107
46.413177941272224,2096,2087
46.41708444560193,2109,2105
46.42099094993164,2107,2087
46.42489745426135,2120,2116
46.42880395859106,2104,2107
46.43271046292077,2100,2086
46.43661696725047,2058,2059
46.440523471580185,2032,2032
46.44442997590989,2080,2076
46.448336480239604,2025,2024
46.45224298456931,2028,2043
46.45614948889902,2026,2031
46.46005599322873,2030,2029
46.46396249755844,1966,1975
46.46786900188815,1985,1996
46.47177550621786,1943,1952
46.475682010547565,1980,1973
46.47958851487727,1948,1955
46.483495019206984,1980,1982
46.48740152353669,1959,1957
46.4913080278664,1977,1977
46.49521453219611,2014,2023
46.49912103652582,2045,2047
46.50302754085553,2091,2087
46.50693404518524,2093,2097
46.510840549514946,2124,2122
46.51474705384466,2125,2104
46.518653558174364,2120,2110
46.52256006250407,2125,2128
46.52646656683378,2152,2135
46.53037307116349,2123,2124
46.5342795754932,2094,2085
46.53818607982291,2100,2083
46.54209258415262,2070,2065
46.545999088482326,2088,2071
46.54990559281204,2062,2062
46.553812097141744,2069,2071
46.55771860147146,2045,2048
46.56162510580116,2041,2048
46.56553161013087,2012,2019
46.56943811446058,1981,1988
46.57334461879029,2008,2002
46.57725112312,1998,2012
46.581157627449706,1986,1991
46.58506413177942,1998,2002
46.588970636109124,1972,1976
46.59287714043884,1979,1987
46.59678364476854,2016,2021
46.600690149098256,2077,2071
46.60459665342796,2095,2090
46.60850315775767,2127,2120
46.61240966208738,2094,2099
46.616316166417086,2116,2106
46.6202226707468,2106,2107
46.624129175076504,2136,2123
46.62803567940622,2138,2140
46.63194218373592,2107,2105
46.635848688065636,2082,2082
46.63975519239534,2077,2072
46.643661696725054,2044,2043
46.64756820105476,2060,2046
46.651474705384466,2051,2049
46.65538120971418,2054,2055
46.659287714043884,2035,2035
46.6631942183736,2035,2025
46.6671007227033,1995,1992
46.671007227033016,1983,1997
46.67491373136272,1968,1985
46.678820235692434,1997,1998
46.68272674002214,1969,1970
46.68663324435185,1984,1981
46.69053974868156,1994,2008
46.694446253011265,2030,2034
46.69835275734098,2063,2058
46.70225926167068,2087,2086
46.706165766000396,2116,2106
46.7100722703301,2102,2084
46.713978774659815,2139,2129
46.71788527898952,2127,2123
46.72179178331923,2140,2140
46.72569828764894,2122,2117
46.72960479197865,2136,2138
46.73351129630836,2113,2114
46.73741780063806,2086,2079
46.741324304967776,2075,2067
46.74523080929748,2063,2066
46.749137313627195,2034,2041
46.7530438179569,2054,2045
46.75695032228661,2051,2042
46.76085682661632,2008,2014
46.76476333094603,1992,2009
46.76866983527574,1968,1977
46.77257633960544,1954,1967
46.776482843935156,1966,1975
46.78038934826486,1972,1987
46.784295852594575,1944,1967
46.78820235692428,1968,1981
46.79210886125399,1989,1984
46.7960153655837,2002,1999
46.79992186991341,2012,2013
46.80382837424312,2077,2080
46.80773487857283,2062,2059
46.811641382902536,2109,2089
46.81554788723224,2126,2119
46.819454391561955,2092,2075
46.82336089589166,2118,2119
46.82726740022137,2110,2108
46.83117390455108,2079,2065
46.83508040888079,2098,2097
46.8389869132105,2060,2064
46.84289341754021,2035,2042
46.846799921869916,2024,2035
46.85070642619963,2048,2058
46.854612930529335,2044,2036
46.85851943485904,2055,2057
46.86242593918875,2004,2006
46.86633244351846,2005,2006
46.87023894784817,1960,1967
46.87414545217788,1981,1990
46.87805195650759,1987,1992
46.881958460837296,1970,1982
46.88586496516701,1954,1954
46.889771469496715,1989,2002
46.89367797382643,2008,2005
46.89758447815613,2045,2042
46.90149098248584,2045,2042
46.90539748681555,2089,2082
46.90930399114526,2111,2107
46.91321049547497,2096,2098
46.917116999804676,2104,2110
46.92102350413439,2112,2106
46.924930008464095,2112,2099
46.92883651279381,2129,2121
46.932743017123514,2082,2078
46.936649521453226,2055,2054
46.94055602578293,2042,2045
46.94446253011264,2034,2028
46.94836903444235,2027,2032
46.95227553877206,2022,2023
46.95618204310177,2019,2019
46.960088547431475,2020,2030
46.96399505176119,1974,1978
46.967901556090894,1975,1985
46.97180806042061,1951,1962
46.97571456475031,1952,1976
46.979621069080025,1969,1964
46.98352757340973,1982,1990
46.98743407773944,1967,1976
46.99134058206915,2001,1995
46.995247086398855,2014,2018
46.99915359072857,2039,2035
47.003060095058274,2094,2092
47.00696659938799,2109,2113
47.01087310371769,2116,2108
47.014779608047405,2127,2121
47.01868611237711,2136,2126
47.022592616706824,2111,2100
47.02649912103653,2134,2119
47.030405625366235,2113,2106
47.03431212969595,2137,2126
47.038218634025654,2087,2095
47.04212513835537,2067,2067
47.04603164268507,2081,2073
47.049938147014785,2079,2075
47.05384465134449,2050,2044
47.057751155674204,2091,2091
47.06165766000391,2045,2059
47.06556416433362,2009,2017
47.06947066866333,1982,1982
47.073377172993034,1985,1988
47.07728367732275,1978,1983
47.08119018165245,1982,1996
47.085096685982165,1996,1987
47.08900319031187,1996,2001
47.092909694641584,2002,2008
47.09681619897129,2012,2024
47.100722703301,2055,2057
47.10462920763071,2098,2093
47.10853571196042,2151,2141
47.11244221629013,2135,2128
47.11634872061983,2127,2126
47.120255224949545,2132,2122
47.12416172927925,2121,2113
47.128068233608964,2139,2128
47.13197473793867,2132,2110
47.13588124226838,2093,2086
47.13978774659809,2095,2085
47.1436942509278,2061,2053
47.14760075525751,2048,2039
47.15150725958722,2042,2053
47.155413763916926,2035,2040
47.15932026824663,2023,2027
47.163226772576344,2013,2022
47.16713327690605,1993,1993
47.17103978123576,1986,1992
47.17494628556547,1968,1981
47.17885278989518,1972,1979
47.18275929422489,1987,1982
47.1866657985546,1988,1989
47.190572302884306,1992,2002
47.19447880721402,2001,2005
47.198385311543724,2062,2061
47.20229181587343,2081,2082
47.20619832020314,2125,2117
47.21010482453285,2134,2132
47.21401132886256,2148,2140
47.21791783319227,2137,2127
47.22182433752198,2129,2112
47.225730841851686,2111,2105
47.2296373461814,2149,2141
47.233543850511104,2114,2116
47.23745035484082,2068,2067
47.24135685917052,2056,2053
47.24526336350023,2045,2041
47.24916986782994,2063,2064
47.25307637215965,2058,2050
47.25698287648936,2044,2049
47.260889380819066,2001,1989
47.26479588514878,1991,1997
47.268702389478484,1962,1962
47.2726088938082,1954,1959
47.2765153981379,1964,1967
47.280421902467616,1955,1966
47.28432840679732,1979,1984
47.28823491112703,1936,1949
47.29214141545674,1970,1976
47.296047919786446,1993,1993
47.29995442411616,2018,2032
47.303860928445864,2048,2057
47.30776743277558,2094,2085
47.31167393710528,2093,2082
47.315580441434996,2098,2091
47.3194869457647,2081,2078
47.323393450094414,2095,2085
47.32729995442412,2129,2121
47.331206458753826,2098,2089
47.33511296308354,2070,2076
47.339019467413245,2063,2061
47.34292597174296,2058,2050
47.34683247607266,2016,2032
47.350738980402376,2048,2047
47.35464548473208,2033,2033
47.358551989061795,2021,2022
47.3624584933915,2008,2014
47.36636499772121,1989,1998
47.37027150205092,1985,1981
47.374178006380625,1980,1985
47.37808451071034,1990,1998
47.38199101504004,1987,1993
47.385897519369756,1968,1970
47.38980402369946,1970,1974
47.393710528029175,1996,1996
47.39761703235888,2027,2031
47.40152353668859,2051,2036
47.4054300410183,2072,2062
47.409336545348005,2122,2112
47.41324304967772,2121,2120
47.41714955400742,2090,2087
47.421056058337136,2102,2092
47.42496256266684,2095,2087
47.428869066996555,2108,2095
47.43277557132626,2093,2093
47.43668207565597,2048,2054
47.44058857998568,2070,2066
47.44449508431539,2011,2010
47.4484015886451,2019,2030
47.4523080929748,2047,2050
47.456214597304516,2025,2031
47.46012110163422,2008,2008
47.464027605963935,1997,2000
47.46793411029364,1951,1966
47.47184061462335,1971,1979
47.47574711895306,1961,1955
47.47965362328277,1961,1970
47.48356012761248,1965,1970
47.48746663194219,1975,1985
47.491373136271896,1991,2002
47.4952796406016,1991,1990
47.499186144931315,2021,2031
47.50309264926102,2077,2082
47.50699915359073,2100,2103
47.51090565792044,2119,2109
47.51481216225015,2121,2117
47.51871866657986,2138,2123
47.52262517090957,2131,2125
47.526531675239276,2142,2125
47.53043817956899,2128,2124
47.534344683898695,2110,2106
47.5382511882284,2108,2095
47.54215769255811,2080,2073
47.54606419688782,2061,2065
47.54997070121753,2077,2073
47.55387720554724,2083,2087
47.55778370987695,2050,2055
47.561690214206656,2037,2038
47.56559671853637,1997,2015
47.569503222866075,1997,2006
47.57340972719579,1981,1990
47.577316231525494,1984,1993
47.5812227358552,2000,1994
47.58512924018491,1990,2006
47.58903574451462,1981,1981
47.59294224884433,1991,2001
47.59684875317404,2021,2023
47.60075525750375,2055,2068
47.604661761833455,2097,2094
47.60856826616317,2127,2128
47.612474770492874,2121,2116
47.61638127482259,2120,2111
47.62028777915229,2115,2102
47.624194283482,2146,2136
47.62810078781171,2131,2124
47.63200729214142,2100,2095
47.63591379647113,2094,2090
47.639820300800835,2072,2069
47.64372680513055,2052,2057
47.647633309460254,2061,2055
47.65153981378997,2069,2062
47.65544631811967,2053,2054
47.659352822449385,2050,2051
47.66325932677909,2028,2034
47.6671658311088,1995,2001
47.67107233543851,1999,2001
47.674978839768215,1987,1990
47.67888534409793,1993,1987
47.682791848427634,1988,1987
47.68669835275735,1981,1993
47.69060485708705,2007,2004
47.694511361416765,2002,2006
47.69841786574647,2038,2036
47.702324370076184,2101,2105
47.70623087440589,2116,2119
47.710137378735595,2118,2110
47.71404388306531,2152,2148
47.717950387395014,2135,2124
47.72185689172473,2144,2143
47.72576339605443,2133,2117
47.729669900384145,2122,2116
47.73357640471385,2106,2101
47.737482909043564,2102,2096
47.74138941337327,2069,2063
47.74529591770298,2039,2043
47.74920242203269,2044,2052
47.753108926362394,2052,2046
47.75701543069211,2037,2039
47.76092193502181,2026,2024
47.764828439351525,2000,1993
47.76873494368123,1978,1993
47.772641448010944,1958,1963
47.77654795234065,1936,1941
47.78045445667036,1954,1959
47.78436096100007,1950,1952
47.78826746532978,1969,1964
47.79217396965949,1956,1962
47.79608047398919,1971,1983
47.799986978318906,2041,2050
47.80389348264861,2077,2073
47.807799986978324,2075,2069
47.81170649130803,2084,2076
47.81561299563774,2116,2098
47.81951949996745,2089,2084
47.82342600429716,2095,2092
47.82733250862687,2129,2126
47.83123901295658,2092,2086
47.835145517286286,2077,2074
47.83905202161599,2046,2048
47.842958525945704,2036,2028
47.84686503027541,2041,2039
47.85077153460512,2078,2072
47.85467803893483,2037,2041
47.85858454326454,2037,2038
47.86249104759425,2013,2007
47.86639755192396,2002,2011
47.870304056253666,1972,1980
47.87421056058338,1966,1971
47.878117064913084,1982,1987
47.88202356924279,1977,1982
47.8859300735725,1988,2007
47.88983657790221,1978,1992
47.89374308223192,1980,1983
47.89764958656163,2033,2041
47.90155609089134,2053,2053
47.905462595221046,2089,2074
47.90936909955076,2099,2099
47.913275603880464,2134,2118
47.91718210821018,2089,2084
47.92108861253988,2092,2091
47.92499511686959,2107,2096
47.9289016211993,2097,2094
47.93280812552901,2113,2109
47.93671462985872,2095,2089
47.940621134188426,2043,2040
47.94452763851814,2024,2032
47.948434142847844,2024,2023
47.95234064717756,2028,2031
47.95624715150726,2032,2035
47.960153655836976,2015,2009
47.96406016016668,1980,1985
47.96796666449639,1958,1966
47.9718731688261,1969,1976
47.975779673155806,1942,1957
47.97968617748552,1978,1986
47.983592681815225,1971,1976
47.98749918614494,1980,1988
47.99140569047464,1961,1977
47.995312194804356,2012,2023
47.99921869913406,2048,2040
48.00312520346377,2081,2071
48.00703170779348,2122,2122
48.010938212123186,2131,2132
48.0148447164529,2119,2099
48.018751220782605,2135,2119
48.02265772511232,2112,2108
48.02656422944202,2129,2114
48.030470733771736,2155,2136
48.03437723810144,2112,2106
48.038283742431155,2085,2081
48.04219024676086,2081,2071
48.046096751090566,2064,2060
48.05000325542028,2057,2053
48.053909759749985,2071,2066
48.0578162640797,2056,2053
48.0617227684094,2047,2048
48.065629272739116,1990,2001
48.06953577706882,2015,2015
48.073442281398535,2004,2007
48.07734878572824,1998,1996
48.08125529005795,1988,2004
48.08516179438766,1986,1990
48.089068298717365,1988,1995
48.09297480304708,2019,2019
48.09688130737678,2028,2032
48.100787811706496,2057,2049
48.1046943160362,2106,2093
48.108600820365915,2110,2098
48.11250732469562,2111,2115
48.11641382902533,2122,2109
48.12032033335504,2139,2125
48.12422683768475,2137,2135
48.12813334201446,2119,2106
48.13203984634416,2081,2081
48.135946350673876,2078,2080
48.13985285500358,2052,2058
48.143759359333295,2043,2037
48.147665863663,2046,2047
48.15157236799271,2044,2047
48.15547887232242,2044,2039
48.15938537665213,2049,2048
48.16329188098184,2012,2012
48.16719838531155,1967,1968
48.171104889641256,1980,1992
48.17501139397096,1999,1996
48.178917898300675,1988,1992
48.18282440263038,1984,1996
48.18673090696009,1996,2000
48.1906374112898,1998,2008
48.19454391561951,2033,2039
48.19845041994922,2066,2063
48.20235692427893,2101,2096
48.206263428608636,2092,2090
48.21016993293835,2143,2141
48.214076437268055,2136,2123
48.21798294159776,2148,2152
48.221889445927474,2158,2142
48.22579595025718,2114,2111
48.22970245458689,2160,2141
48.2336089589166,2117,2104
48.23751546324631,2110,2112
48.24142196757602,2070,2066
48.24532847190573,2056,2055
48.249234976235435,2059,2065
48.25314148056515,2057,2052
48.257047984894854,2045,2046
48.26095448922456,2041,2057
48.26486099355427,1979,1990
48.26876749788398,1960,1975
48.27267400221369,1952,1970
48.2765805065434,1965,1980
48.28048701087311,1947,1946
48.284393515202815,1954,1961
48.28830001953253,1960,1960
48.292206523862234,1974,1980
48.29611302819195,1981,1994
48.30001953252165,2008,2009
48.30392603685136,2055,2058
48.30783254118107,2080,2083
48.31173904551078,2113,2111
48.31564554984049,2100,2106
48.319552054170195,2101,2104
48.32345855849991,2099,2080
48.327365062829614,2127,2123
48.33127156715933,2113,2111
48.33517807148903,2086,2067
48.339084575818745,2051,2042
48.34299108014845,2056,2050
48.34689758447816,2031,2038
48.35080408880787,2037,2030
48.354710593137575,2048,2051
48.35861709746729,2069,2074
48.362523601796994,2025,2030
48.36643010612671,1996,2003
48.37033661045641,1964,1975
48.374243114786125,1989,1987
48.37814961911583,1981,1983
48.382056123445544,1970,1979
48.38596262777525,1984,1985
48.389869132104955,1994,1999
48.39377563643467,1995,1999
48.397682140764374,2018,2011
48.40158864509409,2083,2086
48.40549514942379,2091,2099
48.409401653753505,2108,2109
48.41330815808321,2093,2086
48.417214662412924,2103,2098
48.42112116674263,2099,2097
48.42502767107234,2128,2122
48.42893417540205,2118,2109
48.432840679731754,2064,2060
48.43674718406147,2081,2068
48.44065368839117,2047,2044
48.444560192720886,2043,2049
48.44846669705059,2033,2028
48.452373201380304,1997,1998
48.45627970571001,2015,2021
48.46018621003972,2010,2010
48.46409271436943,1988,2002
48.46799921869914,1938,1942
48.47190572302885,1934,1936
48.47581222735855,1965,1975
48.479718731688266,1973,1982
48.48362523601797,1986,1989
48.487531740347684,1948,1945
48.49143824467739,1985,1988
48.4953447490071,2005,2014
48.49925125333681,2036,2034
48.50315775766652,2087,2090
48.50706426199623,2114,2102
48.51097076632594,2121,2120
48.514877270655646,2145,2134
48.51878377498535,2135,2128
48.522690279315064,2146,2146
48.52659678364477,2131,2111
48.53050328797448,2136,2120
48.53440979230419,2111,2108
48.5383162966339,2099,2100
48.54222280096361,2078,2080
48.54612930529332,2078,2080
48.550035809623026,2064,2055
48.55394231395274,2064,2064
48.557848818282444,2046,2054
48.56175532261215,2031,2023
48.56566182694186,2003,2012
48.56956833127157,1994,2000
48.57347483560128,1989,1997
48.57738133993099,2002,2011
48.5812878442607,1965,1974
48.585194348590406,1963,1978
48.58910085292012,1976,1984
48.593007357249824,1996,1992
48.59691386157954,1998,2005
48.60082036590924,2056,2062
48.60472687023895,2120,2113
48.60863337456866,2093,2088
48.61253987889837,2120,2110
48.61644638322808,2116,2108
48.620352887557786,2111,2095
48.6242593918875,2118,2109
48.628165896217205,2110,2105
48.63207240054692,2113,2106
48.63597890487662,2087,2080
48.63988540920633,2052,2034
48.64379191353604,2064,2064
48.64769841786575,2097,2093
48.65160492219546,2077,2063
48.655511426525166,2067,2077
48.65941793085488,2045,2056
48.663324435184585,2018,2033
48.6672309395143,2007,2001
48.671137443844,1992,1996
48.675043948173716,1983,1984
48.67895045250342,1993,2003
48.68285695683313,2002,2012
48.68676346116284,2008,2013
48.690669965492546,1986,1994
48.69457646982226,2037,2024
48.698482974151965,2058,2043
48.70238947848168,2093,2089
48.70629598281138,2129,2118
48.710202487141096,2140,2128
48.7141089914708,2123,2110
48.718015495800515,2132,2120
48.72192200013022,2121,2121
48.725828504459926,2163,2160
48.72973500878964,2119,2114
48.733641513119345,2125,2131
48.73754801744906,2076,2068
48.74145452177876,2053,2053
48.745361026108476,2057,2069
48.74926753043818,2050,2047
48.753174034767895,2031,2028
48.7570805390976,2032,2024
48.76098704342731,2000,2003
48.76489354775702,1995,1992
48.768800052086725,1975,1993
48.77270655641644,1953,1975
48.77661306074614,1963,1979
48.780519565075856,1949,1954
48.78442606940556,1960,1968
48.788332573735275,1945,1954
48.79223907806498,1959,1974
48.79614558239469,1984,2002
48.8000520867244,2021,2029
48.80395859105411,2064,2065
48.80786509538382,2096,2093
48.81177159971352,2094,2083
48.815678104043236,2093,2086
48.81958460837294,2091,2092
48.823491112702655,2111,2102
48.82739761703236,2112,2107
48.83130412136207,2090,2073
48.83521062569178,2083,2073
48.83911713002149,2068,2062
48.8430236343512,2059,2060
48.84693013868091,2043,2050
48.85083664301062,2039,2050
48.85474314734032,2056,2065
48.858649651670035,2032,2023
48.86255615599974,2006,1999
48.866462660329454,2012,2008
48.87036916465916,1963,1971
48.87427566898887,1989,2000
48.87818217331858,1983,1987
48.88208867764829,1983,1987
48.885995181978,1976,1988
48.88990168630771,1962,1970
48.893808190637415,1981,1991
48.89771469496712,2012,2027
48.901621199296834,2051,2041
48.90552770362654,2077,2078
48.90943420795625,2126,2119
48.91334071228596,2110,2098
48.91724721661567,2106,2104
48.92115372094538,2099,2088
48.92506022527509,2119,2102
48.928966729604795,2115,2108
48.93287323393451,2100,2095
48.936779738264214,2077,2075
48.94068624259392,2064,2051
48.94459274692363,2044,2038
48.94849925125334,2020,2022
48.95240575558305,2036,2034
48.95631225991276,2004,2009
48.96021876424247,1987,1996
48.964125268572175,1995,2001
48.96803177290189,1945,1951
48.971938277231594,1942,1956
48.97584478156131,1958,1957
48.97975128589101,1981,1986
48.98365779022072,1961,1972
48.98756429455043,1956,1973
48.99147079888014,1960,1972
48.99537730320985,2005,2020
48.999283807539555,2053,2044
49.00319031186927,2081,2085
49.007096816198974,2117,2114
49.01100332052869,2118,2115
49.01490982485839,2120,2108
49.018816329188105,2108,2115
49.02272283351781,2130,2119
49.02662933784752,2151,2133
49.03053584217723,2132,2135
49.034442346506935,2113,2100
49.03834885083665,2091,2090
49.042255355166354,2091,2096
49.04616185949607,2075,2064
49.05006836382577,2067,2061
49.053974868155485,2083,2095
49.05788137248519,2032,2037
49.061787876814904,2030,2030
49.06569438114461,2003,2006
49.069600885474316,1988,1987
49.07350738980403,1993,2002
49.077413894133734,1984,1980
49.08132039846345,1966,1961
49.08522690279315,1971,1972
49.089133407122866,1980,1978
49.09303991145257,1976,1986
49.096946415782284,2012,2008
49.10085292011199,2059,2067
49.1047594244417,2099,2086
49.10866592877141,2108,2091
49.112572433101114,2125,2115
49.11647893743083,2108,2102
49.12038544176053,2102,2090
49.124291946090246,2106,2100
49.12819845041995,2123,2113
49.132104954749664,2124,2107
49.13601145907937,2123,2116
49.13991796340908,2069,2074
49.14382446773879,2056,2056
49.1477309720685,2044,2041
49.15163747639821,2049,2053
49.15554398072791,2059,2055
49.159450485057626,2031,2035
49.16335698938733,2026,2033
49.167263493717044,2018,2006
49.17116999804675,1973,1981
49.17507650237646,1978,1985
49.17898300670617,1990,1996
49.18288951103588,2011,2008
49.18679601536559,1986,1994
49.1907025196953,1990,1996
49.194609024025006,2014,2019
49.19851552835471,2074,2082
49.202422032684424,2087,2074
49.20632853701413,2151,2146
49.21023504134384,2144,2128
49.21414154567355,2145,2139
49.21804805000326,2134,2114
49.22195455433297,2131,2120
49.22586105866268,2127,2108
49.229767562992386,2128,2129
49.2336740673221,2123,2115
49.237580571651804,2105,2106
49.24148707598151,2065,2065
49.24539358031122,2021,2020
49.24930008464093,2055,2044
49.25320658897064,2070,2055
49.25711309330035,2041,2034
49.26101959763006,2018,2022
49.264926101959766,2013,2015
49.26883260628948,1955,1963
49.272739110619185,1957,1970
49.27664561494889,1949,1961
49.2805521192786,1962,1963
49.28445862360831,1943,1957
49.28836512793802,1965,1976
49.29227163226773,1953,1965
49.29617813659744,1975,1981
49.300084640927146,2012,2012
49.30399114525686,2062,2061
49.307897649586565,2104,2096
49.31180415391628,2107,2107
49.31571065824598,2079,2077
49.31961716257569,2099,2101
49.3235236669054,2101,2102
49.32743017123511,2110,2119
49.33133667556482,2126,2115
49.335243179894526,2080,2079
49.33914968422424,2072,2070
49.343056188553945,2038,2035
49.34696269288366,2023,2042
49.35086919721336,2018,2021
49.354775701543076,2057,2044
49.35868220587278,2049,2044
49.36258871020249,2013,2021
49.3664952145322,1994,1988
49.370401718861906,1959,1967
49.37430822319162,1996,1993
49.378214727521325,1987,2000
49.38212123185104,1966,1975
49.38602773618074,1992,2007
49.389934240510456,1992,1993
49.39384074484016,1993,1999
49.397747249169875,2027,2031
49.40165375349958,2064,2058
49.405560257829286,2076,2070
49.409466762159,2105,2103
49.413373266488705,2110,2099
49.41727977081842,2093,2086
49.42118627514812,2113,2109
49.425092779477836,2105,2091
49.42899928380754,2100,2095
49.432905788137255,2079,2075
49.43681229246696,2080,2068
49.44071879679667,2062,2061
49.44462530112638,2062,2061
49.448531805456085,2018,2026
49.4524383097858,2032,2042
49.4563448141155,1992,2001
49.460251318445216,2017,2016
49.46415782277492,1998,1997
49.468064327104635,1969,1969
49.47197083143434,1947,1955
49.475877335764054,1971,1972
49.47978384009376,1990,1992
49.48369034442347,1965,1974
49.48759684875318,1958,1970
49.491503353082884,1979,1987
49.4954098574126,1988,1999
49.4993163617423,2047,2047
49.503222866072015,2072,2056
49.50712937040172,2126,2113
49.511035874731434,2123,2107
49.51494237906114,2130,2130
49.51884888339085,2119,2102
49.52275538772056,2121,2118
49.52666189205027,2135,2121
49.53056839637998,2131,2131
49.53447490070968,2120,2102
49.538381405039395,2098,2084
49.5422879093691,2042,2059
49.546194413698814,2063,2057
49.55010091802852,2053,2052
49.55400742235823,2077,2081
49.55791392668794,2060,2053
49.56182043101765,2034,2033
49.56572693534736,2003,2005
49.56963343967707,2009,2009
49.573539944006775,1986,1995
49.57744644833648,1971,1973
49.581352952666194,1978,1977
49.5852594569959,1987,1996
49.58916596132561,1995,2006
49.59307246565532,1975,1985
49.59697896998503,2012,2022
49.60088547431474,2067,2061
49.60479197864445,2099,2085
49.608698482974155,2114,2108
49.61260498730387,2106,2104
49.616511491633574,2103,2103
49.62041799596328,2129,2119
49.62432450029299,2128,2114
49.6282310046227,2109,2100
49.63213750895241,2101,2098
49.63604401328212,2097,2086
49.63995051761183,2067,2068
49.643857021941535,2059,2068
49.64776352627125,2060,2068
49.651670030600954,2051,2047
49.65557653493067,2053,2039
49.65948303926037,2043,2038
49.66338954359008,2014,2027
49.66729604791979,2015,2009
49.6712025522495,1947,1961
49.67510905657921,1989,1991
49.679015560908915,1990,1996
49.68292206523863,1999,1995
49.686828569568334,1975,1980
49.69073507389805,2005,2000
49.69464157822775,2009,2008
49.698548082557465,2045,2038
49.70245458688717,2083,2092
49.70636109121688,2131,2120
49.71026759554659,2122,2116
49.714174099876296,2136,2121
49.71808060420601,2154,2143
49.721987108535714,2143,2138
49.72589361286543,2140,2134
49.72980011719513,2136,2115
49.733706621524846,2123,2114
49.73761312585455,2088,2081
49.741519630184264,2040,2041
49.74542613451397,2042,2040
49.749332638843676,2040,2035
49.75323914317339,2060,2054
49.757145647503094,2049,2052
49.76105215183281,2021,2024
49.76495865616251,1994,2010
49.768865160492226,1961,1968
49.77277166482193,1964,1969
49.776678169151644,1963,1969
49.78058467348135,1961,1970
49.78449117781106,1944,1948
49.78839768214077,1976,1993
49.792304186470474,1963,1979
49.79621069080019,1989,1988
49.80011719512989,2053,2053
49.804023699459606,2056,2047
49.80793020378931,2080,2079
49.811836708119024,2097,2080
49.81574321244873,2098,2096
49.81964971677844,2106,2093
49.82355622110815,2090,2089
49.82746272543786,2112,2106
49.83136922976757,2090,2089
49.83527573409727,2082,2072
49.839182238426986,2080,2077
49.84308874275669,2059,2061
49.846995247086404,2045,2037
49.85090175141611,2038,2032
49.85480825574582,2053,2060
49.85871476007553,2028,2034
49.86262126440524,2006,2010
49.86652776873495,1990,2001
49.87043427306466,1976,1965
49.874340777394366,1968,1983
49.87824728172407,1967,1971
49.882153786053784,1984,1991
49.88606029038349,1985,1989
49.8899667947132,1997,2001
49.89387329904291,2014,2028
49.89777980337262,2013,2014
49.90168630770233,2062,2061
49.90559281203204,2097,2090
49.909499316361746,2129,2122
49.91340582069145,2124,2119
49.917312325021165,2097,2088
49.92121882935087,2100,2104
49.92512533368058,2097,2088
49.92903183801029,2098,2087
49.93293834234,2083,2075
49.93684484666971,2089,2088
49.94075135099942,2052,2059
49.944657855329126,2035,2031
49.94856435965884,2018,2026
49.952470863988545,2035,2030
49.95637736831825,1996,1994
49.96028387264796,2005,2001
49.96419037697767,1968,1979
49.96809688130738,1949,1960
49.97200338563709,1948,1960
49.9759098899668,1976,1987
49.979816394296506,1973,1973
49.98372289862622,1950,1968
49.987629402955925,1972,1977
49.99153590728564,1981,1976
49.99544241161534,1996,1994
49.99934891594505,2043,2042
50.00325542027476,2080,2083
50.00716192460447,2127,2105
50.01106842893418,2129,2116
50.014974933263886,2154,2135
50.0188814375936,2130,2123
50.022787941923305,2140,2126
50.02669444625302,2127,2135
50.03060095058272,2144,2132
50.034507454912436,2103,2091
50.03841395924214,2105,2099
50.04232046357185,2076,2070
50.04622696790156,2069,2070
50.050133472231266,2073,2060
50.05403997656098,2080,2074
50.057946480890685,2047,2045
50.0618529852204,2054,2050
50.0657594895501,2020,2025
50.069665993879816,1995,1998
50.07357249820952,1997,1999
50.077479002539235,1981,1993
50.08138550686894,1986,1992
50.085292011198646,1998,1997
50.08919851552836,1987,1999
50.093105019858065,1998,1997
50.09701152418778,2039,2028
50.10091802851748,2048,2043
50.104824532847196,2103,2097
50.1087310371769,2111,2106
50.112637541506615,2114,2103
50.11654404583632,2113,2103
50.120450550166034,2095,2105
50.12435705449574,2117,2099
50.128263558825445,2132,2114
50.13217006315516,2119,2104
50.136076567484864,2071,2061
50.13998307181458,2059,2067
50.14388957614428,2041,2036
50.147796080473995,2065,2065
50.1517025848037,2052,2046
50.155609089133414,2038,2031
50.15951559346312,2042,2035
50.16342209779283,2035,2041
50.16732860212254,1994,1994
50.171235106452244,1982,2004
50.17514161078196,2001,2002
50.17904811511166,1987,1996
50.182954619441375,2014,2021
50.18686112377108,1967,1971
50.190767628100794,2004,2002
50.1946741324305,2002,2007
50.19858063676021,2064,2049
50.20248714108992,2077,2086
50.20639364541963,2114,2108
50.21030014974934,2149,2146
50.21420665407904,2129,2127
50.218113158408755,2131,2121
50.22201966273846,2139,2137
50.225926167068174,2149,2138
50.22983267139788,2147,2138
50.23373917572759,2125,2126
50.2376456800573,2093,2086
50.24155218438701,2062,2064
50.24545868871672,2034,2037
50.24936519304643,2058,2058
50.253271697376135,2037,2046
50.25717820170584,2025,2031
50.261084706035554,2036,2038
50.26499121036526,1982,1988
50.26889771469497,1971,1972
50.27280421902468,1967,1975
50.27671072335439,1968,1965
50.2806172276841,1954,1963
50.28452373201381,1938,1954
50.288430236343515,1953,1970
50.29233674067323,1981,1983
50.296243245002934,1992,1990
50.30014974933264,2033,2024
50.30405625366235,2051,2056
50.30796275799206,2100,2097
50.31186926232177,2090,2084
50.31577576665148,2116,2103
50.31968227098119,2090,2077
50.323588775310895,2105,2089
50.32749527964061,2117,2109
50.331401783970314,2123,2122
50.33530828830003,2090,2089
50.33921479262973,2053,2054
50.34312129695944,2025,2030
50.34702780128915,2021,2022
50.35093430561886,2033,2028
50.35484080994857,2051,2044
50.358747314278276,2025,2020
50.36265381860799,2030,2029
50.366560322937694,2005,2007
50.37046682726741,1980,1996
50.37437333159711,1961,1971
50.378279835926826,1979,1985
50.38218634025653,1977,1977
50.38609284458624,1969,1977
50.38999934891595,1990,1998
50.393905853245656,1986,1997
50.39781235757537,2031,2029
50.401718861905074,2066,2068
50.40562536623479,2100,2097
50.40953187056449,2109,2099
50.413438374894206,2091,2086
50.41734487922391,2094,2090
50.421251383553624,2093,2072
50.42515788788333,2114,2107
50.429064392213036,2114,2098
50.43297089654275,2090,2087
50.436877400872454,2050,2053
50.44078390520217,2050,2061
50.44469040953187,2049,2053
50.448596913861586,2042,2045
50.45250341819129,2035,2039
50.456409922521004,2014,2017
50.46031642685071,2015,2014
50.46422293118042,1966,1987
50.46812943551013,1978,1993
50.472035939839834,1921,1945
50.47594244416955,1969,1980
50.47984894849925,1955,1958
50.483755452828966,1964,1970
50.48766195715867,1968,1977
50.491568461488384,1988,1999
50.49547496581809,2004,2006
50.4993814701478,2045,2046
50.50328797447751,2077,2066
50.50719447880722,2117,2109
50.51110098313693,2130,2118
50.51500748746663,2133,2128
50.518913991796346,2156,2152
50.52282049612605,2103,2090
50.526727000455764,2143,2129
50.53063350478547,2114,2109
50.53454000911518,2116,2109
50.53844651344489,2076,2068
50.5423530177746,2051,2054
50.54625952210431,2067,2064
50.55016602643401,2059,2062
50.554072530763726,2048,2054
50.55797903509343,2052,2046
50.561885539423145,2038,2033
50.56579204375285,2000,2002
50.56969854808256,2011,2020
50.57360505241227,1969,1980
50.57751155674198,1983,1986
50.58141806107169,2006,2006
50.5853245654014,1988,1993
50.589231069731106,2001,2004
50.59313757406081,2010,2008
50.597044078390525,2019,2023
50.60095058272023,2067,2062
50.60485708704994,2115,2118
50.60876359137965,2109,2098
50.61267009570936,2107,2099
50.61657660003907,2083,2077
50.62048310436878,2123,2114
50.624389608698486,2124,2117
50.6282961130282,2115,2107
50.632202617357905,2132,2125
50.63610912168761,2097,2098
50.64001562601732,2082,2081
50.64392213034703,2063,2053
50.64782863467674,2042,2045
50.65173513900645,2040,2041
50.65564164333616,2060,2051
50.659548147665866,2025,2016
50.66345465199558,1989,1987
50.667361156325285,1996,2011
50.671267660655,1989,2012
50.6751741649847,1979,1984
50.67908066931441,1971,1981
50.68298717364412,1991,1988
50.68689367797383,2016,2014
50.69080018230354,1999,1992
50.694706686633246,1996,2009
50.69861319096296,2062,2062
50.702519695292665,2093,2076
50.70642619962238,2144,2132
50.71033270395208,2107,2093
50.714239208281796,2124,2130
50.7181457126115,2124,2106
50.72205221694121,2117,2104
50.72595872127092,2137,2118
50.729865225600626,2132,2122
50.73377172993034,2111,2101
50.737678234260045,2095,2092
50.74158473858976,2061,2067
50.745491242919464,2044,2045
50.749397747249176,2038,2051
50.75330425157888,2064,2058
50.757210755908595,2025,2022
50.7611172602383,2018,2026
50.76502376456801,1988,1996
50.76893026889772,1966,1976
50.772836773227425,1958,1966
50.77674327755714,1948,1957
50.780649781886844,1948,1949
50.78455628621656,1963,1978
50.78846279054626,1951,1964
50.792369294875975,1951,1958
50.79627579920568,1991,1991
50.800182303535394,2014,2009
50.8040888078651,2075,2073
50.807995312194805,2076,2065
50.81190181652452,2091,2084
50.815808320854224,2099,2090
50.81971482518394,2133,2131
50.82362132951364,2095,2083
50.827527833843355,2118,2107
50.83143433817306,2089,2089
50.835340842502774,2114,2105
50.83924734683248,2032,2033
50.84315385116219,2052,2047
50.8470603554919,2035,2050
50.850966859821604,2048,2053
50.85487336415132,2048,2049
50.85877986848102,2040,2044
50.862686372810735,2001,1995
50.86659287714044,1972,1982
50.870499381470154,1959,1969
50.87440588579986,1983,1983
50.87831239012957,1990,2003
50.88221889445928,1974,1978
50.88612539878899,1967,1980
50.8900319031187,1962,1982
50.8939384074484,1996,2004
50.897844911778115,2026,2020
50.90175141610782,2077,2089
50.905657920437534,2073,2067
50.90956442476724,2103,2101
50.91347092909695,2108,2092
50.91737743342666,2093,2088
50.92128393775637,2100,2090
50.92519044208608,2116,2110
50.92909694641579,2100,2098
50.933003450745495,2097,2089
50.9369099550752,2064,2053
50.940816459404914,2042,2037
50.94472296373462,2037,2039
50.94862946806433,2030,2029
50.95253597239404,2046,2051
50.95644247672375,2028,2032
50.96034898105346,2014,2021
50.96425548538317,1984,1994
50.968161989712875,1956,1968
50.97206849404259,1967,1981
50.975974998372294,1984,1989
50.979881502702,1936,1939
50.98378800703171,1961,1972
50.98769451136142,1970,1980
50.99160101569113,1951,1965
50.99550752002084,2013,2014
50.99941402435055,2044,2046
51.003320528680256,2069,2062
51.00722703300997,2100,2093
51.011133537339674,2123,2106
51.01504004166939,2122,2111
51.01894654599909,2136,2123
51.0228530503288,2142,2130
51.02675955465851,2129,2130
51.03066605898822,2136,2119
51.03457256331793,2132,2133
51.038479067647636,2089,2094
51.04238557197735,2070,2058
51.046292076307054,2073,2067
51.05019858063677,2077,2071
51.05410508496647,2053,2046
51.058011589296186,2047,2049
51.06191809362589,2013,2012
51.0658245979556,2008,2015
51.06973110228531,1989,1985
51.073637606615016,2006,2005
51.07754411094473,1981,1982
51.081450615274434,2001,1999
51.08535711960415,1982,1999
51.08926362393385,1990,1991
51.093170128263566,2010,2015
51.09707663259327,2004,2013
51.100983136922984,2066,2058
51.10488964125269,2101,2096
51.108796145582396,2094,2091
51.11270264991211,2103,2099
51.116609154241814,2116,2106
51.12051565857153,2131,2118
51.12442216290123,2101,2098
51.128328667230946,2112,2112
51.13223517156065,2105,2108
51.136141675890364,2092,2087
51.14004818022007,2056,2055
51.143954684549776,2034,2034
51.14786118887949,2045,2037
51.151767693209194,2037,2024
51.15567419753891,2047,2051
51.15958070186861,2036,2036
51.163487206198326,2005,2012
51.16739371052803,1989,1997
51.171300214857744,1995,1996
51.17520671918745,1991,1986
51.17911322351716,1982,2001
51.18301972784687,1977,1995
51.186926232176575,1995,1996
51.19083273650629,1997,2011
51.19473924083599,2014,2027
51.198645745165706,2051,2052
51.20255224949541,2090,2079
51.206458753825125,2146,2127
51.21036525815483,2125,2112
51.21427176248454,2132,2123
51.21817826681425,2146,2135
51.22208477114396,2159,2134
51.22599127547367,2131,2119
51.22989777980337,2119,2119
51.233804284133086,2109,2096
51.23771078846279,2087,2075
51.241617292792505,2070,2060
51.24552379712221,2051,2053
51.24943030145192,2051,2048
51.25333680578163,2043,2046
51.25724331011134,2044,2033
51.26114981444105,2007,2007
51.26505631877076,2005,2011
51.268962823100466,1997,2004
51.27286932743017,1994,2007
51.276775831759885,1951,1962
51.28068233608959,1963,1977
51.2845888404193,1974,1993
51.28849534474901,1933,1943
51.29240184907872,1961,1968
51.29630835340843,1991,2006
51.30021485773814,2032,2036
51.304121362067846,2066,2071
51.30802786639756,2083,2090
51.311934370727265,2100,2085
51.31584087505697,2084,2076
51.31974737938668,2106,2103
51.32365388371639,2125,2111
51.3275603880461,2102,2096
51.33146689237581,2098,2097
51.33537339670552,2105,2107
51.339279901035226,2060,2067
51.34318640536494,2055,2052
51.347092909694645,2030,2035
51.35099941402436,2060,2060
51.35490591835406,2040,2039
51.35881242268377,2031,2031
51.36271892701348,2000,2004
51.36662543134319,1987,1988
51.3705319356729,1978,1988
51.374438440002606,1948,1963
51.37834494433232,1961,1971
51.382251448662025,2005,2004
51.38615795299174,1962,1973
51.390064457321444,1969,1969
51.393970961651156,1997,2002
51.39787746598086,2042,2035
51.40178397031057,2043,2030
51.40569047464028,2090,2083
51.40959697896999,2085,2079
51.4135034832997,2094,2098
51.417409987629405,2091,2087
51.42131649195912,2095,2091
51.425222996288824,2115,2119
51.42912950061854,2105,2097
51.43303600494824,2102,2102
51.436942509277955,2057,2054
51.44084901360766,2035,2031
51.44475551793737,2023,2022
51.44866202226708,2028,2037
51.452568526596785,2021,2021
51.4564750309265,2036,2030
51.460381535256204,1986,1994
51.46428803958592,1991,1998
51.46819454391562,1991,1989
51.472101048245335,1935,1949
51.47600755257504,1951,1962
51.479914056904754,1970,1980
51.48382056123446,1955,1959
51.487727065564165,1978,1982
51.49163356989388,1985,1989
51.495540074223584,1996,2002
51.4994465785533,2048,2048
51.503353082883,2106,2102
51.507259587212715,2107,2094
51.51116609154242,2125,2116
51.515072595872134,2138,2134
51.51897910020184,2131,2118
51.52288560453155,2146,2140
51.52679210886126,2139,2126
51.530698613190964,2118,2110
51.53460511752068,2103,2087
51.53851162185038,2098,2100
51.542418126180095,2090,2081
51.5463246305098,2069,2079
51.550231134839514,2078,2073
51.55413763916922,2046,2050
51.55804414349893,2078,2059
51.56195064782864,2028,2030
51.56585715215835,2004,2004
51.56976365648806,1996,2000
51.57367016081776,1993,2001
51.577576665147475,1969,1986
51.58148316947718,1974,1984
51.585389673806894,1995,1997
51.5892961781366,1976,1983
51.59320268246631,2017,2021
51.59710918679602,2008,2007
51.60101569112573,2067,2062
51.60492219545544,2093,2084
51.60882869978515,2117,2108
51.612735204114855,2119,2110
51.61664170844456,2122,2114
51.620548212774274,2113,2107
51.62445471710398,2094,2103
51.62836122143369,2117,2109
51.6322677257634,2107,2102
51.63617423009311,2091,2096
51.64008073442282,2061,2059
51.64398723875253,2073,2075
51.647893743082236,2046,2050
51.65180024741195,2058,2061
51.655706751741654,2042,2036
51.65961325607136,2030,2041
51.66351976040107,1996,1994
51.66742626473078,2002,2001
51.67133276906049,2020,2028
51.6752392733902,1983,1983
51.67914577771991,1989,1991
51.683052282049616,1974,1981
51.68695878637933,1983,1991
51.690865290709034,1990,1990
51.69477179503875,2026,2021
51.69867829936845,2049,2049
51.70258480369816,2110,2097
51.70649130802787,2105,2096
51.71039781235758,2124,2115
51.71430431668729,2127,2119
51.718210821016996,2122,2110
51.72211732534671,2119,2110
51.726023829676414,2130,2126
51.72993033400613,2170,2153
51.73383683833583,2118,2106
51.737743342665546,2098,2100
51.74164984699525,2072,2074
51.74555635132496,2045,2048
51.74946285565467,2049,2037
51.753369359984376,2040,2039
51.75727586431409,2055,2065
51.761182368643794,2010,2012
51.76508887297351,1986,1995
51.76899537730321,1988,1989
51.772901881632926,1962,1966
51.77680838596263,1961,1970
51.78071489029234,1935,1942
51.78462139462205,1954,1965
51.788527898951756,1967,1969
51.79243440328147,1962,1977
51.796340907611174,1984,1989
51.80024741194089,2037,2045
51.80415391627059,2063,2061
51.808060420600306,2085,2079
51.81196692493001,2094,2091
51.815873429259725,2097,2098
51.81977993358943,2110,2104
51.823686437919136,2095,2078
51.82759294224885,2082,2087
51.831499446578555,2105,2107
51.83540595090827,2084,2074
51.83931245523797,2062,2067
51.843218959567686,2049,2062
51.84712546389739,2050,2048
51.851031968227105,2041,2054
51.85493847255681,2038,2046
51.85884497688652,2056,2055
51.86275148121623,2026,2032
51.866657985545935,1994,2011
51.87056448987565,1980,1985
51.87447099420535,1973,1998
51.878377498535066,1979,1998
51.88228400286477,1972,1984
51.886190507194485,1977,1975
51.89009701152419,1971,1983
51.8940035158539,1971,1976
51.89791002018361,2027,2021
51.90181652451332,2063,2062
51.90572302884303,2048,2056
51.90962953317273,2099,2094
51.913536037502446,2109,2101
51.91744254183215,2112,2101
51.921349046161865,2111,2104
51.92525555049157,2117,2113
51.92916205482128,2107,2087
51.93306855915099,2098,2090
51.9369750634807,2073,2064
51.94088156781041,2041,2041
51.94478807214012,2025,2035
51.948694576469826,2012,2010
51.95260108079953,2042,2038
51.956507585129245,2026,2023
51.96041408945895,1997,1987
51.96432059378866,1964,1974
51.96822709811837,1954,1965
51.97213360244808,1959,1974
51.97604010677779,1947,1955
51.9799466111075,1976,1986
51.983853115437206,1935,1952
51.98775961976692,1968,1967
51.991666124096625,1966,1974
51.99557262842633,2008,2008
51.99947913275604,2044,2052
52.00338563708575,2069,2063
52.00729214141546,2125,2127
52.01119864574517,2115,2110
52.01510515007488,2131,2137
52.019011654404586,2131,2111
52.0229181587343,2124,2118
52.026824663064005,2128,2133
52.03073116739372,2110,2112
52.034637671723424,2144,2138
52.03854417605313,2113,2099
52.04245068038284,2054,2052
52.04635718471255,2064,2062
52.05026368904226,2053,2057
52.05417019337197,2068,2060
52.05807669770168,2084,2073
52.061983202031385,2032,2029
52.0658897063611,2007,2022
52.069796210690804,1996,2010
52.07370271502052,2001,2001
52.07760921935022,1967,1988
52.08151572367993,1994,1991
52.08542222800964,1978,1972
52.08932873233935,2001,2011
52.09323523666906,1991,1999
52.097141740998765,2021,2037
52.10104824532848,2053,2057
52.104954749658184,2112,2104
52.1088612539879,2128,2126
52.1127677583176,2119,2113
52.116674262647315,2105,2108
52.12058076697702,2141,2132
52.12448727130673,2131,2112
52.12839377563644,2119,2111
52.132300279966145,2100,2091
52.13620678429586,2071,2077
52.140113288625564,2068,2063
52.14401979295528,2031,2034
52.14792629728498,2064,2056
52.151832801614695,2050,2047
52.1557393059444,2052,2050
52.159645810274114,2047,2057
52.16355231460382,2019,2020
52.167458818933525,1999,2010
52.17136532326324,2002,2014
52.175271827592944,1985,1996
52.17917833192266,1999,1997
52.18308483625236,1974,1982
52.186991340582075,1986,1986
52.19089784491178,1991,1998
52.194804349241494,2010,2028
52.1987108535712,2052,2052
52.20261735790091,2095,2093
52.20652386223062,2126,2120
52.210430366560324,2143,2131
52.21433687089004,2116,2103
52.21824337521974,2120,2122
52.222149879549455,2146,2140
52.22605638387916,2149,2142
52.229962888208874,2129,2118
52.23386939253858,2111,2112
52.23777589686829,2087,2084
52.241682401198,2042,2047
52.24558890552771,2073,2071
52.24949540985742,2065,2068
52.25340191418712,2044,2058
52.257308418516836,2056,2064
52.26121492284654,2014,2026
52.265121427176254,2007,2006
52.26902793150596,1961,1955
52.27293443583567,1976,1987
52.27684094016538,1974,1979
52.28074744449509,1971,1980
52.2846539488248,1974,1973
52.28856045315451,1972,1973
52.292466957484216,1956,1964
52.29637346181392,1977,1983
52.300279966143634,2053,2054
52.30418647047334,2087,2081
52.30809297480305,2091,2081
52.31199947913276,2129,2120
52.31590598346247,2105,2098
52.31981248779218,2105,2098
52.32371899212189,2123,2105
52.327625496451596,2095,2093
52.33153200078131,2082,2077
52.335438505111014,2105,2095
52.33934500944072,2037,2044
52.34325151377043,2020,2022
52.34715801810014,2045,2045
52.35106452242985,2054,2044
52.35497102675956,2078,2079
52.35887753108927,2030,2042
52.362784035418976,2022,2023
52.36669053974869,1994,1994
52.370597044078394,1967,1966
52.37450354840811,1980,1986
52.37841005273781,1972,1980
52.38231655706752,1968,1983
52.38622306139723,1975,1980
52.39012956572694,1978,2003
52.39403607005665,2010,2002
52.397942574386356,2037,2031
52.40184907871607,2064,2059
52.405755583045774,2072,2071
52.40966208737549,2119,2119
52.41356859170519,2103,2089
52.4174750960349,2101,2105
52.42138160036461,2133,2126
52.42528810469432,2080,2073
52.42919460902403,2098,2089
52.433101113353736,2105,2099
52.43700761768345,2084,2078
52.440914122013154,2035,2028
52.44482062634287,2040,2051
52.44872713067257,2021,2015
52.452633635002286,2012,2020
52.45654013933199,2031,2036
52.4604466436617,2008,2006
52.46435314799141,1980,1985
52.468259652321116,1973,1980
52.47216615665083,1967,1971
52.476072660980535,1951,1959
52.47997916531025,1966,1969
52.48388566963995,1965,1962
52.487792173969666,1964,1976
52.49169867829937,1961,1967
52.495605182629085,2024,2023
52.49951168695879,2023,2022
52.503418191288496,2082,2068
52.50732469561821,2123,2118
52.511231199947915,2143,2146
52.51513770427763,2149,2135
52.51904420860733,2113,2118
52.522950712937046,2125,2121
52.52685721726675,2155,2140
52.530763721596465,2129,2127
52.53467022592617,2116,2115
52.53857673025588,2099,2091
52.54248323458559,2092,2094
52.546389738915295,2092,2091
52.55029624324501,2050,2049
52.55420274757471,2048,2049
52.558109251904426,2058,2053
52.56201575623413,2035,2035
52.565922260563845,2006,2011
52.56982876489355,1992,1999
52.57373526922326,1985,1992
52.57764177355297,1988,1992
52.58154827788268,2000,2009
52.58545478221239,1982,1985
52.58936128654209,1998,1995
52.593267790871806,2003,2004
52.59717429520151,2002,2019
52.601080799531225,2072,2065
52.60498730386093,2096,2086
52.60889380819064,2101,2102
52.61280031252035,2100,2106
52.61670681685006,2108,2101
52.62061332117977,2123,2112
52.62451982550948,2123,2118
52.628426329839186,2123,2112
52.63233283416889,2121,2110
52.636239338498605,2083,2066
52.64014584282831,2062,2065
52.64405234715802,2066,2062
52.64795885148773,2068,2071
52.65186535581744,2062,2056
52.65577186014715,2073,2071
52.65967836447686,2036,2043
52.663584868806566,1992,1993
52.66749137313628,1985,1985
52.671397877465985,1974,1983
52.67530438179569,1989,2011
52.679210886125404,1972,1978
52.68311739045511,2004,2012
52.68702389478482,2016,2018
52.69093039911453,1991,2001
52.69483690344424,2025,2034
52.69874340777395,2058,2058
52.70264991210366,2086,2079
52.706556416433365,2135,2128
52.71046292076308,2121,2122
52.714369425092784,2122,2121
52.71827592942249,2125,2114
52.7221824337522,2150,2142
52.72608893808191,2147,2140
52.72999544241162,2155,2141
52.73390194674133,2126,2110
52.73780845107104,2118,2119
52.741714955400745,2086,2075
52.74562145973046,2055,2049
52.749527964060164,2048,2035
52.75343446838988,2031,2045
52.75734097271958,2045,2038
52.76124747704929,2001,2002
52.765153981379,1983,1993
52.76906048570871,1968,1965
52.77296699003842,1956,1964
52.776873494368125,1952,1956
52.78077999869784,1980,1983
52.784686503027544,1958,1967
52.78859300735726,1938,1955
52.79249951168696,1968,1976
52.796406016016675,1992,1986
52.80031252034638,2028,2032
52.80421902467609,2077,2076
52.8081255290058,2103,2089
52.812032033335505,2104,2094
52.81593853766522,2117,2113
52.819845041994924,2108,2101
52.82375154632464,2107,2093
52.82765805065434,2107,2120
52.831564554984055,2118,2108
52.83547105931376,2091,2081
52.839377563643474,2070,2062
52.84328406797318,2053,2051
52.847190572302885,2040,2037
52.8510970766326,2056,2043
52.855003580962304,2055,2044
52.85891008529202,2012,2027
52.86281658962172,2007,2009
52.866723093951435,1981,1985
52.87062959828114,1976,1982
52.874536102610854,1985,1987
52.87844260694056,1974,1990
52.88234911127027,1967,1977
52.88625561559998,1977,1990
52.890162119929684,1962,1972
52.8940686242594,1977,1987
52.8979751285891,2033,2036
52.901881632918816,2049,2043
52.90578813724852,2081,2072
52.909694641578234,2099,2095
52.91360114590794,2110,2114
52.91750765023765,2102,2092
52.92141415456736,2124,2117
52.92532065889707,2099,2089
52.92922716322678,2090,2085
52.93313366755648,2101,2104
52.937040171886196,2054,2064
52.9409466762159,2047,2044
52.944853180545614,2049,2045
52.94875968487532,2021,2017
52.95266618920503,2035,2047
52.95657269353474,2027,2024
52.96047919786445,2029,2030
52.96438570219416,1989,1993
52.96829220652387,1950,1960
52.972198710853576,1947,1965
52.97610521518328,1970,1979
52.980011719512994,1950,1962
52.9839182238427,1962,1966
52.98782472817241,1967,1970
52.99173123250212,1964,1976
52.99563773683183,2016,2030
52.99954424116154,2033,2029
53.00345074549125,2090,2081
53.007357249820956,2114,2110
53.01126375415067,2114,2109
53.015170258480374,2094,2097
53.01907676281008,2132,2126
53.02298326713979,2118,2102
53.0268897714695,2157,2135
53.03079627579921,2116,2112
53.03470278012892,2127,2119
53.03860928445863,2076,2066
53.042515788788336,2074,2068
53.04642229311805,2086,2071
53.050328797447754,2067,2081
53.05423530177746,2067,2072
53.05814180610717,2051,2051
53.06204831043688,2035,2046
53.06595481476659,2017,2015
53.0698613190963,2009,2006
53.07376782342601,1978,1987
53.077674327755716,1980,1991
53.08158083208543,2004,2023
53.085487336415135,2004,2004
53.08939384074485,1992,1993
53.09330034507455,1968,1971
53.09720684940426,2005,2002
53.10111335373397,2059,2057
53.10501985806368,2114,2096
53.10892636239339,2142,2135
53.112832866723096,2118,2122
53.11673937105281,2105,2100
53.120645875382515,2119,2106
53.12455237971223,2126,2123
53.12845888404193,2115,2110
53.132365388371646,2105,2100
53.13627189270135,2085,2078
53.14017839703106,2064,2062
53.14408490136077,2069,2060
53.147991405690476,2053,2051
53.15189791002019,2034,2031
53.155804414349895,2039,2030
53.15971091867961,2028,2037
53.16361742300931,2027,2035
53.167523927339026,2006,2016
53.17143043166873,1977,1988
53.175336935998445,1978,1986
53.17924344032815,1995,2003
53.183149944657856,2000,1997
53.18705644898757,1981,1986
53.190962953317275,1987,1990
53.19486945764699,2015,2009
53.19877596197669,2043,2043
53.202682466306406,2101,2094
53.20658897063611,2109,2098
53.210495474965825,2127,2127
53.21440197929553,2147,2146
53.21830848362524,2136,2138
53.22221498795495,2119,2105
53.226121492284655,2115,2103
53.23002799661437,2120,2107
53.23393450094407,2112,2111
53.237841005273786,2082,2086
53.24174750960349,2054,2059
53.245654013933205,2052,2045
53.24956051826291,2073,2067
53.25346702259262,2032,2023
53.25737352692233,2046,2035
53.26128003125204,1996,2004
53.26518653558175,1994,1990
53.26909303991145,1958,1965
53.272999544241166,1971,1982
53.27690604857087,1955,1966
53.280812552900585,1950,1962
53.28471905723029,1946,1959
53.28862556156,1968,1985
53.29253206588971,1968,1980
53.29643857021942,1977,1984
53.30034507454913,2022,2025
53.30425157887884,2075,2079
53.308158083208546,2091,2090
53.31206458753825,2082,2080
53.315971091867965,2107,2097
53.31987759619767,2099,2085
53.323784100527384,2107,2101
53.32769060485709,2110,2099
53.3315971091868,2091,2093
53.33550361351651,2085,2087
53.33941011784622,2038,2031
53.34331662217593,2032,2039
53.34722312650564,2046,2041
53.351129630835345,2038,2050
53.35503613516505,2040,2047
53.358942639494764,2031,2033
53.36284914382447,2028,2041
53.36675564815418,1974,1985
53.37066215248389,1959,1972
53.3745686568136,1967,1978
53.37847516114331,1988,1984
53.38238166547302,1959,1968
53.386288169802725,1972,1977
53.39019467413244,1986,1984
53.394101178462144,2008,2013
53.39800768279185,2028,2038
53.40191418712156,2053,2057
53.40582069145127,2093,2089
53.40972719578098,2101,2094
53.41363370011069,2081,2074
53.4175402044404,2085,2076
53.421446708770105,2104,2111
53.42535321309982,2110,2120
53.429259717429524,2090,2086
53.43316622175924,2089,2080
53.43707272608894,2087,2079
53.44097923041865,2017,2019
53.44488573474836,2036,2037
53.44879223907807,2034,2044
53.45269874340778,2039,2036
53.456605247737485,2023,2027
53.4605117520672,2019,2020
53.464418256396904,1985,1999
53.46832476072662,1981,1985
53.47223126505632,1989,1999
53.476137769386035,1974,1987
53.48004427371574,1982,1982
53.48395077804545,1965,1978
53.48785728237516,1967,1972
53.491763786704865,1980,1987
53.49567029103458,2004,2016
53.499576795364284,2045,2037
53.503483299694,2087,2090
53.5073898040237,2097,2091
53.511296308353415,2127,2119
53.51520281268312,2129,2123
53.519109317012834,2136,2122
53.52301582134254,2157,2148
53.526922325672246,2143,2130
53.53082883000196,2116,2115
53.534735334331664,2105,2099
53.53864183866138,2107,2090
53.54254834299108,2092,2093
53.546454847320796,2057,2060
53.5503613516505,2068,2076
53.554267855980214,2065,2065
53.55817436030992,2041,2044
53.56208086463963,2021,2030
53.56598736896934,1997,2005
53.569893873299044,2004,2013
53.57380037762876,1984,1986
53.57770688195846,1988,1984
53.581613386288176,1994,2003
53.58551989061788,1977,1989
53.589426394947594,1985,1985
53.5933328992773,1999,1997
53.59723940360701,1995,2000
53.60114590793672,2054,2053
53.60505241226643,2079,2077
53.60895891659614,2106,2093
53.61286542092584,2115,2106
53.616771925255556,2129,2118
53.62067842958526,2116,2106
53.624584933914974,2146,2134
53.62849143824468,2126,2123
53.63239794257439,2110,2100
53.6363044469041,2093,2084
53.64021095123381,2080,2072
53.64411745556352,2041,2037
53.64802395989323,2067,2057
53.651930464222936,2062,2058
53.65583696855264,2056,2061
53.659743472882354,2047,2039
53.66364997721206,2021,2025
53.66755648154177,1997,2007
53.67146298587148,1996,1996
53.67536949020119,1982,1988
53.6792759945309,1993,1995
53.68318249886061,1990,1996
53.687089003190316,1982,1992
53.69099550752002,2012,2028
53.694902011849734,2030,2036
53.69880851617944,2061,2064
53.70271502050915,2065,2074
53.70662152483886,2135,2128
53.71052802916857,2137,2124
53.71443453349828,2149,2143
53.71834103782799,2154,2142
53.722247542157696,2123,2124
53.72615404648741,2135,2130
53.730060550817115,2141,2126
53.73396705514682,2105,2099
53.73787355947653,2110,2102
53.74178006380624,2078,2079
53.74568656813595,2052,2055
53.74959307246566,2024,2026
53.75349957679537,2056,2051
53.757406081125076,2037,2040
53.76131258545479,2022,2026
53.765219089784495,1992,1995
53.76912559411421,1958,1967
53.77303209844391,1955,1952
53.77693860277362,1972,1981
53.78084510710333,1952,1975
53.78475161143304,1955,1965
53.78865811576275,1940,1957
53.792564620092456,1953,1964
53.79647112442217,1995,2000
53.800377628751875,2057,2050
53.80428413308159,2072,2061
53.80819063741129,2102,2092
53.812097141741006,2106,2105
53.81600364607071,2102,2100
53.81991015040042,2108,2102
53.82381665473013,2107,2101
53.827723159059836,2103,2092
53.83162966338955,2100,2104
53.835536167719255,2073,2071
53.83944267204897,2058,2054
53.84334917637867,2037,2034
53.847255680708386,2029,2032
53.85116218503809,2062,2054
53.855068689367805,2027,2023
53.85897519369751,2040,2032
53.862881698027216,2011,2015
53.86678820235693,1998,1998
53.870694706686635,1953,1974
53.87460121101635,1981,1997
53.87850771534605,1976,1980
53.882414219675766,1976,1988
53.88632072400547,1959,1969
53.890227228335185,1983,1996
53.89413373266489,1990,1990
53.8980402369946,2023,2022
53.90194674132431,2045,2041
53.905853245654015,2091,2084
53.90975974998373,2088,2089
53.91366625431343,2122,2106
53.917572758643146,2117,2110
53.92147926297285,2133,2127
53.925385767302565,2104,2095
53.92929227163227,2112,2106
53.93319877596198,2122,2115
53.93710528029169,2060,2054
53.9410117846214,2043,2052
53.94491828895111,1998,2012
53.948824793280814,2012,2023
53.952731297610526,2013,2016
53.95663780194023,2030,2027
53.960544306269945,2018,2015
53.96445081059965,1978,1978
53.968357314929364,1947,1957
53.97226381925907,1967,1953
53.97617032358878,1966,1975
53.98007682791849,1965,1971
53.9839833322482,1936,1953
53.98788983657791,1996,2004
53.99179634090761,1997,1996
53.995702845237325,1999,2003
53.99960934956703,2024,2027
54.003515853896744,2091,2082
54.00742235822645,2109,2108
54.01132886255616,2122,2113
54.01523536688587,2144,2129
54.01914187121558,2114,2114
54.02304837554529,2159,2150
54.026954879875,2131,2112
54.030861384204705,2132,2118
54.03476788853441,2132,2124
54.038674392864124,2099,2104
54.04258089719383,2090,2084
54.04648740152354,2087,2092
54.05039390585325,2075,2063
54.05430041018296,2070,2068
54.05820691451267,2049,2043
54.06211341884238,2040,2046
54.066019923172085,2020,2019
54.0699264275018,1977,1990
54.073832931831504,1973,1975
54.07773943616121,1979,1982
54.08164594049092,1979,1987
54.08555244482063,1958,1978
54.08945894915034,1981,1990
54.09336545348005,2006,2011
54.09727195780976,2028,2029
54.101178462139465,2089,2094
54.10508496646918,2102,2097
54.108991470798884,2112,2102
54.1128979751286,2129,2112
54.1168044794583,2103,2092
54.12071098378801,2104,2095
54.12461748811772,2137,2126
54.12852399244743,2102,2104
54.13243049677714,2096,2078
54.136337001106845,2096,2097
54.14024350543656,2077,2081
54.144150009766264,2035,2035
54.14805651409598,2040,2042
54.15196301842568,2054,2060
54.155869522755395,2062,2071
54.1597760270851,2028,2031
54.16368253141481,2016,2022
54.16758903574452,1946,1961
54.171495540074226,1988,1995
54.17540204440394,1982,1986
54.179308548733644,1983,1994
54.18321505306336,1996,1999
54.18712155739306,2011,2021
54.191028061722776,1998,2004
54.19493456605248,2019,2029
54.198841070382194,2064,2061
54.2027475747119,2076,2068
54.206654079041606,2136,2120
54.21056058337132,2124,2113
54.214467087701024,2143,2143
54.21837359203074,2128,2113
54.22228009636044,2142,2136
54.226186600690156,2133,2124
54.23009310501986,2126,2132
54.233999609349574,2107,2105
54.23790611367928,2096,2096
54.24181261800899,2053,2046
54.2457191223387,2050,2059
54.249625626668404,2046,2048
54.25353213099812,2039,2034
54.25743863532782,2017,2021
54.261345139657536,2002,2012
54.26525164398724,1996,2008
54.269158148316954,1980,1981
54.27306465264666,1973,1987
54.27697115697637,1977,1981
54.28087766130608,1957,1972
54.284784165635784,1941,1958
54.2886906699655,1972,1983
54.2925971742952,1986,1995
54.296503678624916,1995,2011
54.30041018295462,2047,2040
54.304316687284334,2076,2077
54.30822319161404,2082,2081
54.31212969594375,2097,2090
54.31603620027346,2089,2097
54.31994270460317,2100,2097
54.32384920893288,2095,2091
54.32775571326258,2097,2104
54.331662217592296,2069,2066
54.335568721922,2086,2079
54.339475226251714,2055,2057
54.34338173058142,2058,2074
54.34728823491113,2038,2035
54.35119473924084,2040,2049
54.35510124357055,2060,2055
54.35900774790026,2022,2028
54.36291425222997,1992,2006
54.366820756559676,1992,2000
54.37072726088938,1959,1965
54.374633765219095,1969,1968
54.3785402695488,1985,1979
54.38244677387851,1961,1968
54.38635327820822,1963,1974
54.39025978253793,1966,1971
54.39416628686764,1979,1990
54.39807279119735,2010,1994
54.401979295527056,2060,2063
54.40588579985677,2077,2080
54.409792304186475,2095,2087
54.41369880851618,2107,2103
54.41760531284589,2106,2108
54.4215118171756,2096,2090
54.42541832150531,2110,2103
54.42932482583502,2103,2098
54.43323133016473,2097,2088
54.437137834494436,2063,2055
54.44104433882415,2043,2042
54.444950843153855,2015,2016
54.44885734748357,2010,2015
54.45276385181327,2058,2052
54.45667035614298,2014,2017
54.46057686047269,2022,2019
54.4644833648024,2007,2004
54.46838986913211,1985,1978
54.472296373461816,1971,1974
54.47620287779153,1978,1989
54.480109382121235,1939,1953
54.48401588645095,1974,1991
54.48792239078065,1953,1964
54.491828895110366,2005,2019
54.49573539944007,2004,2010
54.49964190376978,2028,2019
54.50354840809949,2100,2098
54.507454912429196,2118,2107
54.51136141675891,2130,2122
54.515267921088615,2139,2133
54.51917442541833,2135,2129
54.52308092974803,2136,2124
54.526987434077746,2134,2127
54.53089393840745,2123,2109
54.534800442737165,2092,2085
54.53870694706687,2087,2077
54.542613451396576,2069,2077
54.54651995572629,2061,2062
54.550426460055995,2074,2085
54.55433296438571,2078,2077
54.55823946871541,2040,2047
54.562145973045126,2028,2039
54.56605247737483,1976,1988
54.569958981704545,1998,2021
54.57386548603425,1972,1977
54.57777199036396,2002,2008
54.58167849469367,1977,1988
54.585584999023375,1964,1966
54.58949150335309,1983,1988
54.593398007682794,1990,1999
54.59730451201251,2023,2024
54.60121101634221,2058,2060
54.605117520671925,2080,2071
54.60902402500163,2103,2104
54.612930529331344,2130,2114
54.61683703366105,2136,2131
54.62074353799076,2132,2124
54.62465004232047,2128,2122
54.628556546650174,2117,2105
54.63246305097989,2092,2077
54.63636955530959,2080,2077
54.640276059639305,2076,2073
54.64418256396901,2053,2044
54.648089068298724,2041,2042
54.65199557262843,2034,2030
54.65590207695814,2062,2051
54.65980858128785,2025,2027
54.66371508561756,2031,2036
54.66762158994727,1977,1989
54.67152809427697,1981,1980
54.675434598606685,2000,1985
54.67934110293639,1975,1981
54.683247607266104,1979,1979
54.68715411159581,1985,1996
54.69106061592552,2012,2022
54.69496712025523,2017,2023
54.69887362458494,2038,2029
54.70278012891465,2111,2095
54.70668663324436,2121,2113
54.710593137574065,2139,2139
54.71449964190377,2157,2147
54.718406146233484,2137,2120
54.72231265056319,2145,2123
54.7262191548929,2115,2102
54.73012565922261,2153,2151
54.73403216355232,2111,2106
54.73793866788203,2066,2067
54.74184517221174,2056,2046
54.745751676541445,2052,2061
54.74965818087116,2054,2041
54.753564685200864,2048,2047
54.75747118953057,2059,2051
54.76137769386028,1995,2000
54.76528419818999,1984,1990
54.7691907025197,1975,1981
54.77309720684941,1954,1972
54.77700371117912,1972,1990
54.780910215508825,1969,1985
54.78481671983854,1965,1970
54.788723224168244,1962,1960
54.79262972849796,1963,1973
54.79653623282766,1976,1978
54.80044273715737,2015,2009
54.80434924148708,2053,2055
54.80825574581679,2097,2091
54.8121622501465,2113,2103
54.816068754476206,2092,2095
54.81997525880592,2085,2077
54.823881763135624,2116,2109
54.82778826746534,2093,2088
54.83169477179504,2129,2117
54.835601276124756,2089,2087
54.83950778045446,2032,2025
54.84341428478417,2037,2035
54.84732078911388,2033,2040
54.851227293443586,2023,2028
54.8551337977733,2057,2051
54.859040302103004,2042,2045
54.86294680643272,2035,2039
54.86685331076242,1978,1983
54.870759815092136,1985,1989
54.87466631942184,1961,1967
54.878572823751554,1987,1994
54.88247932808126,1965,1974
54.886385832410966,1959,1973
54.89029233674068,1964,1974
54.894198841070384,2000,2007
54.8981053454001,2034,2044
54.9020118497298,2082,2075
54.905918354059516,2092,2084
54.90982485838922,2118,2108
54.913731362718934,2109,2108
54.91763786704864,2091,2083
54.921544371378346,2132,2112
54.92545087570806,2105,2099
54.929357380037764,2080,2079
54.93326388436748,2083,2070
54.93717038869718,2071,2066
54.941076893026896,2025,2024
54.9449833973566,2036,2040
54.948889901686314,2016,2017
54.95279640601602,2013,2019
54.95670291034573,2028,2041
54.96060941467544,2005,2017
54.964515919005144,1970,1983
54.96842242333486,1954,1961
54.97232892766456,1980,1978
54.976235431994276,1969,1982
54.98014193632398,1964,1983
54.984048440653694,1968,1973
54.9879549449834,1969,1974
54.99186144931311,1973,1979
54.99576795364282,2011,2017
54.99967445797253,2047,2049
55.00358096230224,2071,2069
55.00748746663194,2120,2116
55.011393970961656,2124,2114
55.01530047529136,2135,2126
55.019206979621075,2127,2116
55.02311348395078,2130,2115
55.02701998828049,2145,2133
55.0309264926102,2127,2120
55.03483299693991,2107,2092
55.03873950126962,2090,2093
55.04264600559933,2067,2069
55.046552509929036,2071,2060
55.05045901425874,2068,2071
55.054365518588455,2068,2068
55.05827202291816,2071,2065
55.06217852724787,2022,2024
55.06608503157758,2010,2009
55.06999153590729,1978,1998
55.073898040237,1968,1970
55.07780454456671,2002,2007
55.081711048896416,1961,1974
55.08561755322613,1984,1991
55.089524057555835,1993,2009
55.09343056188554,2001,1999
55.09733706621525,2036,2036
55.10124357054496,2084,2077
55.10515007487467,2091,2088
55.10905657920438,2122,2108
55.11296308353409,2124,2113
55.116869587863796,2125,2125
55.12077609219351,2133,2118
55.124682596523215,2122,2115
55.12858910085293,2142,2134
55.13249560518263,2111,2112
55.13640210951234,2085,2100
55.14030861384205,2075,2079
55.14421511817176,2033,2035
55.14812162250147,2047,2047
55.152028126831176,2067,2056
55.15593463116089,2074,2061
55.159841135490595,2019,2011
55.16374763982031,2031,2030
55.16765414415001,1997,2001
55.171560648479726,1989,1993
55.17546715280943,1993,2002
55.17937365713914,1973,1973
55.18328016146885,1997,1995
55.187186665798556,1986,1990
55.19109317012827,2012,2004
55.194999674457975,2034,2037
55.19890617878769,2048,2047
55.20281268311739,2092,2085
55.206719187447106,2107,2107
55.21062569177681,2130,2119
55.214532196106525,2128,2124
55.21843870043623,2144,2136
55.222345204765936,2145,2124
55.22625170909565,2136,2121
55.230158213425355,2133,2122
55.23406471775507,2083,2071
55.237971222084774,2101,2096
55.24187772641449,2060,2065
55.24578423074419,2048,2046
55.249690735073905,2037,2040
55.25359723940361,2063,2062
55.257503743733324,2029,2018
55.26141024806303,2021,2032
55.265316752392735,1980,1982
55.26922325672245,1955,1967
55.273129761052154,1939,1946
55.27703626538187,1948,1953
55.28094276971157,1969,1976
55.284849274041285,1958,1971
55.28875577837099,1949,1965
55.292662282700704,1974,1986
55.29656878703041,1984,1997
55.30047529136012,2028,2028
55.30438179568983,2072,2071
55.308288300019534,2074,2061
55.31219480434925,2105,2103
55.31610130867895,2070,2059
55.320007813008665,2115,2113
55.32391431733837,2107,2103
55.327820821668084,2097,2090
55.33172732599779,2076,2078
55.3356338303275,2071,2055
55.33954033465721,2047,2048
55.34344683898692,2053,2064
55.34735334331663,2050,2044
55.35125984764633,2058,2044
55.355166351976045,2048,2038
55.35907285630575,2038,2043
55.362979360635464,2010,2010
55.36688586496517,2007,2006
55.37079236929488,1973,1977
55.37469887362459,1956,1973
55.3786053779543,1980,1991
55.38251188228401,1951,1969
55.38641838661372,1969,1975
55.390324890943425,1968,1972
55.39423139527313,1993,1995
55.398137899602844,2037,2033
55.40204440393255,2049,2041
55.40595090826226,2066,2067
55.40985741259197,2117,2097
55.41376391692168,2108,2111
55.41767042125139,2123,2110
55.4215769255811,2092,2077
55.425483429910805,2095,2084
55.42938993424052,2093,2092
55.433296438570224,2095,2099
55.43720294289993,2074,2087
55.44110944722964,2035,2038
55.44501595155935,2020,2012
55.44892245588906,2015,2007
55.45282896021877,2010,2007
55.45673546454848,1998,2008
55.460641968878186,1989,1992
55.4645484732079,1966,1974
55.468454977537604,1949,1959
55.47236148186732,1940,1955
55.47626798619702,1970,1978
55.48017449052673,1953,1979
55.48408099485644,1943,1952
55.48798749918615,1983,1991
55.49189400351586,1988,1999
55.495800507845566,2017,2008
55.49970701217528,2045,2043
55.503613516504984,2099,2098
55.5075200208347,2114,2109
55.5114265251644,2117,2096
55.515333029494116,2143,2135
55.51923953382382,2103,2090
55.52314603815353,2158,2148
55.52705254248324,2162,2161
55.530959046812946,2137,2129
55.53486555114266,2121,2111
55.538772055472364,2090,2080
55.54267855980208,2064,2051
55.54658506413178,2068,2064
55.550491568461496,2061,2051
55.5543980727912,2078,2079
55.55830457712091,2055,2052
55.56221108145062,2009,2017
55.566117585780326,2012,2019
55.57002409011004,1978,1985
55.573930594439744,1972,1979
55.57783709876946,1996,1995
55.58174360309916,1993,1993
55.585650107428876,1984,1993
55.58955661175858,1994,1999
55.593463116088294,2003,2011
55.597369620418,2003,2006
55.601276124747706,2079,2076
55.60518262907742,2093,2089
55.609089133407124,2111,2113
55.61299563773684,2117,2116
55.61690214206654,2117,2114
55.620808646396256,2112,2112
55.62471515072596,2126,2124
55.628621655055674,2146,2135
55.63252815938538,2118,2108
55.63643466371509,2101,2100
55.6403411680448,2071,2072
55.644247672374505,2069,2072
55.64815417670422,2051,2048
55.65206068103392,2053,2054
55.655967185363636,2039,2041
55.65987368969334,2048,2047
55.663780194023055,1991,1986
55.66768669835276,1997,2003
55.67159320268247,2005,2003
55.67549970701218,1976,1992
55.67940621134189,1987,1997
55.6833127156716,1990,2001
55.6872192200013,1985,1990
55.691125724331016,2001,2001
55.69503222866072,2013,2007
55.698938732990435,2076,2065
55.70284523732014,2093,2095
55.70675174164985,2122,2111
55.71065824597956,2130,2124
55.71456475030927,2126,2118
55.71847125463898,2121,2122
55.72237775896869,2122,2119
55.726284263298396,2124,2119
55.7301907676281,2137,2132
55.734097271957815,2119,2113
55.73800377628752,2080,2072
55.74191028061723,2055,2047
55.74581678494694,2061,2064
55.74972328927665,2029,2037
55.75362979360636,2050,2041
55.75753629793607,2033,2040
55.761442802265776,2026,2029
55.76534930659549,1986,1990
55.769255810925195,1981,1982
55.7731623152549,1971,1981
55.77706881958461,1956,1974
55.78097532391432,1947,1960
55.78488182824403,1951,1969
55.78878833257374,1973,1979
55.79269483690345,1981,1980
55.796601341233156,1999,2000
55.80050784556287,2016,2013
55.804414349892575,2061,2057
55.80832085422229,2110,2100
55.81222735855199,2104,2097
55.8161338628817,2086,2068
55.82004036721141,2094,2098
55.82394687154112,2102,2101
55.82785337587083,2114,2112
55.831759880200536,2125,2113
55.83566638453025,2090,2081
55.839572888859955,2078,2072
55.84347939318967,2050,2056
55.84738589751937,2046,2041
55.851292401849086,2052,2053
55.85519890617879,2029,2027
55.8591054105085,2013,2029
55.86301191483821,1997,2011
55.86691841916792,1981,1992
55.87082492349763,1956,1948
55.874731427827335,1956,1953
55.87863793215705,1983,1987
55.882544436486754,1976,1980
55.88645094081647,1966,1965
55.89035744514617,1964,1979
55.894263949475885,2003,2005
55.89817045380559,2022,2036
55.9020769581353,2052,2054
55.90598346246501,2106,2096
55.909889966794715,2102,2088
55.91379647112443,2110,2103
55.917702975454134,2102,2094
55.92160947978385,2100,2090
55.92551598411355,2105,2102
55.929422488443265,2097,2094
55.93332899277297,2078,2077
55.937235497102684,2060,2067
55.94114200143239,2059,2064
55.945048505762095,2026,2043
55.94895501009181,2029,2036
55.952861514421514,2012,2012
55.95676801875123,2000,2006
55.96067452308093,1993,2009
55.964581027410645,1964,1964
55.96848753174035,1965,1984
55.972394036070064,1964,1970
55.97630054039977,1964,1968
55.98020704472948,1967,1970
55.98411354905919,1972,1980
55.988020053388894,1957,1968
55.99192655771861,2007,2021
55.99583306204831,2003,2011
55.999739566378025,2039,2031
56.00364607070773,2115,2100
56.007552575037444,2112,2106
56.01145907936715,2129,2125
56.01536558369686,2144,2136
56.01927208802657,2161,2139
56.02317859235628,2137,2118
56.02708509668599,2134,2123
56.03099160101569,2129,2119
56.034898105345405,2122,2104
56.03880460967511,2085,2074
56.042711114004824,2048,2057
56.04661761833453,2076,2074
56.05052412266424,2064,2068
56.05443062699395,2072,2074
56.05833713132366,2054,2054
56.06224363565337,2031,2039
56.06615013998308,2030,2022
56.070056644312785,1992,2010
56.07396314864249,1975,1984
56.077869652972204,1972,1978
56.08177615730191,1992,1993
56.08568266163162,2002,2003
56.08958916596133,1969,1972
56.09349567029104,1998,1992
56.09740217462075,2042,2042
56.10130867895046,2071,2078
56.105215183280166,2081,2077
56.10912168760988,2146,2134
56.113028191939584,2131,2125
56.11693469626929,2115,2107
56.120841200599,2116,2112
56.12474770492871,2130,2124
56.12865420925842,2119,2102
56.13256071358813,2106,2091
56.13646721791784,2085,2085
56.140373722247546,2052,2050
56.14428022657726,2051,2055
56.148186730906964,2047,2050
56.15209323523668,2053,2055
56.15599973956638,2048,2055
56.15990624389609,2022,2024
56.1638127482258,2026,2030
56.16771925255551,2000,1999
56.17162575688522,1980,1992
56.175532261214926,1969,1977
56.17943876554464,1988,1989
56.183345269874344,1980,1978
56.18725177420406,2001,1999
56.19115827853376,2001,2004
56.19506478286347,1983,1983
56.19897128719318,2077,2074
56.20287779152289,2075,2078
56.2067842958526,2123,2114
56.210690800182306,2145,2136
56.21459730451202,2156,2148
56.218503808841724,2123,2120
56.22241031317144,2135,2125
56.22631681750114,2147,2136
56.230223321830856,2138,2124
56.23412982616056,2107,2093
56.23803633049027,2082,2081
56.24194283481998,2090,2080
56.245849339149686,2048,2058
56.2497558434794,2038,2037
56.253662347809104,2069,2065
56.25756885213882,2039,2036
56.26147535646852,2020,2030
56.265381860798236,1979,1996
56.26928836512794,1968,1963
56.273194869457654,1947,1958
56.27710137378736,1953,1955
56.281007878117066,1982,1991
56.28491438244678,1978,1978
56.288820886776485,1952,1961
56.2927273911062,1956,1977
56.2966338954359,1979,1997
56.300540399765616,2034,2031
56.30444690409532,2050,2040
56.308353408425035,2107,2091
56.31225991275474,2087,2074
56.31616641708445,2117,2102
56.32007292141416,2103,2107
56.323979425743865,2129,2120
56.32788593007358,2099,2087
56.33179243440328,2105,2095
56.335698938732996,2077,2084
56.3396054430627,2062,2052
56.343511947392415,2026,2032
56.34741845172212,2019,2024
56.35132495605183,2035,2039
56.35523146038154,2040,2040
56.35913796471125,2017,2024
56.36304446904096,2015,2014
56.36695097337066,1982,1985
56.370857477700376,1979,1988
56.37476398203008,1983,1984
56.378670486359795,1966,1971
56.3825769906895,1975,1986
56.38648349501921,1952,1964
56.39038999934892,1976,1987
56.39429650367863,1995,2003
56.39820300800834,2029,2027
56.40210951233805,2057,2059
56.406016016667756,2077,2068
56.40992252099746,2100,2087
56.413829025327175,2088,2083
56.41773552965688,2102,2090
56.42164203398659,2122,2120
56.4255485383163,2105,2100
56.42945504264601,2105,2097
56.43336154697572,2079,2077
56.43726805130543,2054,2052
56.441174555635136,2041,2046
56.44508105996485,2044,2043
56.448987564294555,2039,2044
56.45289406862426,2032,2036
56.45680057295397,2013,2015
56.46070707728368,2020,2034
56.46461358161339,1974,1984
56.4685200859431,1968,1979
56.47242659027281,1957,1970
56.476333094602516,1956,1964
56.48023959893223,1965,1973
56.484146103261935,1975,1986
56.48805260759165,1965,1962
56.491959111921354,1976,1988
56.49586561625106,2004,2015
56.49977212058077,2026,2037
56.50367862491048,2095,2101
56.50758512924019,2118,2105
56.5114916335699,2124,2114
56.51539813789961,2099,2094
56.519304642229315,2124,2117
56.52321114655903,2116,2105
56.527117650888734,2150,2139
56.53102415521845,2119,2113
56.53493065954815,2105,2096
56.53883716387786,2112,2113
56.54274366820757,2068,2064
56.54665017253728,2063,2064
56.55055667686699,2057,2051
56.554463181196695,2087,2085
56.55836968552641,2038,2031
56.562276189856114,2056,2049
56.56618269418583,2012,2019
56.57008919851553,1980,1988
56.573995702845245,1983,2000
56.57790220717495,1969,1971
56.58180871150466,1989,2003
56.58571521583437,1983,1997
56.589621720164075,1979,1990
56.59352822449379,2001,2010
56.597434728823494,2027,2035
56.60134123315321,2074,2074
56.60524773748291,2090,2095
56.609154241812625,2113,2110
56.61306074614233,2133,2123
56.616967250472044,2134,2124
56.62087375480175,2142,2140
56.624780259131455,2106,2100
56.62868676346117,2133,2124
56.632593267790874,2107,2103
56.63649977212059,2098,2097
56.64040627645029,2059,2064
56.644312780780005,2060,2064
56.64821928510971,2029,2036
56.652125789439424,2054,2055
56.65603229376913,2070,2058
56.65993879809884,2029,2026
56.66384530242855,2016,2016
56.667751806758254,1992,2001
56.67165831108797,1991,2003
56.67556481541767,1987,1996
56.679471319747385,1998,1993
56.68337782407709,2004,2009
56.687284328406804,1991,1990
56.69119083273651,1959,1973
56.69509733706622,2008,2021
56.69900384139593,2065,2065
56.70291034572564,2126,2111
56.70681685005535,2094,2099
56.71072335438505,2123,2118
56.714629858714765,2133,2123
56.71853636304447,2148,2150
56.722442867374184,2137,2126
56.72634937170389,2146,2132
56.7302558760336,2134,2131
56.73416238036331,2104,2095
56.73806888469302,2070,2059
56.74197538902273,2068,2070
56.74588189335244,2048,2050
56.749788397682146,2055,2045
56.75369490201185,2066,2076
56.757601406341564,2042,2046
56.76150791067127,2002,2007
56.76541441500098,1962,1970
56.76932091933069,1975,1979
56.7732274236604,1963,1975
56.77713392799011,1978,1977
56.78104043231982,1967,1977
56.784946936649526,1953,1958
56.78885344097923,1978,1989
56.792759945308944,1944,1950
56.79666644963865,2003,2002
56.80057295396836,2032,2034
56.80447945829807,2065,2066
56.80838596262778,2082,2078
56.81229246695749,2104,2097
56.8161989712872,2100,2088
56.820105475616906,2102,2102
56.82401197994662,2121,2118
56.827918484276324,2112,2095
56.83182498860603,2119,2124
56.83573149293574,2073,2071
56.83963799726545,2043,2042
56.84354450159516,2032,2037
56.84745100592487,2045,2040
56.85135751025458,2031,2022
56.855264014584286,2020,2037
56.859170518914,2010,2000
56.863077023243704,1993,2000
56.86698352757342,2013,2019
56.87089003190312,1974,1984
56.87479653623283,1962,1979
56.87870304056254,1980,1990
56.88260954489225,1978,1987
56.88651604922196,1965,1973
56.890422553551666,1982,1986
56.89432905788138,1959,1965
56.898235562211084,2022,2031
56.9021420665408,2053,2052
56.9060485708705,2091,2094
56.909955075200216,2100,2103
56.91386157952992,2111,2105
56.91776808385963,2100,2101
56.92167458818934,2116,2110
56.925581092519046,2138,2130
56.92948759684876,2104,2096
56.933394101178465,2101,2106
56.93730060550818,2049,2066
56.94120710983788,2064,2051
56.945113614167596,2020,2025
56.9490201184973,2036,2041
56.952926622827015,2058,2057
56.95683312715672,2000,2013
56.960739631486426,1993,2007
56.96464613581614,1974,1983
56.968552640145845,1983,1979
56.97245914447556,1963,1977
56.97636564880526,1974,1979
56.980272153134976,1940,1950
56.98417865746468,1972,1973
56.988085161794395,1949,1952
56.9919916661241,1975,1990
56.99589817045381,1994,1988
56.99980467478352,2040,2043
57.003711179113225,2086,2085
57.00761768344294,2141,2125
57.01152418777264,2118,2108
57.015430692102356,2128,2121
57.01933719643206,2139,2118
57.023243700761775,2119,2119
57.02715020509148,2123,2108
57.03105670942119,2129,2121
57.0349632137509,2117,2111
57.03886971808061,2087,2082
57.04277622241032,2099,2092
57.04668272674002,2061,2051
57.050589231069736,2053,2039
57.05449573539944,2097,2082
57.058402239729155,2039,2038
57.06230874405886,2046,2051
57.06621524838857,2010,2015
57.07012175271828,1984,1996
57.07402825704799,1980,1982
57.0779347613777,1990,1991
57.08184126570741,1985,1990
57.085747770037116,1969,1979
57.08965427436682,1990,1992
57.093560778696535,2013,2015
57.09746728302624,2029,2033
57.10137378735595,2051,2054
57.10528029168566,2074,2071
57.10918679601537,2104,2110
57.11309330034508,2122,2124
57.11699980467479,2114,2107
57.120906309004496,2117,2110
57.12481281333421,2113,2102
57.128719317663915,2129,2129
57.13262582199362,2092,2099
57.136532326323334,2097,2083
57.14043883065304,2077,2080
57.14434533498275,2062,2067
57.14825183931246,2045,2045
57.15215834364217,2053,2058
57.15606484797188,2062,2065
57.15997135230159,2020,2026
57.163877856631295,2027,2020
57.16778436096101,1987,1991
57.171690865290714,1980,1990
57.17559736962042,1993,2004
57.17950387395013,1965,1984
57.18341037827984,2017,2024
57.18731688260955,2003,2012
57.19122338693926,1999,2006
57.19512989126897,2036,2031
57.199036395598675,2065,2059
57.20294289992839,2093,2096
57.206849404258094,2131,2128
57.21075590858781,2121,2118
57.21466241291751,2133,2129
57.21856891724722,2135,2131
57.22247542157693,2151,2137
57.22638192590664,2147,2140
57.23028843023635,2129,2119
57.234194934566055,2089,2095
57.23810143889577,2082,2073
57.242007943225474,2087,2074
57.24591444755519,2049,2056
57.24982095188489,2041,2049
57.253727456214605,2051,2049
57.25763396054431,2042,2043
57.26154046487402,2012,2009
57.26544696920373,1972,1977
57.269353473533435,1937,1945
57.27325997786315,1945,1958
57.277166482192854,1965,1983
57.28107298652257,1958,1963
57.28497949085227,1970,1985
57.288885995181985,1946,1958
57.29279249951169,1965,1975
57.296699003841404,1983,1986
57.30060550817111,2036,2031
57.304512012500815,2064,2057
57.30841851683053,2099,2093
57.312325021160234,2109,2101
57.31623152548995,2093,2085
57.32013802981965,2094,2094
57.324044534149365,2079,2066
57.32795103847907,2117,2119
57.331857542808784,2107,2100
57.33576404713849,2084,2077
57.3396705514682,2031,2032
57.34357705579791,2043,2033
57.347483560127614,2048,2042
57.35139006445733,2027,2030
57.35529656878703,2068,2058
57.359203073116745,2012,2009
57.36310957744645,2011,2018
57.367016081776164,1973,1976
57.37092258610587,1962,1972
57.37482909043558,1981,1988
57.37873559476529,1980,1975
57.382642099095,1975,1969
57.38654860342471,1976,1980
57.39045510775441,1974,1977
57.394361612084126,2003,2005
57.39826811641383,2034,2036
57.402174620743544,2063,2058
57.40608112507325,2078,2076
57.40998762940296,2135,2117
57.41389413373267,2115,2102
57.41780063806238,2116,2114
57.42170714239209,2094,2081
57.42561364672179,2108,2107
57.429520151051506,2117,2111
57.43342665538121,2096,2089
57.437333159710924,2065,2060
57.44123966404063,2041,2043
57.44514616837034,2023,2023
57.44905267270005,2024,2027
57.45295917702976,2034,2042
57.45686568135947,2025,2020
57.46077218568918,1991,2003
57.464678690018886,2000,2009
57.46858519434859,1974,1982
57.472491698678304,1960,1973
57.47639820300801,1956,1963
57.48030470733772,1950,1960
57.48421121166743,1940,1953
57.48811771599714,1986,1991
57.49202422032685,1975,1977
57.49593072465656,2007,2008
57.499837228986266,2057,2062
57.50374373331598,2081,2086
57.507650237645684,2118,2109
57.51155674197539,2121,2119
57.5154632463051,2120,2113
57.51936975063481,2150,2149
57.52327625496452,2138,2131
57.52718275929423,2142,2125
57.53108926362394,2122,2117
57.534995767953646,2098,2100
57.53890227228336,2086,2075
57.542808776613064,2076,2079
57.54671528094278,2072,2075
57.55062178527248,2076,2076
57.55452828960219,2059,2058
57.5584347939319,2051,2054
57.56234129826161,2053,2055
57.56624780259132,2009,2021
57.570154306921026,1990,1998
57.57406081125074,1998,2004
57.577967315580445,1997,2009
57.58187381991016,1997,2000
57.58578032423986,1987,1988
57.589686828569576,1967,1982
57.59359333289928,2009,2013
57.59749983722899,2020,2018
57.6014063415587,2059,2059
57.605312845888406,2101,2082
57.60921935021812,2133,2125
57.613125854547825,2123,2123
57.61703235887754,2120,2124
57.62093886320724,2129,2123
57.624845367536956,2138,2126
57.62875187186666,2105,2101
57.632658376196375,2107,2106
57.63656488052608,2106,2108
57.640471384855786,2095,2085
57.6443778891855,2039,2033
57.648284393515205,2043,2045
57.65219089784492,2051,2052
57.65609740217462,2037,2036
57.660003906504336,2023,2028
57.66391041083404,2025,2025
57.667816915163755,1983,1995
57.67172341949346,1976,1981
57.67562992382317,1982,1991
57.67953642815288,1992,1994
57.683442932482585,2029,2034
57.6873494368123,1997,2007
57.691255941142,1991,1993
57.695162445471716,2015,2029
57.69906894980142,2066,2068
57.702975454131135,2078,2082
57.70688195846084,2109,2110
57.71078846279055,2153,2151
57.71469496712026,2140,2130
57.71860147144997,2128,2123
57.72250797577968,2132,2119
57.72641448010938,2116,2113
57.730320984439096,2110,2112
57.7342274887688,2100,2088
57.738133993098515,2089,2081
57.74204049742822,2048,2058
57.74594700175793,2043,2047
57.74985350608764,2029,2027
57.75376001041735,2053,2044
57.75766651474706,2041,2040
57.76157301907677,2006,2007
57.765479523406476,1975,1976
57.76938602773618,1976,1993
57.773292532065895,1964,1980
57.7771990363956,1964,1974
57.781105540725314,1963,1977
57.78501204505502,1962,1969
57.78891854938473,1959,1965
57.79282505371444,1958,1972
57.79673155804415,2006,2005
57.80063806237386,2038,2041
57.80454456670357,2049,2049
57.808451071033275,2070,2074
57.81235757536298,2101,2087
57.816264079692694,2095,2088
57.8201705840224,2122,2105
57.82407708835211,2096,2085
57.82798359268182,2103,2092
57.83189009701153,2083,2081
57.83579660134124,2092,2101
57.83970310567095,2066,2068
57.843609610000655,2042,2030
57.84751611433037,2039,2038
57.851422618660074,2058,2054
57.85532912298978,2042,2028
57.85923562731949,2027,2034
57.8631421316492,2028,2037
57.86704863597891,1992,1996
57.87095514030862,1966,1972
57.87486164463833,1977,1988
57.878768148968035,1979,1982
57.88267465329775,1986,1979
57.886581157627454,1972,1995
57.89048766195717,1987,1991
57.89439416628687,2006,2001
57.89830067061658,2010,2013
57.90220717494629,2052,2061
57.906113679276,2092,2078
57.91002018360571,2105,2110
57.913926687935415,2123,2115
57.91783319226513,2122,2118
57.921739696594834,2110,2095
57.92564620092455,2098,2091
57.92955270525425,2110,2102
57.933459209583965,2085,2088
57.93736571391367,2063,2065
57.94127221824338,2026,2016
57.94517872257309,2028,2024
57.949085226902795,2022,2024
57.95299173123251,2038,2044
57.956898235562214,2026,2021
57.96080473989193,2028,2017
57.96471124422163,2000,1998
57.968617748551345,1946,1941
57.97252425288105,1961,1967
57.976430757210764,1952,1959
57.98033726154047,1996,2002
57.984243765870175,1982,1997
57.98815027019989,1974,1983
57.992056774529594,1979,1996
57.99596327885931,2005,2013
57.99986978318901,2029,2034
58.003776287518725,2075,2067
58.00768279184843,2095,2096
58.011589296178144,2124,2124
58.01549580050785,2113,2102
58.01940230483756,2141,2143
58.02330880916727,2147,2139
58.027215313496974,2141,2134
58.03112181782669,2143,2122
58.03502832215639,2118,2126
58.038934826486106,2080,2085
58.04284133081581,2086,2078
58.046747835145524,2070,2074
58.05065433947523,2087,2085
58.05456084380494,2062,2059
58.05846734813465,2050,2053
58.062373852464354,2017,2017
58.06628035679407,2008,2003
58.07018686112377,2002,2004
58.074093365453486,2011,2014
58.07799986978319,2004,2015
58.081906374112904,1954,1971
58.08581287844261,1986,1992
58.08971938277232,1995,2001
58.09362588710203,1989,2003
58.09753239143174,2031,2026
58.10143889576145,2084,2085
58.10534540009115,2109,2104
58.109251904420866,2116,2116
58.11315840875057,2125,2101
58.117064913080284,2120,2100
58.12097141740999,2122,2111
58.1248779217397,2121,2099
58.12878442606941,2119,2118
58.13269093039912,2104,2094
58.13659743472883,2077,2078
58.14050393905854,2067,2067
58.144410443388246,2059,2065
58.14831694771795,2054,2050
58.152223452047664,2037,2038
58.15612995637737,2063,2059
58.16003646070708,2035,2033
58.16394296503679,2020,2017
58.1678494693665,1981,1994
58.17175597369621,1973,1976
58.17566247802592,1990,1997
58.179568982355626,2003,2009
58.18347548668534,2013,2008
58.187381991015044,2004,2014
58.19128849534475,1982,1985
58.19519499967446,2032,2038
58.19910150400417,2075,2073
58.20300800833388,2091,2091
58.20691451266359,2119,2110
58.2108210169933,2128,2133
58.214727521323006,2120,2110
58.21863402565272,2135,2132
58.222540529982425,2125,2108
58.22644703431214,2173,2157
58.23035353864184,2125,2116
58.23426004297155,2124,2118
58.23816654730126,2073,2070
58.24207305163097,2060,2057
58.24597955596068,2040,2035
58.249886060290386,2058,2054
58.2537925646201,2048,2035
58.257699068949805,2025,2026
58.26160557327952,1998,1996
58.26551207760922,1997,2009
58.269418581938936,1977,1978
58.27332508626864,1950,1966
58.27723159059835,1953,1968
58.28113809492806,1957,1968
58.285044599257766,1966,1972
58.28895110358748,1938,1950
58.292857607917185,1969,1965
58.2967641122469,2006,2017
58.3006706165766,2053,2056
58.304577120906316,2064,2068
58.30848362523602,2070,2062
58.312390129565735,2113,2099
58.31629663389544,2093,2091
58.320203138225146,2103,2095
58.32410964255486,2087,2091
58.328016146884565,2107,2094
58.33192265121428,2102,2100
58.33582915554398,2078,2070
58.339735659873696,2054,2050
58.3436421642034,2048,2053
58.347548668533115,2029,2027
58.35145517286282,2046,2054
58.35536167719253,2048,2055
58.35926818152224,2049,2046
58.363174685851945,1977,1986
58.36708119018166,1991,1997
58.37098769451136,1987,1990
58.374894198841076,1972,1978
58.37880070317078,1990,1992
58.382707207500495,1976,1985
58.3866137118302,1957,1965
58.39052021615991,1972,1983
58.39442672048962,1985,1997
58.39833322481933,2033,2029
58.40223972914904,2063,2063
58.406146233478744,2094,2095
58.410052737808456,2102,2084
58.41395924213816,2102,2098
58.417865746467875,2087,2091
58.42177225079758,2106,2092
58.425678755127294,2106,2108
58.429585259457,2114,2105
58.43349176378671,2097,2096
58.43739826811642,2065,2058
58.44130477244613,2023,2020
58.44521127677584,2031,2022
58.44911778110554,2029,2029
58.453024285435255,2042,2038
58.45693078976496,2024,2022
58.460837294094674,2003,1997
58.46474379842438,1984,1992
58.46865030275409,1975,1973
58.4725568070838,1971,1978
58.47646331141351,1964,1973
58.48036981574322,1958,1969
58.48427632007293,1965,1982
58.488182824402635,1971,1980
58.49208932873234,1985,1995
58.495995833062054,2032,2036
58.49990233739176,2050,2050
58.50380884172147,2062,2058
58.50771534605118,2115,2099
58.51162185038089,2133,2131
58.5155283547106,2137,2125
58.51943485904031,2109,2091
58.523341363370015,2143,2126
58.52724786769973,2140,2130
58.531154372029434,2126,2115
58.53506087635914,2125,2109
58.53896738068885,2072,2069
58.54287388501856,2087,2091
58.54678038934827,2052,2057
58.55068689367798,2072,2082
58.55459339800769,2050,2057
58.558499902337395,2032,2036
58.56240640666711,2045,2045
58.566312910996814,1993,1995
58.57021941532653,1986,1989
58.57412591965623,1986,1995
58.57803242398594,1991,2006
58.58193892831565,1994,2001
58.58584543264536,1980,1984
58.58975193697507,1993,2001
58.593658441304775,2009,2011
58.59756494563449,2012,2020
58.601471449964194,2066,2055
58.60537795429391,2113,2102
58.60928445862361,2138,2118
58.613190962953325,2126,2119
58.61709746728303,2127,2108
58.62100397161274,2096,2086
58.62491047594245,2114,2101
58.628816980272155,2132,2120
58.63272348460187,2095,2096
58.636629988931574,2086,2081
58.64053649326129,2081,2085
58.64444299759099,2040,2030
58.648349501920706,2047,2049
58.65225600625041,2071,2063
58.656162510580124,2059,2059
58.66006901490983,2034,2032
58.663975519239536,2007,2009
58.66788202356925,2010,2012
58.671788527898954,1963,1976
58.67569503222867,1996,1999
58.67960153655837,1998,1989
58.683508040888086,1976,1975
58.68741454521779,2014,2017
58.691321049547504,1992,1993
58.69522755387721,2028,2024
58.699134058206916,2044,2043
58.70304056253663,2102,2105
58.706947066866334,2125,2118
58.71085357119605,2119,2119
58.71476007552575,2115,2107
58.718666579855466,2142,2138
58.72257308418517,2137,2130
58.726479588514884,2130,2117
58.73038609284459,2126,2116
58.7342925971743,2111,2113
58.73819910150401,2106,2096
58.742105605833714,2045,2042
58.74601211016343,2048,2050
58.74991861449313,2048,2050
58.753825118822846,2031,2025
58.75773162315255,2021,2015
58.761638127482264,1999,2005
58.76554463181197,1988,1991
58.76945113614168,1935,1934
58.77335764047139,1970,1976
58.7772641448011,1965,1977
58.78117064913081,1966,1973
58.78507715346051,1962,1975
58.788983657790226,1958,1974
58.79289016211993,1971,1982
58.796796666449644,1971,1980
58.80070317077935,2047,2045
58.80460967510906,2090,2087
58.80851617943877,2083,2076
58.81242268376848,2086,2086
58.81632918809819,2109,2103
58.8202356924279,2098,2086
58.824142196757606,2108,2116
58.82804870108731,2117,2113
58.831955205417025,2101,2103
58.83586170974673,2074,2072
58.83976821407644,2057,2059
58.84367471840615,2058,2055
58.84758122273586,2038,2026
58.85148772706557,2052,2056
58.85539423139528,2052,2048
58.859300735724986,2039,2037
58.8632072400547,2023,2012
58.867113744384405,1988,1996
58.87102024871411,1969,1975
58.87492675304382,1978,1991
58.87883325737353,1986,1998
58.88273976170324,2004,2003
58.88664626603295,1977,1966
58.89055277036266,1952,1968
58.894459274692366,1997,1996
58.89836577902208,2035,2045
58.902272283351785,2070,2064
58.9061787876815,2083,2081
58.9100852920112,2121,2102
58.91399179634091,2088,2079
58.91789830067062,2098,2091
58.92180480500033,2099,2103
58.92571130933004,2088,2081
58.929617813659746,2103,2101
58.93352431798946,2102,2090
58.937430822319165,2055,2056
58.94133732664888,2047,2048
58.94524383097858,2041,2043
58.949150335308296,2026,2027
58.953056839638,2052,2050
58.95696334396771,2021,2028
58.96086984829742,1999,2006
58.964776352627126,1968,1979
58.96868285695684,1986,1996
58.972589361286545,1965,1986
58.97649586561626,1939,1944
58.98040236994596,1971,1977
58.984308874275676,1964,1982
58.98821537860538,1975,1978
58.992121882935095,1980,1989
58.9960283872648,1994,1998
58.999934891594506,2065,2069
59.00384139592422,2082,2079
59.007747900253925,2099,2093
59.01165440458364,2123,2108
59.01556090891334,2115,2106
59.019467413243056,2097,2098
59.02337391757276,2126,2124
59.027280421902475,2135,2120
59.03118692623218,2136,2130
59.03509343056189,2117,2102
59.0389999348916,2084,2075
59.042906439221305,2085,2076
59.04681294355102,2054,2044
59.050719447880724,2078,2066
59.054625952210436,2070,2063
59.05853245654014,2069,2069
59.062438960869855,2048,2050
59.06634546519956,2009,2004
59.070251969529274,1998,2007
59.07415847385898,1985,1988
59.07806497818869,1987,1997
59.0819714825184,1976,1987
59.085877986848104,1983,1984
59.08978449117782,1994,2012
59.09369099550752,1996,2001
59.097597499837235,2034,2044
59.10150400416694,2072,2077
59.105410508496654,2113,2111
59.10931701282636,2125,2113
59.11322351715607,2124,2118
59.11713002148578,2084,2076
59.12103652581549,2122,2120
59.1249430301452,2100,2096
59.1288495344749,2138,2129
59.132756038804615,2098,2100
59.13666254313432,2106,2096
59.140569047464034,2067,2074
59.14447555179374,2036,2037
59.14838205612345,2050,2058
59.15228856045316,2046,2049
59.15619506478287,2021,2023
59.16010156911258,2045,2046
59.16400807344229,2015,2022
59.167914577771995,1995,1992
59.1718210821017,1994,1994
59.175727586431414,1988,2000
59.17963409076112,1997,1997
59.18354059509083,1972,1979
59.18744709942054,1982,1991
59.19135360375025,1993,1988
59.19526010807996,2043,2044
59.19916661240967,2043,2044
59.203073116739375,2097,2089
59.20697962106909,2132,2130
59.210886125398794,2142,2138
59.2147926297285,2155,2157
59.21869913405821,2129,2118
59.22260563838792,2134,2117
59.22651214271763,2148,2137
59.23041864704734,2126,2117
59.23432515137705,2114,2110
59.238231655706755,2089,2084
59.24213816003647,2049,2052
59.246044664366174,2024,2033
59.24995116869589,2046,2052
59.25385767302559,2045,2034
59.2577641773553,2049,2044
59.26167068168501,1996,1999
59.26557718601472,1992,2001
59.26948369034443,1985,1996
59.273390194674136,1948,1964
59.27729669900385,1938,1941
59.281203203333554,1977,1985
59.28510970766327,1947,1954
59.28901621199297,1979,1986
59.292922716322686,1958,1971
59.29682922065239,2003,2006
59.3007357249821,2047,2046
59.30464222931181,2083,2069
59.308548733641516,2094,2089
59.31245523797123,2111,2113
59.316361742300934,2110,2113
59.32026824663065,2102,2093
59.32417475096035,2126,2117
59.328081255290066,2127,2130
59.33198775961977,2079,2068
59.33589426394948,2068,2068
59.33980076827919,2052,2046
59.343707272608896,2062,2062
59.34761377693861,2039,2044
59.351520281268314,2036,2045
59.35542678559803,2034,2035
59.35933328992773,2034,2035
59.363239794257446,2010,2010
59.36714629858715,1992,1990
59.371052802916864,1987,1995
59.37495930724657,1977,1984
59.378865811576276,1979,1982
59.38277231590599,1958,1973
59.386678820235694,1963,1957
59.39058532456541,1972,1987
59.39449182889511,1995,2009
59.398398333224826,2022,2026
59.40230483755453,2062,2060
59.406211341884244,2096,2078
59.41011784621395,2108,2101
59.41402435054366,2105,2100
59.41793085487337,2104,2102
59.421837359203074,2117,2111
59.42574386353279,2104,2095
59.42965036786249,2083,2080
59.433556872192206,2094,2088
59.43746337652191,2048,2045
59.441369880851624,2055,2052
59.44527638518133,2020,2009
59.44918288951104,2013,2010
59.45308939384075,2003,2009
59.45699589817046,2007,2014
59.46090240250017,2014,2013
59.46480890682987,1989,1993
59.468715411159586,1953,1953
59.47262191548929,1972,1970
59.476528419819005,1964,1970
59.48043492414871,1970,1982
59.48434142847842,1962,1972
59.48824793280813,1968,1962
59.49215443713784,1994,1993
59.49606094146755,2014,2024
59.49996744579726,2036,2043
59.503873950126966,2080,2080
59.50778045445667,2130,2120
59.511686958786385,2127,2135
59.51559346311609,2122,2121
59.5194999674458,2123,2106
59.52340647177551,2154,2141
59.52731297610522,2128,2118
59.53121948043493,2136,2133
59.53512598476464,2106,2110
59.539032489094346,2095,2083
59.54293899342406,2080,2072
59.546845497753765,2063,2057
59.55075200208347,2043,2039
59.55465850641318,2066,2059
59.55856501074289,2065,2064
59.5624715150726,2028,2033
59.56637801940231,2006,2005
59.57028452373202,1996,2004
59.574191028061726,1984,1994
59.57809753239144,1986,1993
59.582004036721145,2010,2008
59.58591054105086,1979,1994
59.58981704538056,1997,1994
59.59372354971027,2006,2012
59.59763005403998,2055,2054
59.60153655836969,2076,2083
59.6054430626994,2085,2084
59.609349567029106,2093,2085
59.61325607135882,2128,2122
59.617162575688525,2110,2108
59.62106908001824,2126,2115
59.62497558434794,2111,2100
59.628882088677656,2137,2136
59.63278859300736,2098,2089
59.63669509733707,2102,2095
59.64060160166678,2067,2067
59.644508105996486,2048,2047
59.6484146103262,2062,2050
59.652321114655905,2068,2066
59.65622761898562,2031,2029
59.66013412331532,2028,2036
59.664040627645036,2027,2025
59.66794713197474,1987,1990
59.671853636304455,1999,2001
59.67576014063416,1980,1979
59.679666644963866,1993,2003
59.68357314929358,1980,1986
59.687479653623285,1981,1981
59.691386157953,1975,1984
59.695292662282704,2035,2035
59.699199166612416,2036,2037
59.70310567094212,2096,2090
59.707012175271835,2093,2094
59.71091867960154,2143,2124
59.714825183931254,2134,2123
59.71873168826096,2132,2120
59.722638192590665,2131,2118
59.72654469692038,2130,2116
59.730451201250084,2109,2116
59.7343577055798,2099,2089
59.7382642099095,2080,2073
59.742170714239215,2054,2040
59.74607721856892,2058,2054
59.749983722898634,2048,2046
59.75389022722834,2051,2050
59.75779673155805,2048,2054
59.76170323588776,2002,2006
59.765609740217464,1987,1985
59.76951624454718,1962,1975
59.77342274887688,1958,1968
59.777329253206595,1980,1991
59.7812357575363,1943,1951
59.785142261866014,1973,1980
59.78904876619572,1965,1970
59.79295527052543,1963,1969
59.79686177485514,1986,1991
59.80076827918485,2048,2040
59.80467478351456,2088,2075
59.80858128784426,2085,2077
59.812487792173975,2089,2074
59.81639429650368,2094,2080
59.820300800833394,2113,2109
59.8242073051631,2074,2067
59.82811380949281,2102,2100
59.83202031382252,2094,2088
59.83592681815223,2081,2080
59.83983332248194,2061,2051
59.84373982681165,2036,2046
59.847646331141355,2021,2013
59.85155283547106,2015,2019
59.855459339800774,2043,2048
59.85936584413048,2022,2024
59.86327234846019,2012,2022
59.8671788527899,1984,1986
59.87108535711961,1977,1989
59.87499186144932,1993,1998
59.87889836577903,1969,1979
59.882804870108735,1959,1972
59.88671137443845,1975,1983
59.890617878768154,1989,1997
59.89452438309786,2014,2019
59.89843088742757,2014,2026
59.90233739175728,2078,2076
59.90624389608699,2100,2099
59.9101504004167,2110,2106
59.91405690474641,2107,2109
59.917963409076116,2117,2107
59.92186991340583,2091,2091
59.925776417735534,2100,2105
59.92968292206524,2100,2087
59.93358942639495,2075,2078
59.93749593072466,2078,2074
59.94140243505437,2045,2048
59.94530893938408,2029,2026
59.94921544371379,2039,2048
59.953121948043496,2035,2034
59.95702845237321,2035,2035
59.960934956702914,2004,2013
59.96484146103263,1991,2010
59.96874796536233,1965,1982
59.97265446969204,1949,1978
59.97656097402175,1955,1979
59.98046747835146,1955,1961
59.98437398268117,1957,1973
59.988280487010876,1948,1951
59.99218699134059,1970,1978
59.996093495670294,1973,1994
60.0,2035,2024
